acasxu,vnncomp2023_benchmarks/benchmarks/acasxu/onnx/ACASXU_run2a_1_1_batch_2000.onnx,vnncomp2023_benchmarks/benchmarks/acasxu/vnnlib/prop_1.vnnlib,24.691869964,unsat,8.190441654
acasxu,vnncomp2023_benchmarks/benchmarks/acasxu/onnx/ACASXU_run2a_1_2_batch_2000.onnx,vnncomp2023_benchmarks/benchmarks/acasxu/vnnlib/prop_1.vnnlib,24.522290926,unsat,8.123568531
acasxu,vnncomp2023_benchmarks/benchmarks/acasxu/onnx/ACASXU_run2a_1_3_batch_2000.onnx,vnncomp2023_benchmarks/benchmarks/acasxu/vnnlib/prop_1.vnnlib,24.695779495,unsat,8.188274490
acasxu,vnncomp2023_benchmarks/benchmarks/acasxu/onnx/ACASXU_run2a_1_4_batch_2000.onnx,vnncomp2023_benchmarks/benchmarks/acasxu/vnnlib/prop_1.vnnlib,24.607251260,unsat,8.176151857
acasxu,vnncomp2023_benchmarks/benchmarks/acasxu/onnx/ACASXU_run2a_1_5_batch_2000.onnx,vnncomp2023_benchmarks/benchmarks/acasxu/vnnlib/prop_1.vnnlib,24.691802502,unsat,8.083554094
acasxu,vnncomp2023_benchmarks/benchmarks/acasxu/onnx/ACASXU_run2a_1_6_batch_2000.onnx,vnncomp2023_benchmarks/benchmarks/acasxu/vnnlib/prop_1.vnnlib,24.592156823,unsat,8.145165202
acasxu,vnncomp2023_benchmarks/benchmarks/acasxu/onnx/ACASXU_run2a_1_7_batch_2000.onnx,vnncomp2023_benchmarks/benchmarks/acasxu/vnnlib/prop_1.vnnlib,24.364007760,unsat,8.013742704
acasxu,vnncomp2023_benchmarks/benchmarks/acasxu/onnx/ACASXU_run2a_1_8_batch_2000.onnx,vnncomp2023_benchmarks/benchmarks/acasxu/vnnlib/prop_1.vnnlib,24.660892074,unsat,7.936347151
acasxu,vnncomp2023_benchmarks/benchmarks/acasxu/onnx/ACASXU_run2a_1_9_batch_2000.onnx,vnncomp2023_benchmarks/benchmarks/acasxu/vnnlib/prop_1.vnnlib,24.632293190,unsat,7.863622573
acasxu,vnncomp2023_benchmarks/benchmarks/acasxu/onnx/ACASXU_run2a_2_1_batch_2000.onnx,vnncomp2023_benchmarks/benchmarks/acasxu/vnnlib/prop_1.vnnlib,24.613082230,unsat,8.150953816
acasxu,vnncomp2023_benchmarks/benchmarks/acasxu/onnx/ACASXU_run2a_2_2_batch_2000.onnx,vnncomp2023_benchmarks/benchmarks/acasxu/vnnlib/prop_1.vnnlib,24.282408893,unsat,8.275503118
acasxu,vnncomp2023_benchmarks/benchmarks/acasxu/onnx/ACASXU_run2a_2_3_batch_2000.onnx,vnncomp2023_benchmarks/benchmarks/acasxu/vnnlib/prop_1.vnnlib,24.673840259,unsat,8.147687024
acasxu,vnncomp2023_benchmarks/benchmarks/acasxu/onnx/ACASXU_run2a_2_4_batch_2000.onnx,vnncomp2023_benchmarks/benchmarks/acasxu/vnnlib/prop_1.vnnlib,24.587599269,unsat,8.179212524
acasxu,vnncomp2023_benchmarks/benchmarks/acasxu/onnx/ACASXU_run2a_2_5_batch_2000.onnx,vnncomp2023_benchmarks/benchmarks/acasxu/vnnlib/prop_1.vnnlib,24.668639329,unsat,8.514681162
acasxu,vnncomp2023_benchmarks/benchmarks/acasxu/onnx/ACASXU_run2a_2_6_batch_2000.onnx,vnncomp2023_benchmarks/benchmarks/acasxu/vnnlib/prop_1.vnnlib,24.351790376,unsat,8.329819941
acasxu,vnncomp2023_benchmarks/benchmarks/acasxu/onnx/ACASXU_run2a_2_7_batch_2000.onnx,vnncomp2023_benchmarks/benchmarks/acasxu/vnnlib/prop_1.vnnlib,24.594516054,unsat,8.681384721
acasxu,vnncomp2023_benchmarks/benchmarks/acasxu/onnx/ACASXU_run2a_2_8_batch_2000.onnx,vnncomp2023_benchmarks/benchmarks/acasxu/vnnlib/prop_1.vnnlib,24.567751347,unsat,8.757202992
acasxu,vnncomp2023_benchmarks/benchmarks/acasxu/onnx/ACASXU_run2a_2_9_batch_2000.onnx,vnncomp2023_benchmarks/benchmarks/acasxu/vnnlib/prop_1.vnnlib,24.247802008,unsat,8.888464197
acasxu,vnncomp2023_benchmarks/benchmarks/acasxu/onnx/ACASXU_run2a_3_1_batch_2000.onnx,vnncomp2023_benchmarks/benchmarks/acasxu/vnnlib/prop_1.vnnlib,24.647163766,unsat,8.157885051
acasxu,vnncomp2023_benchmarks/benchmarks/acasxu/onnx/ACASXU_run2a_3_2_batch_2000.onnx,vnncomp2023_benchmarks/benchmarks/acasxu/vnnlib/prop_1.vnnlib,24.312237817,unsat,8.212266965
acasxu,vnncomp2023_benchmarks/benchmarks/acasxu/onnx/ACASXU_run2a_3_3_batch_2000.onnx,vnncomp2023_benchmarks/benchmarks/acasxu/vnnlib/prop_1.vnnlib,24.642211447,unsat,8.109876646
acasxu,vnncomp2023_benchmarks/benchmarks/acasxu/onnx/ACASXU_run2a_3_4_batch_2000.onnx,vnncomp2023_benchmarks/benchmarks/acasxu/vnnlib/prop_1.vnnlib,24.691810012,unsat,8.173816821
acasxu,vnncomp2023_benchmarks/benchmarks/acasxu/onnx/ACASXU_run2a_3_5_batch_2000.onnx,vnncomp2023_benchmarks/benchmarks/acasxu/vnnlib/prop_1.vnnlib,24.534300408,unsat,8.319667038
acasxu,vnncomp2023_benchmarks/benchmarks/acasxu/onnx/ACASXU_run2a_3_6_batch_2000.onnx,vnncomp2023_benchmarks/benchmarks/acasxu/vnnlib/prop_1.vnnlib,24.280288856,unsat,8.468105303
acasxu,vnncomp2023_benchmarks/benchmarks/acasxu/onnx/ACASXU_run2a_3_7_batch_2000.onnx,vnncomp2023_benchmarks/benchmarks/acasxu/vnnlib/prop_1.vnnlib,24.254023749,unsat,8.553561545
acasxu,vnncomp2023_benchmarks/benchmarks/acasxu/onnx/ACASXU_run2a_3_8_batch_2000.onnx,vnncomp2023_benchmarks/benchmarks/acasxu/vnnlib/prop_1.vnnlib,24.666797072,unsat,8.558434037
acasxu,vnncomp2023_benchmarks/benchmarks/acasxu/onnx/ACASXU_run2a_3_9_batch_2000.onnx,vnncomp2023_benchmarks/benchmarks/acasxu/vnnlib/prop_1.vnnlib,24.576155624,unsat,9.317611713
acasxu,vnncomp2023_benchmarks/benchmarks/acasxu/onnx/ACASXU_run2a_4_1_batch_2000.onnx,vnncomp2023_benchmarks/benchmarks/acasxu/vnnlib/prop_1.vnnlib,24.587081559,unsat,8.311425509
acasxu,vnncomp2023_benchmarks/benchmarks/acasxu/onnx/ACASXU_run2a_4_2_batch_2000.onnx,vnncomp2023_benchmarks/benchmarks/acasxu/vnnlib/prop_1.vnnlib,24.261348773,unsat,8.093807338
acasxu,vnncomp2023_benchmarks/benchmarks/acasxu/onnx/ACASXU_run2a_4_3_batch_2000.onnx,vnncomp2023_benchmarks/benchmarks/acasxu/vnnlib/prop_1.vnnlib,24.542437057,unsat,8.185747711
acasxu,vnncomp2023_benchmarks/benchmarks/acasxu/onnx/ACASXU_run2a_4_4_batch_2000.onnx,vnncomp2023_benchmarks/benchmarks/acasxu/vnnlib/prop_1.vnnlib,24.556340499,unsat,8.154607703
acasxu,vnncomp2023_benchmarks/benchmarks/acasxu/onnx/ACASXU_run2a_4_5_batch_2000.onnx,vnncomp2023_benchmarks/benchmarks/acasxu/vnnlib/prop_1.vnnlib,24.241592026,unsat,8.269008220
acasxu,vnncomp2023_benchmarks/benchmarks/acasxu/onnx/ACASXU_run2a_4_6_batch_2000.onnx,vnncomp2023_benchmarks/benchmarks/acasxu/vnnlib/prop_1.vnnlib,24.305264181,unsat,8.716935558
acasxu,vnncomp2023_benchmarks/benchmarks/acasxu/onnx/ACASXU_run2a_4_7_batch_2000.onnx,vnncomp2023_benchmarks/benchmarks/acasxu/vnnlib/prop_1.vnnlib,24.608964360,unsat,8.930848184
acasxu,vnncomp2023_benchmarks/benchmarks/acasxu/onnx/ACASXU_run2a_4_8_batch_2000.onnx,vnncomp2023_benchmarks/benchmarks/acasxu/vnnlib/prop_1.vnnlib,24.359311890,unsat,8.762208816
acasxu,vnncomp2023_benchmarks/benchmarks/acasxu/onnx/ACASXU_run2a_4_9_batch_2000.onnx,vnncomp2023_benchmarks/benchmarks/acasxu/vnnlib/prop_1.vnnlib,24.584284680,unsat,9.028462942
acasxu,vnncomp2023_benchmarks/benchmarks/acasxu/onnx/ACASXU_run2a_5_1_batch_2000.onnx,vnncomp2023_benchmarks/benchmarks/acasxu/vnnlib/prop_1.vnnlib,24.590419831,unsat,8.152201978
acasxu,vnncomp2023_benchmarks/benchmarks/acasxu/onnx/ACASXU_run2a_5_2_batch_2000.onnx,vnncomp2023_benchmarks/benchmarks/acasxu/vnnlib/prop_1.vnnlib,24.603004927,unsat,8.173734215
acasxu,vnncomp2023_benchmarks/benchmarks/acasxu/onnx/ACASXU_run2a_5_3_batch_2000.onnx,vnncomp2023_benchmarks/benchmarks/acasxu/vnnlib/prop_1.vnnlib,24.649214737,unsat,8.186196386
acasxu,vnncomp2023_benchmarks/benchmarks/acasxu/onnx/ACASXU_run2a_5_4_batch_2000.onnx,vnncomp2023_benchmarks/benchmarks/acasxu/vnnlib/prop_1.vnnlib,24.646879169,unsat,8.151176483
acasxu,vnncomp2023_benchmarks/benchmarks/acasxu/onnx/ACASXU_run2a_5_5_batch_2000.onnx,vnncomp2023_benchmarks/benchmarks/acasxu/vnnlib/prop_1.vnnlib,24.682175148,unsat,8.334096261
acasxu,vnncomp2023_benchmarks/benchmarks/acasxu/onnx/ACASXU_run2a_5_6_batch_2000.onnx,vnncomp2023_benchmarks/benchmarks/acasxu/vnnlib/prop_1.vnnlib,24.617875315,unsat,8.518639677
acasxu,vnncomp2023_benchmarks/benchmarks/acasxu/onnx/ACASXU_run2a_5_7_batch_2000.onnx,vnncomp2023_benchmarks/benchmarks/acasxu/vnnlib/prop_1.vnnlib,24.300371366,unsat,8.537716300
acasxu,vnncomp2023_benchmarks/benchmarks/acasxu/onnx/ACASXU_run2a_5_8_batch_2000.onnx,vnncomp2023_benchmarks/benchmarks/acasxu/vnnlib/prop_1.vnnlib,24.276902940,unsat,8.841619930
acasxu,vnncomp2023_benchmarks/benchmarks/acasxu/onnx/ACASXU_run2a_5_9_batch_2000.onnx,vnncomp2023_benchmarks/benchmarks/acasxu/vnnlib/prop_1.vnnlib,24.296918245,unsat,8.580508760
acasxu,vnncomp2023_benchmarks/benchmarks/acasxu/onnx/ACASXU_run2a_1_1_batch_2000.onnx,vnncomp2023_benchmarks/benchmarks/acasxu/vnnlib/prop_2.vnnlib,24.477046819,unsat,10.244373187
acasxu,vnncomp2023_benchmarks/benchmarks/acasxu/onnx/ACASXU_run2a_1_2_batch_2000.onnx,vnncomp2023_benchmarks/benchmarks/acasxu/vnnlib/prop_2.vnnlib,22.655541365,sat,5.788826935
acasxu,vnncomp2023_benchmarks/benchmarks/acasxu/onnx/ACASXU_run2a_1_3_batch_2000.onnx,vnncomp2023_benchmarks/benchmarks/acasxu/vnnlib/prop_2.vnnlib,24.540426802,sat,7.681775374
acasxu,vnncomp2023_benchmarks/benchmarks/acasxu/onnx/ACASXU_run2a_1_4_batch_2000.onnx,vnncomp2023_benchmarks/benchmarks/acasxu/vnnlib/prop_2.vnnlib,22.616254200,sat,5.766320008
acasxu,vnncomp2023_benchmarks/benchmarks/acasxu/onnx/ACASXU_run2a_1_5_batch_2000.onnx,vnncomp2023_benchmarks/benchmarks/acasxu/vnnlib/prop_2.vnnlib,24.635369305,sat,12.764718018
acasxu,vnncomp2023_benchmarks/benchmarks/acasxu/onnx/ACASXU_run2a_1_6_batch_2000.onnx,vnncomp2023_benchmarks/benchmarks/acasxu/vnnlib/prop_2.vnnlib,24.476163188,sat,9.872900387
acasxu,vnncomp2023_benchmarks/benchmarks/acasxu/onnx/ACASXU_run2a_1_7_batch_2000.onnx,vnncomp2023_benchmarks/benchmarks/acasxu/vnnlib/prop_2.vnnlib,24.237515201,unsat,8.587674108
acasxu,vnncomp2023_benchmarks/benchmarks/acasxu/onnx/ACASXU_run2a_1_8_batch_2000.onnx,vnncomp2023_benchmarks/benchmarks/acasxu/vnnlib/prop_2.vnnlib,24.524694759,unsat,8.562428628
acasxu,vnncomp2023_benchmarks/benchmarks/acasxu/onnx/ACASXU_run2a_1_9_batch_2000.onnx,vnncomp2023_benchmarks/benchmarks/acasxu/vnnlib/prop_2.vnnlib,24.496270212,unsat,8.754743175
acasxu,vnncomp2023_benchmarks/benchmarks/acasxu/onnx/ACASXU_run2a_2_1_batch_2000.onnx,vnncomp2023_benchmarks/benchmarks/acasxu/vnnlib/prop_2.vnnlib,22.620457018,sat,5.764951368
acasxu,vnncomp2023_benchmarks/benchmarks/acasxu/onnx/ACASXU_run2a_2_2_batch_2000.onnx,vnncomp2023_benchmarks/benchmarks/acasxu/vnnlib/prop_2.vnnlib,22.653185157,sat,5.788774607
acasxu,vnncomp2023_benchmarks/benchmarks/acasxu/onnx/ACASXU_run2a_2_3_batch_2000.onnx,vnncomp2023_benchmarks/benchmarks/acasxu/vnnlib/prop_2.vnnlib,22.674319331,sat,5.752583769
acasxu,vnncomp2023_benchmarks/benchmarks/acasxu/onnx/ACASXU_run2a_2_4_batch_2000.onnx,vnncomp2023_benchmarks/benchmarks/acasxu/vnnlib/prop_2.vnnlib,22.688666258,sat,5.737394278
acasxu,vnncomp2023_benchmarks/benchmarks/acasxu/onnx/ACASXU_run2a_2_5_batch_2000.onnx,vnncomp2023_benchmarks/benchmarks/acasxu/vnnlib/prop_2.vnnlib,22.679332248,sat,5.784580960
acasxu,vnncomp2023_benchmarks/benchmarks/acasxu/onnx/ACASXU_run2a_2_6_batch_2000.onnx,vnncomp2023_benchmarks/benchmarks/acasxu/vnnlib/prop_2.vnnlib,22.718297109,sat,5.780084118
acasxu,vnncomp2023_benchmarks/benchmarks/acasxu/onnx/ACASXU_run2a_2_7_batch_2000.onnx,vnncomp2023_benchmarks/benchmarks/acasxu/vnnlib/prop_2.vnnlib,22.562912482,sat,5.763183800
acasxu,vnncomp2023_benchmarks/benchmarks/acasxu/onnx/ACASXU_run2a_2_8_batch_2000.onnx,vnncomp2023_benchmarks/benchmarks/acasxu/vnnlib/prop_2.vnnlib,22.732396965,sat,5.768012020
acasxu,vnncomp2023_benchmarks/benchmarks/acasxu/onnx/ACASXU_run2a_2_9_batch_2000.onnx,vnncomp2023_benchmarks/benchmarks/acasxu/vnnlib/prop_2.vnnlib,22.721645528,sat,5.771102770
acasxu,vnncomp2023_benchmarks/benchmarks/acasxu/onnx/ACASXU_run2a_3_1_batch_2000.onnx,vnncomp2023_benchmarks/benchmarks/acasxu/vnnlib/prop_2.vnnlib,22.597285333,sat,5.775651664
acasxu,vnncomp2023_benchmarks/benchmarks/acasxu/onnx/ACASXU_run2a_3_2_batch_2000.onnx,vnncomp2023_benchmarks/benchmarks/acasxu/vnnlib/prop_2.vnnlib,24.236263123,sat,7.336582355
acasxu,vnncomp2023_benchmarks/benchmarks/acasxu/onnx/ACASXU_run2a_3_3_batch_2000.onnx,vnncomp2023_benchmarks/benchmarks/acasxu/vnnlib/prop_2.vnnlib,24.534337427,unsat,64.747539984
acasxu,vnncomp2023_benchmarks/benchmarks/acasxu/onnx/ACASXU_run2a_3_4_batch_2000.onnx,vnncomp2023_benchmarks/benchmarks/acasxu/vnnlib/prop_2.vnnlib,22.826840519,sat,5.771832005
acasxu,vnncomp2023_benchmarks/benchmarks/acasxu/onnx/ACASXU_run2a_3_5_batch_2000.onnx,vnncomp2023_benchmarks/benchmarks/acasxu/vnnlib/prop_2.vnnlib,22.614480169,sat,5.792607114
acasxu,vnncomp2023_benchmarks/benchmarks/acasxu/onnx/ACASXU_run2a_3_6_batch_2000.onnx,vnncomp2023_benchmarks/benchmarks/acasxu/vnnlib/prop_2.vnnlib,22.688633958,sat,5.790902209
acasxu,vnncomp2023_benchmarks/benchmarks/acasxu/onnx/ACASXU_run2a_3_7_batch_2000.onnx,vnncomp2023_benchmarks/benchmarks/acasxu/vnnlib/prop_2.vnnlib,22.668853690,sat,5.781550266
acasxu,vnncomp2023_benchmarks/benchmarks/acasxu/onnx/ACASXU_run2a_3_8_batch_2000.onnx,vnncomp2023_benchmarks/benchmarks/acasxu/vnnlib/prop_2.vnnlib,22.697325653,sat,5.743437414
acasxu,vnncomp2023_benchmarks/benchmarks/acasxu/onnx/ACASXU_run2a_3_9_batch_2000.onnx,vnncomp2023_benchmarks/benchmarks/acasxu/vnnlib/prop_2.vnnlib,22.748736045,sat,5.780085976
acasxu,vnncomp2023_benchmarks/benchmarks/acasxu/onnx/ACASXU_run2a_4_1_batch_2000.onnx,vnncomp2023_benchmarks/benchmarks/acasxu/vnnlib/prop_2.vnnlib,22.642885887,sat,5.789762494
acasxu,vnncomp2023_benchmarks/benchmarks/acasxu/onnx/ACASXU_run2a_4_2_batch_2000.onnx,vnncomp2023_benchmarks/benchmarks/acasxu/vnnlib/prop_2.vnnlib,24.228730696,unsat,58.488507942
acasxu,vnncomp2023_benchmarks/benchmarks/acasxu/onnx/ACASXU_run2a_4_3_batch_2000.onnx,vnncomp2023_benchmarks/benchmarks/acasxu/vnnlib/prop_2.vnnlib,22.820832126,sat,5.739617695
acasxu,vnncomp2023_benchmarks/benchmarks/acasxu/onnx/ACASXU_run2a_4_4_batch_2000.onnx,vnncomp2023_benchmarks/benchmarks/acasxu/vnnlib/prop_2.vnnlib,22.733579715,sat,5.796227664
acasxu,vnncomp2023_benchmarks/benchmarks/acasxu/onnx/ACASXU_run2a_4_5_batch_2000.onnx,vnncomp2023_benchmarks/benchmarks/acasxu/vnnlib/prop_2.vnnlib,22.634067357,sat,5.788492938
acasxu,vnncomp2023_benchmarks/benchmarks/acasxu/onnx/ACASXU_run2a_4_6_batch_2000.onnx,vnncomp2023_benchmarks/benchmarks/acasxu/vnnlib/prop_2.vnnlib,22.710079980,sat,5.780878483
acasxu,vnncomp2023_benchmarks/benchmarks/acasxu/onnx/ACASXU_run2a_4_7_batch_2000.onnx,vnncomp2023_benchmarks/benchmarks/acasxu/vnnlib/prop_2.vnnlib,22.699729882,sat,5.740846568
acasxu,vnncomp2023_benchmarks/benchmarks/acasxu/onnx/ACASXU_run2a_4_8_batch_2000.onnx,vnncomp2023_benchmarks/benchmarks/acasxu/vnnlib/prop_2.vnnlib,22.670450434,sat,5.817050633
acasxu,vnncomp2023_benchmarks/benchmarks/acasxu/onnx/ACASXU_run2a_4_9_batch_2000.onnx,vnncomp2023_benchmarks/benchmarks/acasxu/vnnlib/prop_2.vnnlib,22.676013964,sat,5.794120904
acasxu,vnncomp2023_benchmarks/benchmarks/acasxu/onnx/ACASXU_run2a_5_1_batch_2000.onnx,vnncomp2023_benchmarks/benchmarks/acasxu/vnnlib/prop_2.vnnlib,22.617709351,sat,5.759185892
acasxu,vnncomp2023_benchmarks/benchmarks/acasxu/onnx/ACASXU_run2a_5_2_batch_2000.onnx,vnncomp2023_benchmarks/benchmarks/acasxu/vnnlib/prop_2.vnnlib,22.686898401,sat,5.784322712
acasxu,vnncomp2023_benchmarks/benchmarks/acasxu/onnx/ACASXU_run2a_5_3_batch_2000.onnx,vnncomp2023_benchmarks/benchmarks/acasxu/vnnlib/prop_2.vnnlib,24.533283821,sat,29.945839849
acasxu,vnncomp2023_benchmarks/benchmarks/acasxu/onnx/ACASXU_run2a_5_4_batch_2000.onnx,vnncomp2023_benchmarks/benchmarks/acasxu/vnnlib/prop_2.vnnlib,22.714661735,sat,5.724817393
acasxu,vnncomp2023_benchmarks/benchmarks/acasxu/onnx/ACASXU_run2a_5_5_batch_2000.onnx,vnncomp2023_benchmarks/benchmarks/acasxu/vnnlib/prop_2.vnnlib,22.661757264,sat,5.781262376
acasxu,vnncomp2023_benchmarks/benchmarks/acasxu/onnx/ACASXU_run2a_5_6_batch_2000.onnx,vnncomp2023_benchmarks/benchmarks/acasxu/vnnlib/prop_2.vnnlib,22.651086908,sat,5.784992394
acasxu,vnncomp2023_benchmarks/benchmarks/acasxu/onnx/ACASXU_run2a_5_7_batch_2000.onnx,vnncomp2023_benchmarks/benchmarks/acasxu/vnnlib/prop_2.vnnlib,22.684207646,sat,5.761225900
acasxu,vnncomp2023_benchmarks/benchmarks/acasxu/onnx/ACASXU_run2a_5_8_batch_2000.onnx,vnncomp2023_benchmarks/benchmarks/acasxu/vnnlib/prop_2.vnnlib,22.683626336,sat,5.783439105
acasxu,vnncomp2023_benchmarks/benchmarks/acasxu/onnx/ACASXU_run2a_5_9_batch_2000.onnx,vnncomp2023_benchmarks/benchmarks/acasxu/vnnlib/prop_2.vnnlib,22.665976706,sat,5.790537094
acasxu,vnncomp2023_benchmarks/benchmarks/acasxu/onnx/ACASXU_run2a_1_1_batch_2000.onnx,vnncomp2023_benchmarks/benchmarks/acasxu/vnnlib/prop_3.vnnlib,24.167109772,unsat,19.454628266
acasxu,vnncomp2023_benchmarks/benchmarks/acasxu/onnx/ACASXU_run2a_1_2_batch_2000.onnx,vnncomp2023_benchmarks/benchmarks/acasxu/vnnlib/prop_3.vnnlib,24.284206136,unsat,7.904914966
acasxu,vnncomp2023_benchmarks/benchmarks/acasxu/onnx/ACASXU_run2a_1_3_batch_2000.onnx,vnncomp2023_benchmarks/benchmarks/acasxu/vnnlib/prop_3.vnnlib,24.449429287,unsat,8.759754995
acasxu,vnncomp2023_benchmarks/benchmarks/acasxu/onnx/ACASXU_run2a_1_4_batch_2000.onnx,vnncomp2023_benchmarks/benchmarks/acasxu/vnnlib/prop_3.vnnlib,24.172748434,unsat,7.215798564
acasxu,vnncomp2023_benchmarks/benchmarks/acasxu/onnx/ACASXU_run2a_1_5_batch_2000.onnx,vnncomp2023_benchmarks/benchmarks/acasxu/vnnlib/prop_3.vnnlib,23.862192318,unsat,6.986125348
acasxu,vnncomp2023_benchmarks/benchmarks/acasxu/onnx/ACASXU_run2a_1_6_batch_2000.onnx,vnncomp2023_benchmarks/benchmarks/acasxu/vnnlib/prop_3.vnnlib,23.274315479,unsat,6.410858824
acasxu,vnncomp2023_benchmarks/benchmarks/acasxu/onnx/ACASXU_run2a_1_7_batch_2000.onnx,vnncomp2023_benchmarks/benchmarks/acasxu/vnnlib/prop_3.vnnlib,22.673384087,sat,5.783823480
acasxu,vnncomp2023_benchmarks/benchmarks/acasxu/onnx/ACASXU_run2a_1_8_batch_2000.onnx,vnncomp2023_benchmarks/benchmarks/acasxu/vnnlib/prop_3.vnnlib,22.677129974,sat,5.776337812
acasxu,vnncomp2023_benchmarks/benchmarks/acasxu/onnx/ACASXU_run2a_1_9_batch_2000.onnx,vnncomp2023_benchmarks/benchmarks/acasxu/vnnlib/prop_3.vnnlib,22.663127370,sat,5.801413656
acasxu,vnncomp2023_benchmarks/benchmarks/acasxu/onnx/ACASXU_run2a_2_1_batch_2000.onnx,vnncomp2023_benchmarks/benchmarks/acasxu/vnnlib/prop_3.vnnlib,24.531292023,unsat,8.127452184
acasxu,vnncomp2023_benchmarks/benchmarks/acasxu/onnx/ACASXU_run2a_2_2_batch_2000.onnx,vnncomp2023_benchmarks/benchmarks/acasxu/vnnlib/prop_3.vnnlib,24.501358540,unsat,8.010027020
acasxu,vnncomp2023_benchmarks/benchmarks/acasxu/onnx/ACASXU_run2a_2_3_batch_2000.onnx,vnncomp2023_benchmarks/benchmarks/acasxu/vnnlib/prop_3.vnnlib,24.514842636,unsat,7.839942974
acasxu,vnncomp2023_benchmarks/benchmarks/acasxu/onnx/ACASXU_run2a_2_4_batch_2000.onnx,vnncomp2023_benchmarks/benchmarks/acasxu/vnnlib/prop_3.vnnlib,23.275066606,unsat,6.348980316
acasxu,vnncomp2023_benchmarks/benchmarks/acasxu/onnx/ACASXU_run2a_2_5_batch_2000.onnx,vnncomp2023_benchmarks/benchmarks/acasxu/vnnlib/prop_3.vnnlib,24.205683391,unsat,7.256135637
acasxu,vnncomp2023_benchmarks/benchmarks/acasxu/onnx/ACASXU_run2a_2_6_batch_2000.onnx,vnncomp2023_benchmarks/benchmarks/acasxu/vnnlib/prop_3.vnnlib,23.322065950,unsat,6.376299235
acasxu,vnncomp2023_benchmarks/benchmarks/acasxu/onnx/ACASXU_run2a_2_7_batch_2000.onnx,vnncomp2023_benchmarks/benchmarks/acasxu/vnnlib/prop_3.vnnlib,23.294510150,unsat,6.361436244
acasxu,vnncomp2023_benchmarks/benchmarks/acasxu/onnx/ACASXU_run2a_2_8_batch_2000.onnx,vnncomp2023_benchmarks/benchmarks/acasxu/vnnlib/prop_3.vnnlib,23.324233684,unsat,6.373617583
acasxu,vnncomp2023_benchmarks/benchmarks/acasxu/onnx/ACASXU_run2a_2_9_batch_2000.onnx,vnncomp2023_benchmarks/benchmarks/acasxu/vnnlib/prop_3.vnnlib,23.293257622,unsat,6.389433936
acasxu,vnncomp2023_benchmarks/benchmarks/acasxu/onnx/ACASXU_run2a_3_1_batch_2000.onnx,vnncomp2023_benchmarks/benchmarks/acasxu/vnnlib/prop_3.vnnlib,24.092659081,unsat,7.247550700
acasxu,vnncomp2023_benchmarks/benchmarks/acasxu/onnx/ACASXU_run2a_3_2_batch_2000.onnx,vnncomp2023_benchmarks/benchmarks/acasxu/vnnlib/prop_3.vnnlib,24.045970314,unsat,7.356314361
acasxu,vnncomp2023_benchmarks/benchmarks/acasxu/onnx/ACASXU_run2a_3_3_batch_2000.onnx,vnncomp2023_benchmarks/benchmarks/acasxu/vnnlib/prop_3.vnnlib,24.070987619,unsat,7.257713176
acasxu,vnncomp2023_benchmarks/benchmarks/acasxu/onnx/ACASXU_run2a_3_4_batch_2000.onnx,vnncomp2023_benchmarks/benchmarks/acasxu/vnnlib/prop_3.vnnlib,24.493088708,unsat,7.714362374
acasxu,vnncomp2023_benchmarks/benchmarks/acasxu/onnx/ACASXU_run2a_3_5_batch_2000.onnx,vnncomp2023_benchmarks/benchmarks/acasxu/vnnlib/prop_3.vnnlib,23.839042737,unsat,6.967869738
acasxu,vnncomp2023_benchmarks/benchmarks/acasxu/onnx/ACASXU_run2a_3_6_batch_2000.onnx,vnncomp2023_benchmarks/benchmarks/acasxu/vnnlib/prop_3.vnnlib,24.119573626,unsat,7.297690870
acasxu,vnncomp2023_benchmarks/benchmarks/acasxu/onnx/ACASXU_run2a_3_7_batch_2000.onnx,vnncomp2023_benchmarks/benchmarks/acasxu/vnnlib/prop_3.vnnlib,23.283105661,unsat,6.354958537
acasxu,vnncomp2023_benchmarks/benchmarks/acasxu/onnx/ACASXU_run2a_3_8_batch_2000.onnx,vnncomp2023_benchmarks/benchmarks/acasxu/vnnlib/prop_3.vnnlib,23.855882010,unsat,6.917765585
acasxu,vnncomp2023_benchmarks/benchmarks/acasxu/onnx/ACASXU_run2a_3_9_batch_2000.onnx,vnncomp2023_benchmarks/benchmarks/acasxu/vnnlib/prop_3.vnnlib,23.878419931,unsat,7.042975716
acasxu,vnncomp2023_benchmarks/benchmarks/acasxu/onnx/ACASXU_run2a_4_1_batch_2000.onnx,vnncomp2023_benchmarks/benchmarks/acasxu/vnnlib/prop_3.vnnlib,23.741605206,unsat,7.822300754
acasxu,vnncomp2023_benchmarks/benchmarks/acasxu/onnx/ACASXU_run2a_4_2_batch_2000.onnx,vnncomp2023_benchmarks/benchmarks/acasxu/vnnlib/prop_3.vnnlib,24.069556429,unsat,7.892219050
acasxu,vnncomp2023_benchmarks/benchmarks/acasxu/onnx/ACASXU_run2a_4_3_batch_2000.onnx,vnncomp2023_benchmarks/benchmarks/acasxu/vnnlib/prop_3.vnnlib,24.516579445,unsat,8.273360239
acasxu,vnncomp2023_benchmarks/benchmarks/acasxu/onnx/ACASXU_run2a_4_4_batch_2000.onnx,vnncomp2023_benchmarks/benchmarks/acasxu/vnnlib/prop_3.vnnlib,24.053897674,unsat,7.233797221
acasxu,vnncomp2023_benchmarks/benchmarks/acasxu/onnx/ACASXU_run2a_4_5_batch_2000.onnx,vnncomp2023_benchmarks/benchmarks/acasxu/vnnlib/prop_3.vnnlib,23.546577552,unsat,6.683266797
acasxu,vnncomp2023_benchmarks/benchmarks/acasxu/onnx/ACASXU_run2a_4_6_batch_2000.onnx,vnncomp2023_benchmarks/benchmarks/acasxu/vnnlib/prop_3.vnnlib,24.126522907,unsat,7.257444770
acasxu,vnncomp2023_benchmarks/benchmarks/acasxu/onnx/ACASXU_run2a_4_7_batch_2000.onnx,vnncomp2023_benchmarks/benchmarks/acasxu/vnnlib/prop_3.vnnlib,24.129216640,unsat,7.218627488
acasxu,vnncomp2023_benchmarks/benchmarks/acasxu/onnx/ACASXU_run2a_4_8_batch_2000.onnx,vnncomp2023_benchmarks/benchmarks/acasxu/vnnlib/prop_3.vnnlib,23.342780951,unsat,6.353955578
acasxu,vnncomp2023_benchmarks/benchmarks/acasxu/onnx/ACASXU_run2a_4_9_batch_2000.onnx,vnncomp2023_benchmarks/benchmarks/acasxu/vnnlib/prop_3.vnnlib,24.564532134,unsat,7.675567297
acasxu,vnncomp2023_benchmarks/benchmarks/acasxu/onnx/ACASXU_run2a_5_1_batch_2000.onnx,vnncomp2023_benchmarks/benchmarks/acasxu/vnnlib/prop_3.vnnlib,24.148488549,unsat,8.300211928
acasxu,vnncomp2023_benchmarks/benchmarks/acasxu/onnx/ACASXU_run2a_5_2_batch_2000.onnx,vnncomp2023_benchmarks/benchmarks/acasxu/vnnlib/prop_3.vnnlib,24.037907920,unsat,7.731300640
acasxu,vnncomp2023_benchmarks/benchmarks/acasxu/onnx/ACASXU_run2a_5_3_batch_2000.onnx,vnncomp2023_benchmarks/benchmarks/acasxu/vnnlib/prop_3.vnnlib,24.148746996,unsat,7.215053121
acasxu,vnncomp2023_benchmarks/benchmarks/acasxu/onnx/ACASXU_run2a_5_4_batch_2000.onnx,vnncomp2023_benchmarks/benchmarks/acasxu/vnnlib/prop_3.vnnlib,24.125964787,unsat,7.178411442
acasxu,vnncomp2023_benchmarks/benchmarks/acasxu/onnx/ACASXU_run2a_5_5_batch_2000.onnx,vnncomp2023_benchmarks/benchmarks/acasxu/vnnlib/prop_3.vnnlib,24.096913633,unsat,7.262385185
acasxu,vnncomp2023_benchmarks/benchmarks/acasxu/onnx/ACASXU_run2a_5_6_batch_2000.onnx,vnncomp2023_benchmarks/benchmarks/acasxu/vnnlib/prop_3.vnnlib,23.858692427,unsat,6.972902213
acasxu,vnncomp2023_benchmarks/benchmarks/acasxu/onnx/ACASXU_run2a_5_7_batch_2000.onnx,vnncomp2023_benchmarks/benchmarks/acasxu/vnnlib/prop_3.vnnlib,23.511375080,unsat,6.668857062
acasxu,vnncomp2023_benchmarks/benchmarks/acasxu/onnx/ACASXU_run2a_5_8_batch_2000.onnx,vnncomp2023_benchmarks/benchmarks/acasxu/vnnlib/prop_3.vnnlib,23.915196769,unsat,6.941864860
acasxu,vnncomp2023_benchmarks/benchmarks/acasxu/onnx/ACASXU_run2a_5_9_batch_2000.onnx,vnncomp2023_benchmarks/benchmarks/acasxu/vnnlib/prop_3.vnnlib,24.174239477,unsat,7.261138560
acasxu,vnncomp2023_benchmarks/benchmarks/acasxu/onnx/ACASXU_run2a_1_1_batch_2000.onnx,vnncomp2023_benchmarks/benchmarks/acasxu/vnnlib/prop_4.vnnlib,24.133157231,unsat,9.044936607
acasxu,vnncomp2023_benchmarks/benchmarks/acasxu/onnx/ACASXU_run2a_1_2_batch_2000.onnx,vnncomp2023_benchmarks/benchmarks/acasxu/vnnlib/prop_4.vnnlib,24.087171916,unsat,8.326350292
acasxu,vnncomp2023_benchmarks/benchmarks/acasxu/onnx/ACASXU_run2a_1_3_batch_2000.onnx,vnncomp2023_benchmarks/benchmarks/acasxu/vnnlib/prop_4.vnnlib,24.050403754,unsat,7.804924875
acasxu,vnncomp2023_benchmarks/benchmarks/acasxu/onnx/ACASXU_run2a_1_4_batch_2000.onnx,vnncomp2023_benchmarks/benchmarks/acasxu/vnnlib/prop_4.vnnlib,24.211299250,unsat,7.268301587
acasxu,vnncomp2023_benchmarks/benchmarks/acasxu/onnx/ACASXU_run2a_1_5_batch_2000.onnx,vnncomp2023_benchmarks/benchmarks/acasxu/vnnlib/prop_4.vnnlib,23.935518323,unsat,7.044168094
acasxu,vnncomp2023_benchmarks/benchmarks/acasxu/onnx/ACASXU_run2a_1_6_batch_2000.onnx,vnncomp2023_benchmarks/benchmarks/acasxu/vnnlib/prop_4.vnnlib,23.760353485,unsat,6.954195773
acasxu,vnncomp2023_benchmarks/benchmarks/acasxu/onnx/ACASXU_run2a_1_7_batch_2000.onnx,vnncomp2023_benchmarks/benchmarks/acasxu/vnnlib/prop_4.vnnlib,22.666217327,sat,5.789562686
acasxu,vnncomp2023_benchmarks/benchmarks/acasxu/onnx/ACASXU_run2a_1_8_batch_2000.onnx,vnncomp2023_benchmarks/benchmarks/acasxu/vnnlib/prop_4.vnnlib,22.663751857,sat,5.779588245
acasxu,vnncomp2023_benchmarks/benchmarks/acasxu/onnx/ACASXU_run2a_1_9_batch_2000.onnx,vnncomp2023_benchmarks/benchmarks/acasxu/vnnlib/prop_4.vnnlib,22.746340598,sat,5.800433842
acasxu,vnncomp2023_benchmarks/benchmarks/acasxu/onnx/ACASXU_run2a_2_1_batch_2000.onnx,vnncomp2023_benchmarks/benchmarks/acasxu/vnnlib/prop_4.vnnlib,24.121434545,unsat,7.264132884
acasxu,vnncomp2023_benchmarks/benchmarks/acasxu/onnx/ACASXU_run2a_2_2_batch_2000.onnx,vnncomp2023_benchmarks/benchmarks/acasxu/vnnlib/prop_4.vnnlib,24.107430176,unsat,7.231800551
acasxu,vnncomp2023_benchmarks/benchmarks/acasxu/onnx/ACASXU_run2a_2_3_batch_2000.onnx,vnncomp2023_benchmarks/benchmarks/acasxu/vnnlib/prop_4.vnnlib,23.871581030,unsat,6.952755406
acasxu,vnncomp2023_benchmarks/benchmarks/acasxu/onnx/ACASXU_run2a_2_4_batch_2000.onnx,vnncomp2023_benchmarks/benchmarks/acasxu/vnnlib/prop_4.vnnlib,24.124984421,unsat,7.250645979
acasxu,vnncomp2023_benchmarks/benchmarks/acasxu/onnx/ACASXU_run2a_2_5_batch_2000.onnx,vnncomp2023_benchmarks/benchmarks/acasxu/vnnlib/prop_4.vnnlib,24.113876883,unsat,7.273828321
acasxu,vnncomp2023_benchmarks/benchmarks/acasxu/onnx/ACASXU_run2a_2_6_batch_2000.onnx,vnncomp2023_benchmarks/benchmarks/acasxu/vnnlib/prop_4.vnnlib,24.076045091,unsat,7.263713020
acasxu,vnncomp2023_benchmarks/benchmarks/acasxu/onnx/ACASXU_run2a_2_7_batch_2000.onnx,vnncomp2023_benchmarks/benchmarks/acasxu/vnnlib/prop_4.vnnlib,24.141789721,unsat,7.190973355
acasxu,vnncomp2023_benchmarks/benchmarks/acasxu/onnx/ACASXU_run2a_2_8_batch_2000.onnx,vnncomp2023_benchmarks/benchmarks/acasxu/vnnlib/prop_4.vnnlib,24.620237347,unsat,7.686514871
acasxu,vnncomp2023_benchmarks/benchmarks/acasxu/onnx/ACASXU_run2a_2_9_batch_2000.onnx,vnncomp2023_benchmarks/benchmarks/acasxu/vnnlib/prop_4.vnnlib,23.299530838,unsat,6.415987306
acasxu,vnncomp2023_benchmarks/benchmarks/acasxu/onnx/ACASXU_run2a_3_1_batch_2000.onnx,vnncomp2023_benchmarks/benchmarks/acasxu/vnnlib/prop_4.vnnlib,24.211784698,unsat,7.224774805
acasxu,vnncomp2023_benchmarks/benchmarks/acasxu/onnx/ACASXU_run2a_3_2_batch_2000.onnx,vnncomp2023_benchmarks/benchmarks/acasxu/vnnlib/prop_4.vnnlib,24.182785338,unsat,7.267131335
acasxu,vnncomp2023_benchmarks/benchmarks/acasxu/onnx/ACASXU_run2a_3_3_batch_2000.onnx,vnncomp2023_benchmarks/benchmarks/acasxu/vnnlib/prop_4.vnnlib,23.583129225,unsat,6.667674699
acasxu,vnncomp2023_benchmarks/benchmarks/acasxu/onnx/ACASXU_run2a_3_4_batch_2000.onnx,vnncomp2023_benchmarks/benchmarks/acasxu/vnnlib/prop_4.vnnlib,23.925125509,unsat,6.945305499
acasxu,vnncomp2023_benchmarks/benchmarks/acasxu/onnx/ACASXU_run2a_3_5_batch_2000.onnx,vnncomp2023_benchmarks/benchmarks/acasxu/vnnlib/prop_4.vnnlib,24.182310677,unsat,7.257250405
acasxu,vnncomp2023_benchmarks/benchmarks/acasxu/onnx/ACASXU_run2a_3_6_batch_2000.onnx,vnncomp2023_benchmarks/benchmarks/acasxu/vnnlib/prop_4.vnnlib,24.493604132,unsat,7.675252714
acasxu,vnncomp2023_benchmarks/benchmarks/acasxu/onnx/ACASXU_run2a_3_7_batch_2000.onnx,vnncomp2023_benchmarks/benchmarks/acasxu/vnnlib/prop_4.vnnlib,24.128035758,unsat,7.228822852
acasxu,vnncomp2023_benchmarks/benchmarks/acasxu/onnx/ACASXU_run2a_3_8_batch_2000.onnx,vnncomp2023_benchmarks/benchmarks/acasxu/vnnlib/prop_4.vnnlib,24.139642571,unsat,7.271601254
acasxu,vnncomp2023_benchmarks/benchmarks/acasxu/onnx/ACASXU_run2a_3_9_batch_2000.onnx,vnncomp2023_benchmarks/benchmarks/acasxu/vnnlib/prop_4.vnnlib,24.069420103,unsat,7.256348749
acasxu,vnncomp2023_benchmarks/benchmarks/acasxu/onnx/ACASXU_run2a_4_1_batch_2000.onnx,vnncomp2023_benchmarks/benchmarks/acasxu/vnnlib/prop_4.vnnlib,23.266515275,unsat,6.418645997
acasxu,vnncomp2023_benchmarks/benchmarks/acasxu/onnx/ACASXU_run2a_4_2_batch_2000.onnx,vnncomp2023_benchmarks/benchmarks/acasxu/vnnlib/prop_4.vnnlib,24.514037020,unsat,7.675943875
acasxu,vnncomp2023_benchmarks/benchmarks/acasxu/onnx/ACASXU_run2a_4_3_batch_2000.onnx,vnncomp2023_benchmarks/benchmarks/acasxu/vnnlib/prop_4.vnnlib,24.137783083,unsat,7.223578977
acasxu,vnncomp2023_benchmarks/benchmarks/acasxu/onnx/ACASXU_run2a_4_4_batch_2000.onnx,vnncomp2023_benchmarks/benchmarks/acasxu/vnnlib/prop_4.vnnlib,24.157945080,unsat,7.234956915
acasxu,vnncomp2023_benchmarks/benchmarks/acasxu/onnx/ACASXU_run2a_4_5_batch_2000.onnx,vnncomp2023_benchmarks/benchmarks/acasxu/vnnlib/prop_4.vnnlib,24.109053171,unsat,7.243501953
acasxu,vnncomp2023_benchmarks/benchmarks/acasxu/onnx/ACASXU_run2a_4_6_batch_2000.onnx,vnncomp2023_benchmarks/benchmarks/acasxu/vnnlib/prop_4.vnnlib,24.131162325,unsat,7.247382398
acasxu,vnncomp2023_benchmarks/benchmarks/acasxu/onnx/ACASXU_run2a_4_7_batch_2000.onnx,vnncomp2023_benchmarks/benchmarks/acasxu/vnnlib/prop_4.vnnlib,23.854112533,unsat,6.979836016
acasxu,vnncomp2023_benchmarks/benchmarks/acasxu/onnx/ACASXU_run2a_4_8_batch_2000.onnx,vnncomp2023_benchmarks/benchmarks/acasxu/vnnlib/prop_4.vnnlib,24.189407616,unsat,7.241452061
acasxu,vnncomp2023_benchmarks/benchmarks/acasxu/onnx/ACASXU_run2a_4_9_batch_2000.onnx,vnncomp2023_benchmarks/benchmarks/acasxu/vnnlib/prop_4.vnnlib,24.210553459,unsat,7.225359134
acasxu,vnncomp2023_benchmarks/benchmarks/acasxu/onnx/ACASXU_run2a_5_1_batch_2000.onnx,vnncomp2023_benchmarks/benchmarks/acasxu/vnnlib/prop_4.vnnlib,24.142912306,unsat,7.219431268
acasxu,vnncomp2023_benchmarks/benchmarks/acasxu/onnx/ACASXU_run2a_5_2_batch_2000.onnx,vnncomp2023_benchmarks/benchmarks/acasxu/vnnlib/prop_4.vnnlib,24.143549423,unsat,7.252677452
acasxu,vnncomp2023_benchmarks/benchmarks/acasxu/onnx/ACASXU_run2a_5_3_batch_2000.onnx,vnncomp2023_benchmarks/benchmarks/acasxu/vnnlib/prop_4.vnnlib,24.165166524,unsat,7.243308215
acasxu,vnncomp2023_benchmarks/benchmarks/acasxu/onnx/ACASXU_run2a_5_4_batch_2000.onnx,vnncomp2023_benchmarks/benchmarks/acasxu/vnnlib/prop_4.vnnlib,23.929558901,unsat,6.897207318
acasxu,vnncomp2023_benchmarks/benchmarks/acasxu/onnx/ACASXU_run2a_5_5_batch_2000.onnx,vnncomp2023_benchmarks/benchmarks/acasxu/vnnlib/prop_4.vnnlib,24.096008402,unsat,7.325123344
acasxu,vnncomp2023_benchmarks/benchmarks/acasxu/onnx/ACASXU_run2a_5_6_batch_2000.onnx,vnncomp2023_benchmarks/benchmarks/acasxu/vnnlib/prop_4.vnnlib,23.220535965,unsat,6.374645099
acasxu,vnncomp2023_benchmarks/benchmarks/acasxu/onnx/ACASXU_run2a_5_7_batch_2000.onnx,vnncomp2023_benchmarks/benchmarks/acasxu/vnnlib/prop_4.vnnlib,23.583059231,unsat,6.671007342
acasxu,vnncomp2023_benchmarks/benchmarks/acasxu/onnx/ACASXU_run2a_5_8_batch_2000.onnx,vnncomp2023_benchmarks/benchmarks/acasxu/vnnlib/prop_4.vnnlib,24.220311671,unsat,7.224872947
acasxu,vnncomp2023_benchmarks/benchmarks/acasxu/onnx/ACASXU_run2a_5_9_batch_2000.onnx,vnncomp2023_benchmarks/benchmarks/acasxu/vnnlib/prop_4.vnnlib,23.901549792,unsat,6.952852642
acasxu,vnncomp2023_benchmarks/benchmarks/acasxu/onnx/ACASXU_run2a_1_1_batch_2000.onnx,vnncomp2023_benchmarks/benchmarks/acasxu/vnnlib/prop_5.vnnlib,24.757049811,unsat,27.864113361
acasxu,vnncomp2023_benchmarks/benchmarks/acasxu/onnx/ACASXU_run2a_1_1_batch_2000.onnx,vnncomp2023_benchmarks/benchmarks/acasxu/vnnlib/prop_6.vnnlib,24.831396567,unsat,20.036525512
acasxu,vnncomp2023_benchmarks/benchmarks/acasxu/onnx/ACASXU_run2a_1_9_batch_2000.onnx,vnncomp2023_benchmarks/benchmarks/acasxu/vnnlib/prop_7.vnnlib,24.463503932,sat,7.627814411
acasxu,vnncomp2023_benchmarks/benchmarks/acasxu/onnx/ACASXU_run2a_2_9_batch_2000.onnx,vnncomp2023_benchmarks/benchmarks/acasxu/vnnlib/prop_8.vnnlib,22.692701065,sat,5.785222559
acasxu,vnncomp2023_benchmarks/benchmarks/acasxu/onnx/ACASXU_run2a_3_3_batch_2000.onnx,vnncomp2023_benchmarks/benchmarks/acasxu/vnnlib/prop_9.vnnlib,24.768205887,unsat,12.352349502
acasxu,vnncomp2023_benchmarks/benchmarks/acasxu/onnx/ACASXU_run2a_4_5_batch_2000.onnx,vnncomp2023_benchmarks/benchmarks/acasxu/vnnlib/prop_10.vnnlib,24.713753957,unsat,11.402860167
acasxu,vnncomp2023_benchmarks/benchmarks/test/test_nano.onnx,vnncomp2023_benchmarks/benchmarks/test/test_nano.vnnlib,22.786578027,unsat,5.938186633
