carvana_unet_2022,./benchmarks/carvana_unet_2022/onnx/unet_upsample_small.onnx,./benchmarks/carvana_unet_2022/vnnlib/spec_unet_upsample_small_idx_dc995bf5296a_16_eps_0.00400.vnnlib,2.218092009,prepare_instance_error_1,-1
carvana_unet_2022,./benchmarks/carvana_unet_2022/onnx/unet_simp_small.onnx,./benchmarks/carvana_unet_2022/vnnlib/spec_unet_simp_small_idx_0cdf5b5d0ce1_16_eps_0.00400.vnnlib,2.208223510,prepare_instance_error_1,-1
carvana_unet_2022,./benchmarks/carvana_unet_2022/onnx/unet_simp_small.onnx,./benchmarks/carvana_unet_2022/vnnlib/spec_unet_simp_small_idx_34b0c08544a5_16_eps_0.01200.vnnlib,2.209221668,prepare_instance_error_1,-1
carvana_unet_2022,./benchmarks/carvana_unet_2022/onnx/unet_simp_small.onnx,./benchmarks/carvana_unet_2022/vnnlib/spec_unet_simp_small_idx_a3e2e104d58a_16_eps_0.01200.vnnlib,2.200975353,prepare_instance_error_1,-1
carvana_unet_2022,./benchmarks/carvana_unet_2022/onnx/unet_upsample_small.onnx,./benchmarks/carvana_unet_2022/vnnlib/spec_unet_upsample_small_idx_3d7a1030deeb_16_eps_0.00400.vnnlib,2.232029969,prepare_instance_error_1,-1
carvana_unet_2022,./benchmarks/carvana_unet_2022/onnx/unet_upsample_small.onnx,./benchmarks/carvana_unet_2022/vnnlib/spec_unet_upsample_small_idx_c4ac16c0dd59_16_eps_0.00400.vnnlib,2.219398266,prepare_instance_error_1,-1
carvana_unet_2022,./benchmarks/carvana_unet_2022/onnx/unet_simp_small.onnx,./benchmarks/carvana_unet_2022/vnnlib/spec_unet_simp_small_idx_a3e2e104d58a_16_eps_0.00400.vnnlib,2.220522207,prepare_instance_error_1,-1
carvana_unet_2022,./benchmarks/carvana_unet_2022/onnx/unet_simp_small.onnx,./benchmarks/carvana_unet_2022/vnnlib/spec_unet_simp_small_idx_419687d50dcd_16_eps_0.01200.vnnlib,2.221880479,prepare_instance_error_1,-1
carvana_unet_2022,./benchmarks/carvana_unet_2022/onnx/unet_upsample_small.onnx,./benchmarks/carvana_unet_2022/vnnlib/spec_unet_upsample_small_idx_768f299c36e1_16_eps_0.01200.vnnlib,2.209197141,prepare_instance_error_1,-1
carvana_unet_2022,./benchmarks/carvana_unet_2022/onnx/unet_simp_small.onnx,./benchmarks/carvana_unet_2022/vnnlib/spec_unet_simp_small_idx_917f262f1608_16_eps_0.00400.vnnlib,2.203614063,prepare_instance_error_1,-1
carvana_unet_2022,./benchmarks/carvana_unet_2022/onnx/unet_simp_small.onnx,./benchmarks/carvana_unet_2022/vnnlib/spec_unet_simp_small_idx_e1d2c25f3510_16_eps_0.01200.vnnlib,2.203908771,prepare_instance_error_1,-1
carvana_unet_2022,./benchmarks/carvana_unet_2022/onnx/unet_simp_small.onnx,./benchmarks/carvana_unet_2022/vnnlib/spec_unet_simp_small_idx_d326cb5c3d12_16_eps_0.00400.vnnlib,2.202188325,prepare_instance_error_1,-1
carvana_unet_2022,./benchmarks/carvana_unet_2022/onnx/unet_simp_small.onnx,./benchmarks/carvana_unet_2022/vnnlib/spec_unet_simp_small_idx_9d8c465a0881_16_eps_0.00400.vnnlib,2.201801393,prepare_instance_error_1,-1
carvana_unet_2022,./benchmarks/carvana_unet_2022/onnx/unet_simp_small.onnx,./benchmarks/carvana_unet_2022/vnnlib/spec_unet_simp_small_idx_7251c8797749_16_eps_0.00400.vnnlib,2.202296691,prepare_instance_error_1,-1
carvana_unet_2022,./benchmarks/carvana_unet_2022/onnx/unet_upsample_small.onnx,./benchmarks/carvana_unet_2022/vnnlib/spec_unet_upsample_small_idx_a5fea424990e_16_eps_0.01200.vnnlib,2.213250508,prepare_instance_error_1,-1
carvana_unet_2022,./benchmarks/carvana_unet_2022/onnx/unet_upsample_small.onnx,./benchmarks/carvana_unet_2022/vnnlib/spec_unet_upsample_small_idx_de74550a306a_16_eps_0.01200.vnnlib,2.223226679,prepare_instance_error_1,-1
carvana_unet_2022,./benchmarks/carvana_unet_2022/onnx/unet_upsample_small.onnx,./benchmarks/carvana_unet_2022/vnnlib/spec_unet_upsample_small_idx_fecea3036c59_16_eps_0.00400.vnnlib,2.206643775,prepare_instance_error_1,-1
carvana_unet_2022,./benchmarks/carvana_unet_2022/onnx/unet_upsample_small.onnx,./benchmarks/carvana_unet_2022/vnnlib/spec_unet_upsample_small_idx_1ba84b81628e_16_eps_0.01200.vnnlib,2.226973747,prepare_instance_error_1,-1
carvana_unet_2022,./benchmarks/carvana_unet_2022/onnx/unet_upsample_small.onnx,./benchmarks/carvana_unet_2022/vnnlib/spec_unet_upsample_small_idx_de74550a306a_16_eps_0.00400.vnnlib,2.230467516,prepare_instance_error_1,-1
carvana_unet_2022,./benchmarks/carvana_unet_2022/onnx/unet_upsample_small.onnx,./benchmarks/carvana_unet_2022/vnnlib/spec_unet_upsample_small_idx_125cadcb9feb_16_eps_0.00400.vnnlib,2.204617049,prepare_instance_error_1,-1
carvana_unet_2022,./benchmarks/carvana_unet_2022/onnx/unet_simp_small.onnx,./benchmarks/carvana_unet_2022/vnnlib/spec_unet_simp_small_idx_4b74275babf7_16_eps_0.00400.vnnlib,2.201025929,prepare_instance_error_1,-1
carvana_unet_2022,./benchmarks/carvana_unet_2022/onnx/unet_upsample_small.onnx,./benchmarks/carvana_unet_2022/vnnlib/spec_unet_upsample_small_idx_a3e2e104d58a_16_eps_0.01200.vnnlib,2.223908386,prepare_instance_error_1,-1
carvana_unet_2022,./benchmarks/carvana_unet_2022/onnx/unet_upsample_small.onnx,./benchmarks/carvana_unet_2022/vnnlib/spec_unet_upsample_small_idx_768f299c36e1_16_eps_0.00400.vnnlib,2.223831565,prepare_instance_error_1,-1
carvana_unet_2022,./benchmarks/carvana_unet_2022/onnx/unet_simp_small.onnx,./benchmarks/carvana_unet_2022/vnnlib/spec_unet_simp_small_idx_781c5338fe02_16_eps_0.01200.vnnlib,2.197647385,prepare_instance_error_1,-1
carvana_unet_2022,./benchmarks/carvana_unet_2022/onnx/unet_upsample_small.onnx,./benchmarks/carvana_unet_2022/vnnlib/spec_unet_upsample_small_idx_d8e1c401ac3c_16_eps_0.01200.vnnlib,2.231392471,prepare_instance_error_1,-1
carvana_unet_2022,./benchmarks/carvana_unet_2022/onnx/unet_simp_small.onnx,./benchmarks/carvana_unet_2022/vnnlib/spec_unet_simp_small_idx_bb2f95262773_16_eps_0.00400.vnnlib,2.194758503,prepare_instance_error_1,-1
carvana_unet_2022,./benchmarks/carvana_unet_2022/onnx/unet_simp_small.onnx,./benchmarks/carvana_unet_2022/vnnlib/spec_unet_simp_small_idx_68fcee2be01f_16_eps_0.01200.vnnlib,2.202536064,prepare_instance_error_1,-1
carvana_unet_2022,./benchmarks/carvana_unet_2022/onnx/unet_upsample_small.onnx,./benchmarks/carvana_unet_2022/vnnlib/spec_unet_upsample_small_idx_3d7a1030deeb_16_eps_0.01200.vnnlib,2.202580643,prepare_instance_error_1,-1
carvana_unet_2022,./benchmarks/carvana_unet_2022/onnx/unet_simp_small.onnx,./benchmarks/carvana_unet_2022/vnnlib/spec_unet_simp_small_idx_c353e364e931_16_eps_0.01200.vnnlib,2.228642194,prepare_instance_error_1,-1
carvana_unet_2022,./benchmarks/carvana_unet_2022/onnx/unet_simp_small.onnx,./benchmarks/carvana_unet_2022/vnnlib/spec_unet_simp_small_idx_2990f858e939_16_eps_0.01200.vnnlib,2.210194920,prepare_instance_error_1,-1
carvana_unet_2022,./benchmarks/carvana_unet_2022/onnx/unet_simp_small.onnx,./benchmarks/carvana_unet_2022/vnnlib/spec_unet_simp_small_idx_b44091aa62e4_16_eps_0.00400.vnnlib,2.215654976,prepare_instance_error_1,-1
carvana_unet_2022,./benchmarks/carvana_unet_2022/onnx/unet_simp_small.onnx,./benchmarks/carvana_unet_2022/vnnlib/spec_unet_simp_small_idx_cd2e588ef1c5_16_eps_0.01200.vnnlib,2.210210477,prepare_instance_error_1,-1
carvana_unet_2022,./benchmarks/carvana_unet_2022/onnx/unet_simp_small.onnx,./benchmarks/carvana_unet_2022/vnnlib/spec_unet_simp_small_idx_2a4a8964ebf3_16_eps_0.01200.vnnlib,2.206601512,prepare_instance_error_1,-1
carvana_unet_2022,./benchmarks/carvana_unet_2022/onnx/unet_upsample_small.onnx,./benchmarks/carvana_unet_2022/vnnlib/spec_unet_upsample_small_idx_3f202616a2b9_16_eps_0.01200.vnnlib,2.208155689,prepare_instance_error_1,-1
carvana_unet_2022,./benchmarks/carvana_unet_2022/onnx/unet_upsample_small.onnx,./benchmarks/carvana_unet_2022/vnnlib/spec_unet_upsample_small_idx_cf89c3220bc4_16_eps_0.01200.vnnlib,2.198112213,prepare_instance_error_1,-1
carvana_unet_2022,./benchmarks/carvana_unet_2022/onnx/unet_simp_small.onnx,./benchmarks/carvana_unet_2022/vnnlib/spec_unet_simp_small_idx_85cba1a00135_16_eps_0.01200.vnnlib,2.205966490,prepare_instance_error_1,-1
carvana_unet_2022,./benchmarks/carvana_unet_2022/onnx/unet_simp_small.onnx,./benchmarks/carvana_unet_2022/vnnlib/spec_unet_simp_small_idx_34b0c08544a5_16_eps_0.00400.vnnlib,2.201492633,prepare_instance_error_1,-1
carvana_unet_2022,./benchmarks/carvana_unet_2022/onnx/unet_upsample_small.onnx,./benchmarks/carvana_unet_2022/vnnlib/spec_unet_upsample_small_idx_d9b2ded58b72_16_eps_0.00400.vnnlib,2.202959120,prepare_instance_error_1,-1
carvana_unet_2022,./benchmarks/carvana_unet_2022/onnx/unet_simp_small.onnx,./benchmarks/carvana_unet_2022/vnnlib/spec_unet_simp_small_idx_68fcee2be01f_16_eps_0.00400.vnnlib,2.194125147,prepare_instance_error_1,-1
carvana_unet_2022,./benchmarks/carvana_unet_2022/onnx/unet_simp_small.onnx,./benchmarks/carvana_unet_2022/vnnlib/spec_unet_simp_small_idx_c4ac16c0dd59_16_eps_0.00400.vnnlib,2.202274584,prepare_instance_error_1,-1
carvana_unet_2022,./benchmarks/carvana_unet_2022/onnx/unet_simp_small.onnx,./benchmarks/carvana_unet_2022/vnnlib/spec_unet_simp_small_idx_1258cf954183_16_eps_0.00400.vnnlib,2.194861905,prepare_instance_error_1,-1
carvana_unet_2022,./benchmarks/carvana_unet_2022/onnx/unet_upsample_small.onnx,./benchmarks/carvana_unet_2022/vnnlib/spec_unet_upsample_small_idx_b98c63cd6102_16_eps_0.01200.vnnlib,2.220518560,prepare_instance_error_1,-1
carvana_unet_2022,./benchmarks/carvana_unet_2022/onnx/unet_upsample_small.onnx,./benchmarks/carvana_unet_2022/vnnlib/spec_unet_upsample_small_idx_fecea3036c59_16_eps_0.01200.vnnlib,2.204926761,prepare_instance_error_1,-1
carvana_unet_2022,./benchmarks/carvana_unet_2022/onnx/unet_upsample_small.onnx,./benchmarks/carvana_unet_2022/vnnlib/spec_unet_upsample_small_idx_b98c63cd6102_16_eps_0.00400.vnnlib,2.195148103,prepare_instance_error_1,-1
carvana_unet_2022,./benchmarks/carvana_unet_2022/onnx/unet_upsample_small.onnx,./benchmarks/carvana_unet_2022/vnnlib/spec_unet_upsample_small_idx_85cba1a00135_16_eps_0.00400.vnnlib,2.201153296,prepare_instance_error_1,-1
carvana_unet_2022,./benchmarks/carvana_unet_2022/onnx/unet_simp_small.onnx,./benchmarks/carvana_unet_2022/vnnlib/spec_unet_simp_small_idx_917f262f1608_16_eps_0.01200.vnnlib,2.211800449,prepare_instance_error_1,-1
carvana_unet_2022,./benchmarks/carvana_unet_2022/onnx/unet_upsample_small.onnx,./benchmarks/carvana_unet_2022/vnnlib/spec_unet_upsample_small_idx_e1d2c25f3510_16_eps_0.00400.vnnlib,2.213236467,prepare_instance_error_1,-1
carvana_unet_2022,./benchmarks/carvana_unet_2022/onnx/unet_upsample_small.onnx,./benchmarks/carvana_unet_2022/vnnlib/spec_unet_upsample_small_idx_11f3dc041cfb_16_eps_0.01200.vnnlib,2.207272940,prepare_instance_error_1,-1
carvana_unet_2022,./benchmarks/carvana_unet_2022/onnx/unet_simp_small.onnx,./benchmarks/carvana_unet_2022/vnnlib/spec_unet_simp_small_idx_00087a6bd4dc_16_eps_0.01200.vnnlib,2.208612831,prepare_instance_error_1,-1
carvana_unet_2022,./benchmarks/carvana_unet_2022/onnx/unet_simp_small.onnx,./benchmarks/carvana_unet_2022/vnnlib/spec_unet_simp_small_idx_3d7a1030deeb_16_eps_0.00400.vnnlib,2.203317016,prepare_instance_error_1,-1
carvana_unet_2022,./benchmarks/carvana_unet_2022/onnx/unet_simp_small.onnx,./benchmarks/carvana_unet_2022/vnnlib/spec_unet_simp_small_idx_bb2f95262773_16_eps_0.01200.vnnlib,2.194787796,prepare_instance_error_1,-1
carvana_unet_2022,./benchmarks/carvana_unet_2022/onnx/unet_simp_small.onnx,./benchmarks/carvana_unet_2022/vnnlib/spec_unet_simp_small_idx_781c5338fe02_16_eps_0.00400.vnnlib,2.196186687,prepare_instance_error_1,-1
carvana_unet_2022,./benchmarks/carvana_unet_2022/onnx/unet_upsample_small.onnx,./benchmarks/carvana_unet_2022/vnnlib/spec_unet_upsample_small_idx_917f262f1608_16_eps_0.00400.vnnlib,2.222786196,prepare_instance_error_1,-1
carvana_unet_2022,./benchmarks/carvana_unet_2022/onnx/unet_simp_small.onnx,./benchmarks/carvana_unet_2022/vnnlib/spec_unet_simp_small_idx_c353e364e931_16_eps_0.00400.vnnlib,2.194767484,prepare_instance_error_1,-1
carvana_unet_2022,./benchmarks/carvana_unet_2022/onnx/unet_upsample_small.onnx,./benchmarks/carvana_unet_2022/vnnlib/spec_unet_upsample_small_idx_125cadcb9feb_16_eps_0.01200.vnnlib,2.207740220,prepare_instance_error_1,-1
carvana_unet_2022,./benchmarks/carvana_unet_2022/onnx/unet_simp_small.onnx,./benchmarks/carvana_unet_2022/vnnlib/spec_unet_simp_small_idx_8d1a6723c458_16_eps_0.00400.vnnlib,2.194933053,prepare_instance_error_1,-1
carvana_unet_2022,./benchmarks/carvana_unet_2022/onnx/unet_upsample_small.onnx,./benchmarks/carvana_unet_2022/vnnlib/spec_unet_upsample_small_idx_2f39abb12388_16_eps_0.01200.vnnlib,2.218949712,prepare_instance_error_1,-1
carvana_unet_2022,./benchmarks/carvana_unet_2022/onnx/unet_simp_small.onnx,./benchmarks/carvana_unet_2022/vnnlib/spec_unet_simp_small_idx_b44091aa62e4_16_eps_0.01200.vnnlib,2.209640476,prepare_instance_error_1,-1
carvana_unet_2022,./benchmarks/carvana_unet_2022/onnx/unet_upsample_small.onnx,./benchmarks/carvana_unet_2022/vnnlib/spec_unet_upsample_small_idx_781c5338fe02_16_eps_0.01200.vnnlib,2.212329851,prepare_instance_error_1,-1
carvana_unet_2022,./benchmarks/carvana_unet_2022/onnx/unet_upsample_small.onnx,./benchmarks/carvana_unet_2022/vnnlib/spec_unet_upsample_small_idx_781c5338fe02_16_eps_0.00400.vnnlib,2.204677291,prepare_instance_error_1,-1
carvana_unet_2022,./benchmarks/carvana_unet_2022/onnx/unet_simp_small.onnx,./benchmarks/carvana_unet_2022/vnnlib/spec_unet_simp_small_idx_65051cfe0789_16_eps_0.00400.vnnlib,2.195747151,prepare_instance_error_1,-1
carvana_unet_2022,./benchmarks/carvana_unet_2022/onnx/unet_simp_small.onnx,./benchmarks/carvana_unet_2022/vnnlib/spec_unet_simp_small_idx_2a4a8964ebf3_16_eps_0.00400.vnnlib,2.193359677,prepare_instance_error_1,-1
carvana_unet_2022,./benchmarks/carvana_unet_2022/onnx/unet_simp_small.onnx,./benchmarks/carvana_unet_2022/vnnlib/spec_unet_simp_small_idx_419687d50dcd_16_eps_0.00400.vnnlib,2.198573162,prepare_instance_error_1,-1
carvana_unet_2022,./benchmarks/carvana_unet_2022/onnx/unet_upsample_small.onnx,./benchmarks/carvana_unet_2022/vnnlib/spec_unet_upsample_small_idx_6bff9e10288e_16_eps_0.00400.vnnlib,2.206977178,prepare_instance_error_1,-1
carvana_unet_2022,./benchmarks/carvana_unet_2022/onnx/unet_simp_small.onnx,./benchmarks/carvana_unet_2022/vnnlib/spec_unet_simp_small_idx_00087a6bd4dc_16_eps_0.00400.vnnlib,2.197694728,prepare_instance_error_1,-1
carvana_unet_2022,./benchmarks/carvana_unet_2022/onnx/unet_upsample_small.onnx,./benchmarks/carvana_unet_2022/vnnlib/spec_unet_upsample_small_idx_d9b2ded58b72_16_eps_0.01200.vnnlib,2.204530041,prepare_instance_error_1,-1
carvana_unet_2022,./benchmarks/carvana_unet_2022/onnx/unet_simp_small.onnx,./benchmarks/carvana_unet_2022/vnnlib/spec_unet_simp_small_idx_d326cb5c3d12_16_eps_0.01200.vnnlib,2.201600599,prepare_instance_error_1,-1
carvana_unet_2022,./benchmarks/carvana_unet_2022/onnx/unet_simp_small.onnx,./benchmarks/carvana_unet_2022/vnnlib/spec_unet_simp_small_idx_cd2e588ef1c5_16_eps_0.00400.vnnlib,2.201944819,prepare_instance_error_1,-1
carvana_unet_2022,./benchmarks/carvana_unet_2022/onnx/unet_upsample_small.onnx,./benchmarks/carvana_unet_2022/vnnlib/spec_unet_upsample_small_idx_11f3dc041cfb_16_eps_0.00400.vnnlib,2.228217812,prepare_instance_error_1,-1
carvana_unet_2022,./benchmarks/carvana_unet_2022/onnx/unet_upsample_small.onnx,./benchmarks/carvana_unet_2022/vnnlib/spec_unet_upsample_small_idx_b44091aa62e4_16_eps_0.00400.vnnlib,2.214170631,prepare_instance_error_1,-1
carvana_unet_2022,./benchmarks/carvana_unet_2022/onnx/unet_upsample_small.onnx,./benchmarks/carvana_unet_2022/vnnlib/spec_unet_upsample_small_idx_562706000bd7_16_eps_0.01200.vnnlib,2.230738735,prepare_instance_error_1,-1
carvana_unet_2022,./benchmarks/carvana_unet_2022/onnx/unet_upsample_small.onnx,./benchmarks/carvana_unet_2022/vnnlib/spec_unet_upsample_small_idx_cf89c3220bc4_16_eps_0.00400.vnnlib,2.227794224,prepare_instance_error_1,-1
carvana_unet_2022,./benchmarks/test/test_nano.onnx,./benchmarks/test/test_nano.vnnlib,2.218912872,unsat,3.458537241
cifar100_tinyimagenet_resnet,./benchmarks/cifar100_tinyimagenet_resnet/onnx/CIFAR100_resnet_small.onnx,./benchmarks/cifar100_tinyimagenet_resnet/vnnlib/CIFAR100_resnet_small_prop_idx_7129_sidx_1634_eps_0.0039.vnnlib,3.722376822,timeout,253.125351010
cifar100_tinyimagenet_resnet,./benchmarks/cifar100_tinyimagenet_resnet/onnx/CIFAR100_resnet_small.onnx,./benchmarks/cifar100_tinyimagenet_resnet/vnnlib/CIFAR100_resnet_small_prop_idx_2680_sidx_3489_eps_0.0039.vnnlib,3.728309689,timeout,250.980351323
cifar100_tinyimagenet_resnet,./benchmarks/cifar100_tinyimagenet_resnet/onnx/CIFAR100_resnet_small.onnx,./benchmarks/cifar100_tinyimagenet_resnet/vnnlib/CIFAR100_resnet_small_prop_idx_7562_sidx_4256_eps_0.0039.vnnlib,3.726974242,timeout,253.172643520
cifar100_tinyimagenet_resnet,./benchmarks/cifar100_tinyimagenet_resnet/onnx/CIFAR100_resnet_small.onnx,./benchmarks/cifar100_tinyimagenet_resnet/vnnlib/CIFAR100_resnet_small_prop_idx_8314_sidx_4966_eps_0.0039.vnnlib,3.694046875,timeout,249.994368790
cifar100_tinyimagenet_resnet,./benchmarks/cifar100_tinyimagenet_resnet/onnx/CIFAR100_resnet_small.onnx,./benchmarks/cifar100_tinyimagenet_resnet/vnnlib/CIFAR100_resnet_small_prop_idx_939_sidx_5683_eps_0.0039.vnnlib,3.686403440,timeout,254.778795228
cifar100_tinyimagenet_resnet,./benchmarks/cifar100_tinyimagenet_resnet/onnx/CIFAR100_resnet_small.onnx,./benchmarks/cifar100_tinyimagenet_resnet/vnnlib/CIFAR100_resnet_small_prop_idx_5193_sidx_6671_eps_0.0039.vnnlib,3.699308035,timeout,256.850397288
cifar100_tinyimagenet_resnet,./benchmarks/cifar100_tinyimagenet_resnet/onnx/CIFAR100_resnet_small.onnx,./benchmarks/cifar100_tinyimagenet_resnet/vnnlib/CIFAR100_resnet_small_prop_idx_9565_sidx_7601_eps_0.0039.vnnlib,3.739111974,timeout,263.251744308
cifar100_tinyimagenet_resnet,./benchmarks/cifar100_tinyimagenet_resnet/onnx/CIFAR100_resnet_small.onnx,./benchmarks/cifar100_tinyimagenet_resnet/vnnlib/CIFAR100_resnet_small_prop_idx_7486_sidx_8050_eps_0.0039.vnnlib,3.735173087,timeout,259.924286862
cifar100_tinyimagenet_resnet,./benchmarks/cifar100_tinyimagenet_resnet/onnx/CIFAR100_resnet_small.onnx,./benchmarks/cifar100_tinyimagenet_resnet/vnnlib/CIFAR100_resnet_small_prop_idx_3601_sidx_8276_eps_0.0039.vnnlib,3.706846903,timeout,250.071092694
cifar100_tinyimagenet_resnet,./benchmarks/cifar100_tinyimagenet_resnet/onnx/CIFAR100_resnet_small.onnx,./benchmarks/cifar100_tinyimagenet_resnet/vnnlib/CIFAR100_resnet_small_prop_idx_1899_sidx_9565_eps_0.0039.vnnlib,3.722771833,timeout,248.169822998
cifar100_tinyimagenet_resnet,./benchmarks/cifar100_tinyimagenet_resnet/onnx/CIFAR100_resnet_medium.onnx,./benchmarks/cifar100_tinyimagenet_resnet/vnnlib/CIFAR100_resnet_medium_prop_idx_7764_sidx_254_eps_0.0039.vnnlib,3.829242771,timeout,232.505731106
cifar100_tinyimagenet_resnet,./benchmarks/cifar100_tinyimagenet_resnet/onnx/CIFAR100_resnet_medium.onnx,./benchmarks/cifar100_tinyimagenet_resnet/vnnlib/CIFAR100_resnet_medium_prop_idx_4736_sidx_292_eps_0.0039.vnnlib,3.768339707,timeout,230.087008896
cifar100_tinyimagenet_resnet,./benchmarks/cifar100_tinyimagenet_resnet/onnx/CIFAR100_resnet_medium.onnx,./benchmarks/cifar100_tinyimagenet_resnet/vnnlib/CIFAR100_resnet_medium_prop_idx_6585_sidx_533_eps_0.0039.vnnlib,3.841103162,timeout,204.316258475
cifar100_tinyimagenet_resnet,./benchmarks/cifar100_tinyimagenet_resnet/onnx/CIFAR100_resnet_medium.onnx,./benchmarks/cifar100_tinyimagenet_resnet/vnnlib/CIFAR100_resnet_medium_prop_idx_1798_sidx_1061_eps_0.0039.vnnlib,3.803432649,timeout,233.864955350
cifar100_tinyimagenet_resnet,./benchmarks/cifar100_tinyimagenet_resnet/onnx/CIFAR100_resnet_medium.onnx,./benchmarks/cifar100_tinyimagenet_resnet/vnnlib/CIFAR100_resnet_medium_prop_idx_815_sidx_1902_eps_0.0039.vnnlib,3.801346522,timeout,221.385253198
cifar100_tinyimagenet_resnet,./benchmarks/cifar100_tinyimagenet_resnet/onnx/CIFAR100_resnet_medium.onnx,./benchmarks/cifar100_tinyimagenet_resnet/vnnlib/CIFAR100_resnet_medium_prop_idx_3925_sidx_2194_eps_0.0039.vnnlib,3.826400609,timeout,224.886104266
cifar100_tinyimagenet_resnet,./benchmarks/cifar100_tinyimagenet_resnet/onnx/CIFAR100_resnet_medium.onnx,./benchmarks/cifar100_tinyimagenet_resnet/vnnlib/CIFAR100_resnet_medium_prop_idx_291_sidx_2370_eps_0.0039.vnnlib,3.798404329,timeout,228.748012773
cifar100_tinyimagenet_resnet,./benchmarks/cifar100_tinyimagenet_resnet/onnx/CIFAR100_resnet_medium.onnx,./benchmarks/cifar100_tinyimagenet_resnet/vnnlib/CIFAR100_resnet_medium_prop_idx_9839_sidx_2563_eps_0.0039.vnnlib,3.796572454,timeout,232.067844278
cifar100_tinyimagenet_resnet,./benchmarks/cifar100_tinyimagenet_resnet/onnx/CIFAR100_resnet_medium.onnx,./benchmarks/cifar100_tinyimagenet_resnet/vnnlib/CIFAR100_resnet_medium_prop_idx_6993_sidx_2600_eps_0.0039.vnnlib,3.779761541,timeout,224.578575643
cifar100_tinyimagenet_resnet,./benchmarks/cifar100_tinyimagenet_resnet/onnx/CIFAR100_resnet_medium.onnx,./benchmarks/cifar100_tinyimagenet_resnet/vnnlib/CIFAR100_resnet_medium_prop_idx_115_sidx_2873_eps_0.0039.vnnlib,3.773785421,timeout,227.564450257
cifar100_tinyimagenet_resnet,./benchmarks/cifar100_tinyimagenet_resnet/onnx/CIFAR100_resnet_medium.onnx,./benchmarks/cifar100_tinyimagenet_resnet/vnnlib/CIFAR100_resnet_medium_prop_idx_4039_sidx_2878_eps_0.0039.vnnlib,3.787373328,timeout,207.420625248
cifar100_tinyimagenet_resnet,./benchmarks/cifar100_tinyimagenet_resnet/onnx/CIFAR100_resnet_medium.onnx,./benchmarks/cifar100_tinyimagenet_resnet/vnnlib/CIFAR100_resnet_medium_prop_idx_731_sidx_3428_eps_0.0039.vnnlib,3.816261388,timeout,226.307988098
cifar100_tinyimagenet_resnet,./benchmarks/cifar100_tinyimagenet_resnet/onnx/CIFAR100_resnet_medium.onnx,./benchmarks/cifar100_tinyimagenet_resnet/vnnlib/CIFAR100_resnet_medium_prop_idx_509_sidx_3899_eps_0.0039.vnnlib,3.791721959,timeout,235.118212793
cifar100_tinyimagenet_resnet,./benchmarks/cifar100_tinyimagenet_resnet/onnx/CIFAR100_resnet_medium.onnx,./benchmarks/cifar100_tinyimagenet_resnet/vnnlib/CIFAR100_resnet_medium_prop_idx_7315_sidx_5135_eps_0.0039.vnnlib,3.769470632,timeout,225.432383540
cifar100_tinyimagenet_resnet,./benchmarks/cifar100_tinyimagenet_resnet/onnx/CIFAR100_resnet_medium.onnx,./benchmarks/cifar100_tinyimagenet_resnet/vnnlib/CIFAR100_resnet_medium_prop_idx_4126_sidx_5351_eps_0.0039.vnnlib,3.802479755,timeout,228.473333663
cifar100_tinyimagenet_resnet,./benchmarks/cifar100_tinyimagenet_resnet/onnx/CIFAR100_resnet_medium.onnx,./benchmarks/cifar100_tinyimagenet_resnet/vnnlib/CIFAR100_resnet_medium_prop_idx_3560_sidx_5363_eps_0.0039.vnnlib,3.807836127,timeout,228.016816009
cifar100_tinyimagenet_resnet,./benchmarks/cifar100_tinyimagenet_resnet/onnx/CIFAR100_resnet_medium.onnx,./benchmarks/cifar100_tinyimagenet_resnet/vnnlib/CIFAR100_resnet_medium_prop_idx_8519_sidx_5507_eps_0.0039.vnnlib,3.802086898,timeout,224.493701622
cifar100_tinyimagenet_resnet,./benchmarks/cifar100_tinyimagenet_resnet/onnx/CIFAR100_resnet_medium.onnx,./benchmarks/cifar100_tinyimagenet_resnet/vnnlib/CIFAR100_resnet_medium_prop_idx_9335_sidx_5792_eps_0.0039.vnnlib,3.779771858,timeout,229.377612884
cifar100_tinyimagenet_resnet,./benchmarks/cifar100_tinyimagenet_resnet/onnx/CIFAR100_resnet_medium.onnx,./benchmarks/cifar100_tinyimagenet_resnet/vnnlib/CIFAR100_resnet_medium_prop_idx_2959_sidx_5903_eps_0.0039.vnnlib,3.809513203,timeout,230.162431838
cifar100_tinyimagenet_resnet,./benchmarks/cifar100_tinyimagenet_resnet/onnx/CIFAR100_resnet_medium.onnx,./benchmarks/cifar100_tinyimagenet_resnet/vnnlib/CIFAR100_resnet_medium_prop_idx_8496_sidx_5905_eps_0.0039.vnnlib,3.782817684,timeout,219.047520012
cifar100_tinyimagenet_resnet,./benchmarks/cifar100_tinyimagenet_resnet/onnx/CIFAR100_resnet_medium.onnx,./benchmarks/cifar100_tinyimagenet_resnet/vnnlib/CIFAR100_resnet_medium_prop_idx_1421_sidx_6398_eps_0.0039.vnnlib,3.767418976,timeout,230.614362141
cifar100_tinyimagenet_resnet,./benchmarks/cifar100_tinyimagenet_resnet/onnx/CIFAR100_resnet_medium.onnx,./benchmarks/cifar100_tinyimagenet_resnet/vnnlib/CIFAR100_resnet_medium_prop_idx_7349_sidx_7887_eps_0.0039.vnnlib,3.846389311,timeout,223.283340557
cifar100_tinyimagenet_resnet,./benchmarks/cifar100_tinyimagenet_resnet/onnx/CIFAR100_resnet_medium.onnx,./benchmarks/cifar100_tinyimagenet_resnet/vnnlib/CIFAR100_resnet_medium_prop_idx_2550_sidx_7952_eps_0.0039.vnnlib,3.783963118,timeout,227.193998549
cifar100_tinyimagenet_resnet,./benchmarks/cifar100_tinyimagenet_resnet/onnx/CIFAR100_resnet_medium.onnx,./benchmarks/cifar100_tinyimagenet_resnet/vnnlib/CIFAR100_resnet_medium_prop_idx_8208_sidx_8378_eps_0.0039.vnnlib,3.856367889,timeout,225.570061798
cifar100_tinyimagenet_resnet,./benchmarks/cifar100_tinyimagenet_resnet/onnx/CIFAR100_resnet_large.onnx,./benchmarks/cifar100_tinyimagenet_resnet/vnnlib/CIFAR100_resnet_large_prop_idx_5586_sidx_80_eps_0.0039.vnnlib,3.899862037,run_instance_timeout,260.003986659
cifar100_tinyimagenet_resnet,./benchmarks/cifar100_tinyimagenet_resnet/onnx/CIFAR100_resnet_large.onnx,./benchmarks/cifar100_tinyimagenet_resnet/vnnlib/CIFAR100_resnet_large_prop_idx_2717_sidx_551_eps_0.0039.vnnlib,3.914396864,timeout,221.854755733
cifar100_tinyimagenet_resnet,./benchmarks/cifar100_tinyimagenet_resnet/onnx/CIFAR100_resnet_large.onnx,./benchmarks/cifar100_tinyimagenet_resnet/vnnlib/CIFAR100_resnet_large_prop_idx_37_sidx_2045_eps_0.0039.vnnlib,3.866932943,run_instance_timeout,260.004238175
cifar100_tinyimagenet_resnet,./benchmarks/cifar100_tinyimagenet_resnet/onnx/CIFAR100_resnet_large.onnx,./benchmarks/cifar100_tinyimagenet_resnet/vnnlib/CIFAR100_resnet_large_prop_idx_6337_sidx_2381_eps_0.0039.vnnlib,3.893298028,run_instance_timeout,260.003630978
cifar100_tinyimagenet_resnet,./benchmarks/cifar100_tinyimagenet_resnet/onnx/CIFAR100_resnet_large.onnx,./benchmarks/cifar100_tinyimagenet_resnet/vnnlib/CIFAR100_resnet_large_prop_idx_9978_sidx_2382_eps_0.0039.vnnlib,3.917809300,run_instance_timeout,260.003976704
cifar100_tinyimagenet_resnet,./benchmarks/cifar100_tinyimagenet_resnet/onnx/CIFAR100_resnet_large.onnx,./benchmarks/cifar100_tinyimagenet_resnet/vnnlib/CIFAR100_resnet_large_prop_idx_2805_sidx_2539_eps_0.0039.vnnlib,3.889600862,run_instance_timeout,260.004271873
cifar100_tinyimagenet_resnet,./benchmarks/cifar100_tinyimagenet_resnet/onnx/CIFAR100_resnet_large.onnx,./benchmarks/cifar100_tinyimagenet_resnet/vnnlib/CIFAR100_resnet_large_prop_idx_1590_sidx_2858_eps_0.0039.vnnlib,3.925961103,run_instance_timeout,260.004504319
cifar100_tinyimagenet_resnet,./benchmarks/cifar100_tinyimagenet_resnet/onnx/CIFAR100_resnet_large.onnx,./benchmarks/cifar100_tinyimagenet_resnet/vnnlib/CIFAR100_resnet_large_prop_idx_3384_sidx_2910_eps_0.0039.vnnlib,3.869977168,run_instance_timeout,260.004709724
cifar100_tinyimagenet_resnet,./benchmarks/cifar100_tinyimagenet_resnet/onnx/CIFAR100_resnet_large.onnx,./benchmarks/cifar100_tinyimagenet_resnet/vnnlib/CIFAR100_resnet_large_prop_idx_5905_sidx_3073_eps_0.0039.vnnlib,3.895492994,run_instance_timeout,260.003746200
cifar100_tinyimagenet_resnet,./benchmarks/cifar100_tinyimagenet_resnet/onnx/CIFAR100_resnet_large.onnx,./benchmarks/cifar100_tinyimagenet_resnet/vnnlib/CIFAR100_resnet_large_prop_idx_2176_sidx_3285_eps_0.0039.vnnlib,3.938862980,run_instance_timeout,260.004623455
cifar100_tinyimagenet_resnet,./benchmarks/cifar100_tinyimagenet_resnet/onnx/CIFAR100_resnet_large.onnx,./benchmarks/cifar100_tinyimagenet_resnet/vnnlib/CIFAR100_resnet_large_prop_idx_5821_sidx_3711_eps_0.0039.vnnlib,3.876706831,timeout,253.845732931
cifar100_tinyimagenet_resnet,./benchmarks/cifar100_tinyimagenet_resnet/onnx/CIFAR100_resnet_large.onnx,./benchmarks/cifar100_tinyimagenet_resnet/vnnlib/CIFAR100_resnet_large_prop_idx_5152_sidx_5513_eps_0.0039.vnnlib,3.910279540,run_instance_timeout,260.004539715
cifar100_tinyimagenet_resnet,./benchmarks/cifar100_tinyimagenet_resnet/onnx/CIFAR100_resnet_large.onnx,./benchmarks/cifar100_tinyimagenet_resnet/vnnlib/CIFAR100_resnet_large_prop_idx_8046_sidx_6661_eps_0.0039.vnnlib,3.885973297,run_instance_timeout,260.004497351
cifar100_tinyimagenet_resnet,./benchmarks/cifar100_tinyimagenet_resnet/onnx/CIFAR100_resnet_large.onnx,./benchmarks/cifar100_tinyimagenet_resnet/vnnlib/CIFAR100_resnet_large_prop_idx_3339_sidx_6722_eps_0.0039.vnnlib,3.878027289,run_instance_timeout,260.003918424
cifar100_tinyimagenet_resnet,./benchmarks/cifar100_tinyimagenet_resnet/onnx/CIFAR100_resnet_large.onnx,./benchmarks/cifar100_tinyimagenet_resnet/vnnlib/CIFAR100_resnet_large_prop_idx_2640_sidx_6925_eps_0.0039.vnnlib,3.922571148,run_instance_timeout,260.004265406
cifar100_tinyimagenet_resnet,./benchmarks/cifar100_tinyimagenet_resnet/onnx/CIFAR100_resnet_large.onnx,./benchmarks/cifar100_tinyimagenet_resnet/vnnlib/CIFAR100_resnet_large_prop_idx_3668_sidx_8007_eps_0.0039.vnnlib,3.896878761,run_instance_timeout,260.004461537
cifar100_tinyimagenet_resnet,./benchmarks/cifar100_tinyimagenet_resnet/onnx/CIFAR100_resnet_large.onnx,./benchmarks/cifar100_tinyimagenet_resnet/vnnlib/CIFAR100_resnet_large_prop_idx_2058_sidx_8233_eps_0.0039.vnnlib,3.886095188,run_instance_timeout,260.004082124
cifar100_tinyimagenet_resnet,./benchmarks/cifar100_tinyimagenet_resnet/onnx/CIFAR100_resnet_large.onnx,./benchmarks/cifar100_tinyimagenet_resnet/vnnlib/CIFAR100_resnet_large_prop_idx_3111_sidx_8286_eps_0.0039.vnnlib,3.880603391,timeout,258.242699026
cifar100_tinyimagenet_resnet,./benchmarks/cifar100_tinyimagenet_resnet/onnx/CIFAR100_resnet_large.onnx,./benchmarks/cifar100_tinyimagenet_resnet/vnnlib/CIFAR100_resnet_large_prop_idx_1309_sidx_8525_eps_0.0039.vnnlib,3.899208772,timeout,239.050618868
cifar100_tinyimagenet_resnet,./benchmarks/cifar100_tinyimagenet_resnet/onnx/CIFAR100_resnet_large.onnx,./benchmarks/cifar100_tinyimagenet_resnet/vnnlib/CIFAR100_resnet_large_prop_idx_5818_sidx_8588_eps_0.0039.vnnlib,3.906716829,run_instance_timeout,260.004480554
cifar100_tinyimagenet_resnet,./benchmarks/cifar100_tinyimagenet_resnet/onnx/CIFAR100_resnet_large.onnx,./benchmarks/cifar100_tinyimagenet_resnet/vnnlib/CIFAR100_resnet_large_prop_idx_9066_sidx_8737_eps_0.0039.vnnlib,3.876648112,timeout,250.571954633
cifar100_tinyimagenet_resnet,./benchmarks/cifar100_tinyimagenet_resnet/onnx/CIFAR100_resnet_large.onnx,./benchmarks/cifar100_tinyimagenet_resnet/vnnlib/CIFAR100_resnet_large_prop_idx_8662_sidx_8908_eps_0.0039.vnnlib,3.895444537,run_instance_timeout,260.003789012
cifar100_tinyimagenet_resnet,./benchmarks/cifar100_tinyimagenet_resnet/onnx/CIFAR100_resnet_large.onnx,./benchmarks/cifar100_tinyimagenet_resnet/vnnlib/CIFAR100_resnet_large_prop_idx_1338_sidx_9158_eps_0.0039.vnnlib,3.883210985,run_instance_timeout,260.004750156
cifar100_tinyimagenet_resnet,./benchmarks/cifar100_tinyimagenet_resnet/onnx/CIFAR100_resnet_large.onnx,./benchmarks/cifar100_tinyimagenet_resnet/vnnlib/CIFAR100_resnet_large_prop_idx_305_sidx_9849_eps_0.0039.vnnlib,3.978987811,run_instance_timeout,260.004121012
cifar100_tinyimagenet_resnet,./benchmarks/cifar100_tinyimagenet_resnet/onnx/CIFAR100_resnet_super.onnx,./benchmarks/cifar100_tinyimagenet_resnet/vnnlib/CIFAR100_resnet_super_prop_idx_7764_sidx_254_eps_0.0039.vnnlib,4.215045089,timeout,312.808695670
cifar100_tinyimagenet_resnet,./benchmarks/cifar100_tinyimagenet_resnet/onnx/CIFAR100_resnet_super.onnx,./benchmarks/cifar100_tinyimagenet_resnet/vnnlib/CIFAR100_resnet_super_prop_idx_2398_sidx_444_eps_0.0039.vnnlib,4.162998112,timeout,333.711760931
cifar100_tinyimagenet_resnet,./benchmarks/cifar100_tinyimagenet_resnet/onnx/CIFAR100_resnet_super.onnx,./benchmarks/cifar100_tinyimagenet_resnet/vnnlib/CIFAR100_resnet_super_prop_idx_9132_sidx_1053_eps_0.0039.vnnlib,4.203316709,timeout,334.807022993
cifar100_tinyimagenet_resnet,./benchmarks/cifar100_tinyimagenet_resnet/onnx/CIFAR100_resnet_super.onnx,./benchmarks/cifar100_tinyimagenet_resnet/vnnlib/CIFAR100_resnet_super_prop_idx_5414_sidx_1938_eps_0.0039.vnnlib,4.192028013,timeout,326.311174084
cifar100_tinyimagenet_resnet,./benchmarks/cifar100_tinyimagenet_resnet/onnx/CIFAR100_resnet_super.onnx,./benchmarks/cifar100_tinyimagenet_resnet/vnnlib/CIFAR100_resnet_super_prop_idx_9934_sidx_2474_eps_0.0039.vnnlib,4.187185491,timeout,309.407477221
cifar100_tinyimagenet_resnet,./benchmarks/cifar100_tinyimagenet_resnet/onnx/CIFAR100_resnet_super.onnx,./benchmarks/cifar100_tinyimagenet_resnet/vnnlib/CIFAR100_resnet_super_prop_idx_1529_sidx_2706_eps_0.0039.vnnlib,4.163712389,timeout,332.709793128
cifar100_tinyimagenet_resnet,./benchmarks/cifar100_tinyimagenet_resnet/onnx/CIFAR100_resnet_super.onnx,./benchmarks/cifar100_tinyimagenet_resnet/vnnlib/CIFAR100_resnet_super_prop_idx_7477_sidx_2980_eps_0.0039.vnnlib,4.181106340,timeout,310.067192691
cifar100_tinyimagenet_resnet,./benchmarks/cifar100_tinyimagenet_resnet/onnx/CIFAR100_resnet_super.onnx,./benchmarks/cifar100_tinyimagenet_resnet/vnnlib/CIFAR100_resnet_super_prop_idx_8147_sidx_3000_eps_0.0039.vnnlib,4.185645065,timeout,330.432144423
cifar100_tinyimagenet_resnet,./benchmarks/cifar100_tinyimagenet_resnet/onnx/CIFAR100_resnet_super.onnx,./benchmarks/cifar100_tinyimagenet_resnet/vnnlib/CIFAR100_resnet_super_prop_idx_8237_sidx_3574_eps_0.0039.vnnlib,4.191726933,timeout,331.461678084
cifar100_tinyimagenet_resnet,./benchmarks/cifar100_tinyimagenet_resnet/onnx/CIFAR100_resnet_super.onnx,./benchmarks/cifar100_tinyimagenet_resnet/vnnlib/CIFAR100_resnet_super_prop_idx_319_sidx_4416_eps_0.0039.vnnlib,4.178810408,timeout,335.586185253
cifar100_tinyimagenet_resnet,./benchmarks/cifar100_tinyimagenet_resnet/onnx/CIFAR100_resnet_super.onnx,./benchmarks/cifar100_tinyimagenet_resnet/vnnlib/CIFAR100_resnet_super_prop_idx_9747_sidx_4976_eps_0.0039.vnnlib,4.204827032,timeout,332.656443350
cifar100_tinyimagenet_resnet,./benchmarks/cifar100_tinyimagenet_resnet/onnx/CIFAR100_resnet_super.onnx,./benchmarks/cifar100_tinyimagenet_resnet/vnnlib/CIFAR100_resnet_super_prop_idx_2954_sidx_6105_eps_0.0039.vnnlib,4.208564957,timeout,337.691658163
cifar100_tinyimagenet_resnet,./benchmarks/cifar100_tinyimagenet_resnet/onnx/CIFAR100_resnet_super.onnx,./benchmarks/cifar100_tinyimagenet_resnet/vnnlib/CIFAR100_resnet_super_prop_idx_2779_sidx_6416_eps_0.0039.vnnlib,4.202403522,timeout,334.253390727
cifar100_tinyimagenet_resnet,./benchmarks/cifar100_tinyimagenet_resnet/onnx/CIFAR100_resnet_super.onnx,./benchmarks/cifar100_tinyimagenet_resnet/vnnlib/CIFAR100_resnet_super_prop_idx_2157_sidx_8103_eps_0.0039.vnnlib,4.210934619,timeout,312.415405334
cifar100_tinyimagenet_resnet,./benchmarks/cifar100_tinyimagenet_resnet/onnx/CIFAR100_resnet_super.onnx,./benchmarks/cifar100_tinyimagenet_resnet/vnnlib/CIFAR100_resnet_super_prop_idx_788_sidx_9144_eps_0.0039.vnnlib,4.197817765,timeout,307.559642224
cifar100_tinyimagenet_resnet,./benchmarks/cifar100_tinyimagenet_resnet/onnx/CIFAR100_resnet_super.onnx,./benchmarks/cifar100_tinyimagenet_resnet/vnnlib/CIFAR100_resnet_super_prop_idx_9014_sidx_9195_eps_0.0039.vnnlib,4.191500786,timeout,334.060038714
cifar100_tinyimagenet_resnet,./benchmarks/cifar100_tinyimagenet_resnet/onnx/TinyImageNet_resnet_medium.onnx,./benchmarks/cifar100_tinyimagenet_resnet/vnnlib/TinyImageNet_resnet_medium_prop_idx_3688_sidx_720_eps_0.0039.vnnlib,6.742459453,run_instance_timeout,260.004390322
cifar100_tinyimagenet_resnet,./benchmarks/cifar100_tinyimagenet_resnet/onnx/TinyImageNet_resnet_medium.onnx,./benchmarks/cifar100_tinyimagenet_resnet/vnnlib/TinyImageNet_resnet_medium_prop_idx_4183_sidx_730_eps_0.0039.vnnlib,6.829761998,run_instance_timeout,260.004452793
cifar100_tinyimagenet_resnet,./benchmarks/cifar100_tinyimagenet_resnet/onnx/TinyImageNet_resnet_medium.onnx,./benchmarks/cifar100_tinyimagenet_resnet/vnnlib/TinyImageNet_resnet_medium_prop_idx_5164_sidx_1240_eps_0.0039.vnnlib,6.877460113,run_instance_timeout,260.004233671
cifar100_tinyimagenet_resnet,./benchmarks/cifar100_tinyimagenet_resnet/onnx/TinyImageNet_resnet_medium.onnx,./benchmarks/cifar100_tinyimagenet_resnet/vnnlib/TinyImageNet_resnet_medium_prop_idx_126_sidx_1545_eps_0.0039.vnnlib,6.855988605,run_instance_timeout,260.004442194
cifar100_tinyimagenet_resnet,./benchmarks/cifar100_tinyimagenet_resnet/onnx/TinyImageNet_resnet_medium.onnx,./benchmarks/cifar100_tinyimagenet_resnet/vnnlib/TinyImageNet_resnet_medium_prop_idx_8852_sidx_1630_eps_0.0039.vnnlib,6.928389911,run_instance_timeout,260.004098232
cifar100_tinyimagenet_resnet,./benchmarks/cifar100_tinyimagenet_resnet/onnx/TinyImageNet_resnet_medium.onnx,./benchmarks/cifar100_tinyimagenet_resnet/vnnlib/TinyImageNet_resnet_medium_prop_idx_7479_sidx_2305_eps_0.0039.vnnlib,6.709465991,run_instance_timeout,260.004822434
cifar100_tinyimagenet_resnet,./benchmarks/cifar100_tinyimagenet_resnet/onnx/TinyImageNet_resnet_medium.onnx,./benchmarks/cifar100_tinyimagenet_resnet/vnnlib/TinyImageNet_resnet_medium_prop_idx_6931_sidx_2337_eps_0.0039.vnnlib,6.793472087,run_instance_timeout,260.004048703
cifar100_tinyimagenet_resnet,./benchmarks/cifar100_tinyimagenet_resnet/onnx/TinyImageNet_resnet_medium.onnx,./benchmarks/cifar100_tinyimagenet_resnet/vnnlib/TinyImageNet_resnet_medium_prop_idx_3754_sidx_2390_eps_0.0039.vnnlib,6.819684747,run_instance_timeout,260.004718599
cifar100_tinyimagenet_resnet,./benchmarks/cifar100_tinyimagenet_resnet/onnx/TinyImageNet_resnet_medium.onnx,./benchmarks/cifar100_tinyimagenet_resnet/vnnlib/TinyImageNet_resnet_medium_prop_idx_6461_sidx_2771_eps_0.0039.vnnlib,6.698466688,run_instance_timeout,260.004065275
cifar100_tinyimagenet_resnet,./benchmarks/cifar100_tinyimagenet_resnet/onnx/TinyImageNet_resnet_medium.onnx,./benchmarks/cifar100_tinyimagenet_resnet/vnnlib/TinyImageNet_resnet_medium_prop_idx_5093_sidx_3590_eps_0.0039.vnnlib,6.685814820,run_instance_timeout,260.003970792
cifar100_tinyimagenet_resnet,./benchmarks/cifar100_tinyimagenet_resnet/onnx/TinyImageNet_resnet_medium.onnx,./benchmarks/cifar100_tinyimagenet_resnet/vnnlib/TinyImageNet_resnet_medium_prop_idx_4931_sidx_3891_eps_0.0039.vnnlib,6.788691785,run_instance_timeout,260.004117109
cifar100_tinyimagenet_resnet,./benchmarks/cifar100_tinyimagenet_resnet/onnx/TinyImageNet_resnet_medium.onnx,./benchmarks/cifar100_tinyimagenet_resnet/vnnlib/TinyImageNet_resnet_medium_prop_idx_4464_sidx_4786_eps_0.0039.vnnlib,6.795405509,run_instance_timeout,260.004030735
cifar100_tinyimagenet_resnet,./benchmarks/cifar100_tinyimagenet_resnet/onnx/TinyImageNet_resnet_medium.onnx,./benchmarks/cifar100_tinyimagenet_resnet/vnnlib/TinyImageNet_resnet_medium_prop_idx_8003_sidx_5044_eps_0.0039.vnnlib,6.699075896,run_instance_timeout,260.004319361
cifar100_tinyimagenet_resnet,./benchmarks/cifar100_tinyimagenet_resnet/onnx/TinyImageNet_resnet_medium.onnx,./benchmarks/cifar100_tinyimagenet_resnet/vnnlib/TinyImageNet_resnet_medium_prop_idx_3243_sidx_5299_eps_0.0039.vnnlib,6.665307739,run_instance_timeout,260.004034635
cifar100_tinyimagenet_resnet,./benchmarks/cifar100_tinyimagenet_resnet/onnx/TinyImageNet_resnet_medium.onnx,./benchmarks/cifar100_tinyimagenet_resnet/vnnlib/TinyImageNet_resnet_medium_prop_idx_270_sidx_5414_eps_0.0039.vnnlib,6.679022822,run_instance_timeout,260.004602194
cifar100_tinyimagenet_resnet,./benchmarks/cifar100_tinyimagenet_resnet/onnx/TinyImageNet_resnet_medium.onnx,./benchmarks/cifar100_tinyimagenet_resnet/vnnlib/TinyImageNet_resnet_medium_prop_idx_7816_sidx_6053_eps_0.0039.vnnlib,6.790453854,run_instance_timeout,260.004741695
cifar100_tinyimagenet_resnet,./benchmarks/cifar100_tinyimagenet_resnet/onnx/TinyImageNet_resnet_medium.onnx,./benchmarks/cifar100_tinyimagenet_resnet/vnnlib/TinyImageNet_resnet_medium_prop_idx_782_sidx_6135_eps_0.0039.vnnlib,6.627329360,run_instance_timeout,260.004645228
cifar100_tinyimagenet_resnet,./benchmarks/cifar100_tinyimagenet_resnet/onnx/TinyImageNet_resnet_medium.onnx,./benchmarks/cifar100_tinyimagenet_resnet/vnnlib/TinyImageNet_resnet_medium_prop_idx_4087_sidx_6984_eps_0.0039.vnnlib,6.712371977,run_instance_timeout,260.004438489
cifar100_tinyimagenet_resnet,./benchmarks/cifar100_tinyimagenet_resnet/onnx/TinyImageNet_resnet_medium.onnx,./benchmarks/cifar100_tinyimagenet_resnet/vnnlib/TinyImageNet_resnet_medium_prop_idx_8213_sidx_7868_eps_0.0039.vnnlib,6.701452427,run_instance_timeout,260.004397291
cifar100_tinyimagenet_resnet,./benchmarks/cifar100_tinyimagenet_resnet/onnx/TinyImageNet_resnet_medium.onnx,./benchmarks/cifar100_tinyimagenet_resnet/vnnlib/TinyImageNet_resnet_medium_prop_idx_8482_sidx_8035_eps_0.0039.vnnlib,6.740078743,run_instance_timeout,260.004231624
cifar100_tinyimagenet_resnet,./benchmarks/cifar100_tinyimagenet_resnet/onnx/TinyImageNet_resnet_medium.onnx,./benchmarks/cifar100_tinyimagenet_resnet/vnnlib/TinyImageNet_resnet_medium_prop_idx_1714_sidx_8876_eps_0.0039.vnnlib,6.801168994,run_instance_timeout,260.004530002
cifar100_tinyimagenet_resnet,./benchmarks/cifar100_tinyimagenet_resnet/onnx/TinyImageNet_resnet_medium.onnx,./benchmarks/cifar100_tinyimagenet_resnet/vnnlib/TinyImageNet_resnet_medium_prop_idx_4866_sidx_9492_eps_0.0039.vnnlib,6.757588716,run_instance_timeout,260.003941435
cifar100_tinyimagenet_resnet,./benchmarks/cifar100_tinyimagenet_resnet/onnx/TinyImageNet_resnet_medium.onnx,./benchmarks/cifar100_tinyimagenet_resnet/vnnlib/TinyImageNet_resnet_medium_prop_idx_1009_sidx_9780_eps_0.0039.vnnlib,6.774591951,run_instance_timeout,260.004285048
cifar100_tinyimagenet_resnet,./benchmarks/cifar100_tinyimagenet_resnet/onnx/TinyImageNet_resnet_medium.onnx,./benchmarks/cifar100_tinyimagenet_resnet/vnnlib/TinyImageNet_resnet_medium_prop_idx_7542_sidx_9873_eps_0.0039.vnnlib,6.802427405,run_instance_timeout,260.003996202
cifar100_tinyimagenet_resnet,./benchmarks/test/test_nano.onnx,./benchmarks/test/test_nano.vnnlib,2.236950537,unsat,3.561870926
cifar2020,./benchmarks/cifar2020/onnx/cifar10_2_255_simplified.onnx,./benchmarks/cifar2020/vnnlib/cifar10_spec_idx_0_eps_0.00784_n1.vnnlib,3.697536034,sat,3.866850878
cifar2020,./benchmarks/cifar2020/onnx/cifar10_2_255_simplified.onnx,./benchmarks/cifar2020/vnnlib/cifar10_spec_idx_1_eps_0.00784_n1.vnnlib,3.722658602,unsat,39.413243589
cifar2020,./benchmarks/cifar2020/onnx/cifar10_2_255_simplified.onnx,./benchmarks/cifar2020/vnnlib/cifar10_spec_idx_2_eps_0.00784_n1.vnnlib,3.702700880,unknown,36.164989947
cifar2020,./benchmarks/cifar2020/onnx/cifar10_2_255_simplified.onnx,./benchmarks/cifar2020/vnnlib/cifar10_spec_idx_3_eps_0.00784_n1.vnnlib,3.736801879,unsat,38.712125728
cifar2020,./benchmarks/cifar2020/onnx/cifar10_2_255_simplified.onnx,./benchmarks/cifar2020/vnnlib/cifar10_spec_idx_4_eps_0.00784_n1.vnnlib,3.707760851,unknown,37.591128347
cifar2020,./benchmarks/cifar2020/onnx/cifar10_2_255_simplified.onnx,./benchmarks/cifar2020/vnnlib/cifar10_spec_idx_5_eps_0.00784_n1.vnnlib,3.718846433,unknown,43.653027827
cifar2020,./benchmarks/cifar2020/onnx/cifar10_2_255_simplified.onnx,./benchmarks/cifar2020/vnnlib/cifar10_spec_idx_6_eps_0.00784_n1.vnnlib,3.706568160,unsat,36.147088707
cifar2020,./benchmarks/cifar2020/onnx/cifar10_2_255_simplified.onnx,./benchmarks/cifar2020/vnnlib/cifar10_spec_idx_8_eps_0.00784_n1.vnnlib,3.695498715,unknown,40.316452943
cifar2020,./benchmarks/cifar2020/onnx/cifar10_2_255_simplified.onnx,./benchmarks/cifar2020/vnnlib/cifar10_spec_idx_9_eps_0.00784_n1.vnnlib,3.705486216,unknown,35.332485738
cifar2020,./benchmarks/cifar2020/onnx/cifar10_2_255_simplified.onnx,./benchmarks/cifar2020/vnnlib/cifar10_spec_idx_10_eps_0.00784_n1.vnnlib,3.703495799,unsat,36.609886707
cifar2020,./benchmarks/cifar2020/onnx/cifar10_2_255_simplified.onnx,./benchmarks/cifar2020/vnnlib/cifar10_spec_idx_11_eps_0.00784_n1.vnnlib,3.696273188,unsat,40.132332266
cifar2020,./benchmarks/cifar2020/onnx/cifar10_2_255_simplified.onnx,./benchmarks/cifar2020/vnnlib/cifar10_spec_idx_12_eps_0.00784_n1.vnnlib,3.702612089,sat,3.824770297
cifar2020,./benchmarks/cifar2020/onnx/cifar10_2_255_simplified.onnx,./benchmarks/cifar2020/vnnlib/cifar10_spec_idx_13_eps_0.00784_n1.vnnlib,3.743726777,unsat,35.388581433
cifar2020,./benchmarks/cifar2020/onnx/cifar10_2_255_simplified.onnx,./benchmarks/cifar2020/vnnlib/cifar10_spec_idx_14_eps_0.00784_n1.vnnlib,3.684956412,unsat,38.595017008
cifar2020,./benchmarks/cifar2020/onnx/cifar10_2_255_simplified.onnx,./benchmarks/cifar2020/vnnlib/cifar10_spec_idx_15_eps_0.00784_n1.vnnlib,3.701328148,unsat,40.775591539
cifar2020,./benchmarks/cifar2020/onnx/cifar10_2_255_simplified.onnx,./benchmarks/cifar2020/vnnlib/cifar10_spec_idx_16_eps_0.00784_n1.vnnlib,3.700813756,unknown,40.828495029
cifar2020,./benchmarks/cifar2020/onnx/cifar10_2_255_simplified.onnx,./benchmarks/cifar2020/vnnlib/cifar10_spec_idx_17_eps_0.00784_n1.vnnlib,3.732178710,unsat,36.032782827
cifar2020,./benchmarks/cifar2020/onnx/cifar10_2_255_simplified.onnx,./benchmarks/cifar2020/vnnlib/cifar10_spec_idx_18_eps_0.00784_n1.vnnlib,3.730059734,unsat,35.583544297
cifar2020,./benchmarks/cifar2020/onnx/cifar10_2_255_simplified.onnx,./benchmarks/cifar2020/vnnlib/cifar10_spec_idx_19_eps_0.00784_n1.vnnlib,3.723997863,unsat,36.176772534
cifar2020,./benchmarks/cifar2020/onnx/cifar10_2_255_simplified.onnx,./benchmarks/cifar2020/vnnlib/cifar10_spec_idx_20_eps_0.00784_n1.vnnlib,3.708208982,unsat,37.303535274
cifar2020,./benchmarks/cifar2020/onnx/cifar10_2_255_simplified.onnx,./benchmarks/cifar2020/vnnlib/cifar10_spec_idx_21_eps_0.00784_n1.vnnlib,3.714372542,unsat,35.445012223
cifar2020,./benchmarks/cifar2020/onnx/cifar10_2_255_simplified.onnx,./benchmarks/cifar2020/vnnlib/cifar10_spec_idx_23_eps_0.00784_n1.vnnlib,3.715223963,unsat,37.812345509
cifar2020,./benchmarks/cifar2020/onnx/cifar10_2_255_simplified.onnx,./benchmarks/cifar2020/vnnlib/cifar10_spec_idx_25_eps_0.00784_n1.vnnlib,3.691078305,unknown,34.014038674
cifar2020,./benchmarks/cifar2020/onnx/cifar10_2_255_simplified.onnx,./benchmarks/cifar2020/vnnlib/cifar10_spec_idx_26_eps_0.00784_n1.vnnlib,3.715182829,sat,3.920567957
cifar2020,./benchmarks/cifar2020/onnx/cifar10_2_255_simplified.onnx,./benchmarks/cifar2020/vnnlib/cifar10_spec_idx_27_eps_0.00784_n1.vnnlib,3.693089976,unknown,36.330168713
cifar2020,./benchmarks/cifar2020/onnx/cifar10_2_255_simplified.onnx,./benchmarks/cifar2020/vnnlib/cifar10_spec_idx_28_eps_0.00784_n1.vnnlib,3.716918472,sat,3.881161277
cifar2020,./benchmarks/cifar2020/onnx/cifar10_2_255_simplified.onnx,./benchmarks/cifar2020/vnnlib/cifar10_spec_idx_29_eps_0.00784_n1.vnnlib,3.714541676,unsat,42.208315878
cifar2020,./benchmarks/cifar2020/onnx/cifar10_2_255_simplified.onnx,./benchmarks/cifar2020/vnnlib/cifar10_spec_idx_30_eps_0.00784_n1.vnnlib,3.696800176,unknown,42.575572245
cifar2020,./benchmarks/cifar2020/onnx/cifar10_2_255_simplified.onnx,./benchmarks/cifar2020/vnnlib/cifar10_spec_idx_31_eps_0.00784_n1.vnnlib,3.718129571,sat,3.827610201
cifar2020,./benchmarks/cifar2020/onnx/cifar10_2_255_simplified.onnx,./benchmarks/cifar2020/vnnlib/cifar10_spec_idx_32_eps_0.00784_n1.vnnlib,3.731319712,sat,3.888517818
cifar2020,./benchmarks/cifar2020/onnx/cifar10_2_255_simplified.onnx,./benchmarks/cifar2020/vnnlib/cifar10_spec_idx_33_eps_0.00784_n1.vnnlib,3.737783528,unknown,34.788557018
cifar2020,./benchmarks/cifar2020/onnx/cifar10_2_255_simplified.onnx,./benchmarks/cifar2020/vnnlib/cifar10_spec_idx_34_eps_0.00784_n1.vnnlib,3.750914225,unsat,38.252031711
cifar2020,./benchmarks/cifar2020/onnx/cifar10_2_255_simplified.onnx,./benchmarks/cifar2020/vnnlib/cifar10_spec_idx_36_eps_0.00784_n1.vnnlib,3.724812730,sat,3.814650702
cifar2020,./benchmarks/cifar2020/onnx/cifar10_2_255_simplified.onnx,./benchmarks/cifar2020/vnnlib/cifar10_spec_idx_37_eps_0.00784_n1.vnnlib,3.752495035,sat,3.819113532
cifar2020,./benchmarks/cifar2020/onnx/cifar10_2_255_simplified.onnx,./benchmarks/cifar2020/vnnlib/cifar10_spec_idx_38_eps_0.00784_n1.vnnlib,3.764318173,unsat,40.403420230
cifar2020,./benchmarks/cifar2020/onnx/cifar10_2_255_simplified.onnx,./benchmarks/cifar2020/vnnlib/cifar10_spec_idx_39_eps_0.00784_n1.vnnlib,3.691611800,unknown,43.036392830
cifar2020,./benchmarks/cifar2020/onnx/cifar10_2_255_simplified.onnx,./benchmarks/cifar2020/vnnlib/cifar10_spec_idx_40_eps_0.00784_n1.vnnlib,3.700327548,unsat,34.758249291
cifar2020,./benchmarks/cifar2020/onnx/cifar10_2_255_simplified.onnx,./benchmarks/cifar2020/vnnlib/cifar10_spec_idx_41_eps_0.00784_n1.vnnlib,3.698958699,unsat,36.446040554
cifar2020,./benchmarks/cifar2020/onnx/cifar10_2_255_simplified.onnx,./benchmarks/cifar2020/vnnlib/cifar10_spec_idx_42_eps_0.00784_n1.vnnlib,3.722924239,unknown,39.132748323
cifar2020,./benchmarks/cifar2020/onnx/cifar10_2_255_simplified.onnx,./benchmarks/cifar2020/vnnlib/cifar10_spec_idx_43_eps_0.00784_n1.vnnlib,3.752380260,unsat,34.844893970
cifar2020,./benchmarks/cifar2020/onnx/cifar10_2_255_simplified.onnx,./benchmarks/cifar2020/vnnlib/cifar10_spec_idx_44_eps_0.00784_n1.vnnlib,3.687749227,unsat,37.592689615
cifar2020,./benchmarks/cifar2020/onnx/cifar10_2_255_simplified.onnx,./benchmarks/cifar2020/vnnlib/cifar10_spec_idx_45_eps_0.00784_n1.vnnlib,3.706045108,unsat,40.218468385
cifar2020,./benchmarks/cifar2020/onnx/cifar10_2_255_simplified.onnx,./benchmarks/cifar2020/vnnlib/cifar10_spec_idx_46_eps_0.00784_n1.vnnlib,3.749851939,unsat,37.180261383
cifar2020,./benchmarks/cifar2020/onnx/cifar10_2_255_simplified.onnx,./benchmarks/cifar2020/vnnlib/cifar10_spec_idx_48_eps_0.00784_n1.vnnlib,3.730255264,unknown,34.479031390
cifar2020,./benchmarks/cifar2020/onnx/cifar10_2_255_simplified.onnx,./benchmarks/cifar2020/vnnlib/cifar10_spec_idx_50_eps_0.00784_n1.vnnlib,3.714162937,unknown,34.306636650
cifar2020,./benchmarks/cifar2020/onnx/cifar10_2_255_simplified.onnx,./benchmarks/cifar2020/vnnlib/cifar10_spec_idx_51_eps_0.00784_n1.vnnlib,3.724392617,unknown,38.094424198
cifar2020,./benchmarks/cifar2020/onnx/cifar10_2_255_simplified.onnx,./benchmarks/cifar2020/vnnlib/cifar10_spec_idx_53_eps_0.00784_n1.vnnlib,3.707068811,unknown,38.839744480
cifar2020,./benchmarks/cifar2020/onnx/cifar10_2_255_simplified.onnx,./benchmarks/cifar2020/vnnlib/cifar10_spec_idx_54_eps_0.00784_n1.vnnlib,3.709073713,unsat,37.640913304
cifar2020,./benchmarks/cifar2020/onnx/cifar10_2_255_simplified.onnx,./benchmarks/cifar2020/vnnlib/cifar10_spec_idx_55_eps_0.00784_n1.vnnlib,3.725388045,unsat,34.600548486
cifar2020,./benchmarks/cifar2020/onnx/cifar10_2_255_simplified.onnx,./benchmarks/cifar2020/vnnlib/cifar10_spec_idx_60_eps_0.00784_n1.vnnlib,3.730330573,unsat,36.625909432
cifar2020,./benchmarks/cifar2020/onnx/cifar10_2_255_simplified.onnx,./benchmarks/cifar2020/vnnlib/cifar10_spec_idx_62_eps_0.00784_n1.vnnlib,3.715780884,unsat,36.491700853
cifar2020,./benchmarks/cifar2020/onnx/cifar10_2_255_simplified.onnx,./benchmarks/cifar2020/vnnlib/cifar10_spec_idx_64_eps_0.00784_n1.vnnlib,3.702872953,unknown,38.814691370
cifar2020,./benchmarks/cifar2020/onnx/cifar10_2_255_simplified.onnx,./benchmarks/cifar2020/vnnlib/cifar10_spec_idx_65_eps_0.00784_n1.vnnlib,3.732638102,sat,3.908982455
cifar2020,./benchmarks/cifar2020/onnx/cifar10_2_255_simplified.onnx,./benchmarks/cifar2020/vnnlib/cifar10_spec_idx_66_eps_0.00784_n1.vnnlib,3.722989731,unknown,39.758181801
cifar2020,./benchmarks/cifar2020/onnx/cifar10_2_255_simplified.onnx,./benchmarks/cifar2020/vnnlib/cifar10_spec_idx_67_eps_0.00784_n1.vnnlib,3.739557524,unsat,38.594051149
cifar2020,./benchmarks/cifar2020/onnx/cifar10_2_255_simplified.onnx,./benchmarks/cifar2020/vnnlib/cifar10_spec_idx_68_eps_0.00784_n1.vnnlib,3.709155585,unknown,36.646265789
cifar2020,./benchmarks/cifar2020/onnx/cifar10_2_255_simplified.onnx,./benchmarks/cifar2020/vnnlib/cifar10_spec_idx_71_eps_0.00784_n1.vnnlib,3.726470385,unknown,34.999533350
cifar2020,./benchmarks/cifar2020/onnx/cifar10_2_255_simplified.onnx,./benchmarks/cifar2020/vnnlib/cifar10_spec_idx_72_eps_0.00784_n1.vnnlib,3.737548337,unsat,34.261403131
cifar2020,./benchmarks/cifar2020/onnx/cifar10_2_255_simplified.onnx,./benchmarks/cifar2020/vnnlib/cifar10_spec_idx_73_eps_0.00784_n1.vnnlib,3.718212850,unsat,35.897540821
cifar2020,./benchmarks/cifar2020/onnx/cifar10_2_255_simplified.onnx,./benchmarks/cifar2020/vnnlib/cifar10_spec_idx_74_eps_0.00784_n1.vnnlib,3.719397073,sat,3.818907678
cifar2020,./benchmarks/cifar2020/onnx/cifar10_2_255_simplified.onnx,./benchmarks/cifar2020/vnnlib/cifar10_spec_idx_75_eps_0.00784_n1.vnnlib,3.715624191,unsat,34.449709647
cifar2020,./benchmarks/cifar2020/onnx/cifar10_2_255_simplified.onnx,./benchmarks/cifar2020/vnnlib/cifar10_spec_idx_76_eps_0.00784_n1.vnnlib,3.739107193,sat,3.882246799
cifar2020,./benchmarks/cifar2020/onnx/cifar10_2_255_simplified.onnx,./benchmarks/cifar2020/vnnlib/cifar10_spec_idx_77_eps_0.00784_n1.vnnlib,3.726487908,unknown,36.446060250
cifar2020,./benchmarks/cifar2020/onnx/cifar10_2_255_simplified.onnx,./benchmarks/cifar2020/vnnlib/cifar10_spec_idx_78_eps_0.00784_n1.vnnlib,3.743281124,unsat,34.862146971
cifar2020,./benchmarks/cifar2020/onnx/cifar10_2_255_simplified.onnx,./benchmarks/cifar2020/vnnlib/cifar10_spec_idx_79_eps_0.00784_n1.vnnlib,3.746562034,unsat,37.311509397
cifar2020,./benchmarks/cifar2020/onnx/cifar10_2_255_simplified.onnx,./benchmarks/cifar2020/vnnlib/cifar10_spec_idx_80_eps_0.00784_n1.vnnlib,3.727824080,unsat,34.465696541
cifar2020,./benchmarks/cifar2020/onnx/cifar10_2_255_simplified.onnx,./benchmarks/cifar2020/vnnlib/cifar10_spec_idx_81_eps_0.00784_n1.vnnlib,3.732810942,unsat,34.674966147
cifar2020,./benchmarks/cifar2020/onnx/cifar10_2_255_simplified.onnx,./benchmarks/cifar2020/vnnlib/cifar10_spec_idx_82_eps_0.00784_n1.vnnlib,3.721291131,unsat,35.998286994
cifar2020,./benchmarks/cifar2020/onnx/cifar10_2_255_simplified.onnx,./benchmarks/cifar2020/vnnlib/cifar10_spec_idx_83_eps_0.00784_n1.vnnlib,3.705017424,unsat,35.288389836
cifar2020,./benchmarks/cifar2020/onnx/cifar10_2_255_simplified.onnx,./benchmarks/cifar2020/vnnlib/cifar10_spec_idx_84_eps_0.00784_n1.vnnlib,3.742176704,unsat,37.064162075
cifar2020,./benchmarks/cifar2020/onnx/cifar10_2_255_simplified.onnx,./benchmarks/cifar2020/vnnlib/cifar10_spec_idx_86_eps_0.00784_n1.vnnlib,3.683768019,sat,3.897139648
cifar2020,./benchmarks/cifar2020/onnx/cifar10_2_255_simplified.onnx,./benchmarks/cifar2020/vnnlib/cifar10_spec_idx_88_eps_0.00784_n1.vnnlib,3.728760796,unsat,37.918651920
cifar2020,./benchmarks/cifar2020/onnx/cifar10_2_255_simplified.onnx,./benchmarks/cifar2020/vnnlib/cifar10_spec_idx_89_eps_0.00784_n1.vnnlib,3.735378553,unsat,36.206026250
cifar2020,./benchmarks/cifar2020/onnx/cifar10_2_255_simplified.onnx,./benchmarks/cifar2020/vnnlib/cifar10_spec_idx_90_eps_0.00784_n1.vnnlib,3.722439937,unsat,35.675040598
cifar2020,./benchmarks/cifar2020/onnx/cifar10_2_255_simplified.onnx,./benchmarks/cifar2020/vnnlib/cifar10_spec_idx_92_eps_0.00784_n1.vnnlib,3.718706017,unsat,39.500712507
cifar2020,./benchmarks/cifar2020/onnx/cifar10_2_255_simplified.onnx,./benchmarks/cifar2020/vnnlib/cifar10_spec_idx_93_eps_0.00784_n1.vnnlib,3.729325105,unknown,38.959103756
cifar2020,./benchmarks/cifar2020/onnx/cifar10_2_255_simplified.onnx,./benchmarks/cifar2020/vnnlib/cifar10_spec_idx_94_eps_0.00784_n1.vnnlib,3.725351074,unsat,39.089522344
cifar2020,./benchmarks/cifar2020/onnx/cifar10_2_255_simplified.onnx,./benchmarks/cifar2020/vnnlib/cifar10_spec_idx_95_eps_0.00784_n1.vnnlib,3.705576813,sat,3.877395384
cifar2020,./benchmarks/cifar2020/onnx/cifar10_2_255_simplified.onnx,./benchmarks/cifar2020/vnnlib/cifar10_spec_idx_96_eps_0.00784_n1.vnnlib,3.720341191,unsat,39.173608058
cifar2020,./benchmarks/cifar2020/onnx/cifar10_2_255_simplified.onnx,./benchmarks/cifar2020/vnnlib/cifar10_spec_idx_97_eps_0.00784_n1.vnnlib,3.733994929,unsat,39.512916852
cifar2020,./benchmarks/cifar2020/onnx/cifar10_2_255_simplified.onnx,./benchmarks/cifar2020/vnnlib/cifar10_spec_idx_98_eps_0.00784_n1.vnnlib,3.751262910,unsat,33.437285074
cifar2020,./benchmarks/cifar2020/onnx/cifar10_2_255_simplified.onnx,./benchmarks/cifar2020/vnnlib/cifar10_spec_idx_99_eps_0.00784_n1.vnnlib,3.747499533,unsat,39.312836483
cifar2020,./benchmarks/cifar2020/onnx/cifar10_8_255_simplified.onnx,./benchmarks/cifar2020/vnnlib/cifar10_spec_idx_1_eps_0.03137_n1.vnnlib,3.684029556,unknown,11.698553410
cifar2020,./benchmarks/cifar2020/onnx/cifar10_8_255_simplified.onnx,./benchmarks/cifar2020/vnnlib/cifar10_spec_idx_2_eps_0.03137_n1.vnnlib,3.690030581,unknown,11.598510670
cifar2020,./benchmarks/cifar2020/onnx/cifar10_8_255_simplified.onnx,./benchmarks/cifar2020/vnnlib/cifar10_spec_idx_4_eps_0.03137_n1.vnnlib,3.712312644,unknown,12.038740813
cifar2020,./benchmarks/cifar2020/onnx/cifar10_8_255_simplified.onnx,./benchmarks/cifar2020/vnnlib/cifar10_spec_idx_5_eps_0.03137_n1.vnnlib,3.726514553,unknown,11.632287517
cifar2020,./benchmarks/cifar2020/onnx/cifar10_8_255_simplified.onnx,./benchmarks/cifar2020/vnnlib/cifar10_spec_idx_9_eps_0.03137_n1.vnnlib,3.694173987,sat,3.794964347
cifar2020,./benchmarks/cifar2020/onnx/cifar10_8_255_simplified.onnx,./benchmarks/cifar2020/vnnlib/cifar10_spec_idx_10_eps_0.03137_n1.vnnlib,3.693722119,unknown,11.491921738
cifar2020,./benchmarks/cifar2020/onnx/cifar10_8_255_simplified.onnx,./benchmarks/cifar2020/vnnlib/cifar10_spec_idx_11_eps_0.03137_n1.vnnlib,3.719994890,unknown,12.078743907
cifar2020,./benchmarks/cifar2020/onnx/cifar10_8_255_simplified.onnx,./benchmarks/cifar2020/vnnlib/cifar10_spec_idx_13_eps_0.03137_n1.vnnlib,3.713034319,unsat,11.867525733
cifar2020,./benchmarks/cifar2020/onnx/cifar10_8_255_simplified.onnx,./benchmarks/cifar2020/vnnlib/cifar10_spec_idx_14_eps_0.03137_n1.vnnlib,3.700995604,unknown,11.706809793
cifar2020,./benchmarks/cifar2020/onnx/cifar10_8_255_simplified.onnx,./benchmarks/cifar2020/vnnlib/cifar10_spec_idx_15_eps_0.03137_n1.vnnlib,3.717290222,unknown,11.904230728
cifar2020,./benchmarks/cifar2020/onnx/cifar10_8_255_simplified.onnx,./benchmarks/cifar2020/vnnlib/cifar10_spec_idx_16_eps_0.03137_n1.vnnlib,3.730523635,unsat,11.467062159
cifar2020,./benchmarks/cifar2020/onnx/cifar10_8_255_simplified.onnx,./benchmarks/cifar2020/vnnlib/cifar10_spec_idx_18_eps_0.03137_n1.vnnlib,3.687788342,unsat,11.474236448
cifar2020,./benchmarks/cifar2020/onnx/cifar10_8_255_simplified.onnx,./benchmarks/cifar2020/vnnlib/cifar10_spec_idx_19_eps_0.03137_n1.vnnlib,3.753107562,sat,3.864630132
cifar2020,./benchmarks/cifar2020/onnx/cifar10_8_255_simplified.onnx,./benchmarks/cifar2020/vnnlib/cifar10_spec_idx_21_eps_0.03137_n1.vnnlib,3.740842090,unsat,11.448161709
cifar2020,./benchmarks/cifar2020/onnx/cifar10_8_255_simplified.onnx,./benchmarks/cifar2020/vnnlib/cifar10_spec_idx_23_eps_0.03137_n1.vnnlib,3.733296741,sat,3.903233971
cifar2020,./benchmarks/cifar2020/onnx/cifar10_8_255_simplified.onnx,./benchmarks/cifar2020/vnnlib/cifar10_spec_idx_28_eps_0.03137_n1.vnnlib,3.714199848,unknown,11.867112203
cifar2020,./benchmarks/cifar2020/onnx/cifar10_8_255_simplified.onnx,./benchmarks/cifar2020/vnnlib/cifar10_spec_idx_29_eps_0.03137_n1.vnnlib,3.752263239,unknown,11.584405866
cifar2020,./benchmarks/cifar2020/onnx/cifar10_8_255_simplified.onnx,./benchmarks/cifar2020/vnnlib/cifar10_spec_idx_30_eps_0.03137_n1.vnnlib,3.775964272,sat,3.904372276
cifar2020,./benchmarks/cifar2020/onnx/cifar10_8_255_simplified.onnx,./benchmarks/cifar2020/vnnlib/cifar10_spec_idx_32_eps_0.03137_n1.vnnlib,3.713963278,sat,3.877285193
cifar2020,./benchmarks/cifar2020/onnx/cifar10_8_255_simplified.onnx,./benchmarks/cifar2020/vnnlib/cifar10_spec_idx_33_eps_0.03137_n1.vnnlib,3.694282398,sat,3.893185797
cifar2020,./benchmarks/cifar2020/onnx/cifar10_8_255_simplified.onnx,./benchmarks/cifar2020/vnnlib/cifar10_spec_idx_34_eps_0.03137_n1.vnnlib,3.722510855,unknown,11.427399806
cifar2020,./benchmarks/cifar2020/onnx/cifar10_8_255_simplified.onnx,./benchmarks/cifar2020/vnnlib/cifar10_spec_idx_38_eps_0.03137_n1.vnnlib,3.748252468,unknown,11.664604583
cifar2020,./benchmarks/cifar2020/onnx/cifar10_8_255_simplified.onnx,./benchmarks/cifar2020/vnnlib/cifar10_spec_idx_39_eps_0.03137_n1.vnnlib,3.728564127,sat,3.876981114
cifar2020,./benchmarks/cifar2020/onnx/cifar10_8_255_simplified.onnx,./benchmarks/cifar2020/vnnlib/cifar10_spec_idx_41_eps_0.03137_n1.vnnlib,3.702476474,unsat,11.548091840
cifar2020,./benchmarks/cifar2020/onnx/cifar10_8_255_simplified.onnx,./benchmarks/cifar2020/vnnlib/cifar10_spec_idx_44_eps_0.03137_n1.vnnlib,3.727793307,sat,3.846879378
cifar2020,./benchmarks/cifar2020/onnx/cifar10_8_255_simplified.onnx,./benchmarks/cifar2020/vnnlib/cifar10_spec_idx_45_eps_0.03137_n1.vnnlib,3.737585792,unknown,11.500338116
cifar2020,./benchmarks/cifar2020/onnx/cifar10_8_255_simplified.onnx,./benchmarks/cifar2020/vnnlib/cifar10_spec_idx_49_eps_0.03137_n1.vnnlib,3.722499682,unknown,11.669872045
cifar2020,./benchmarks/cifar2020/onnx/cifar10_8_255_simplified.onnx,./benchmarks/cifar2020/vnnlib/cifar10_spec_idx_50_eps_0.03137_n1.vnnlib,3.730634465,unsat,11.640416325
cifar2020,./benchmarks/cifar2020/onnx/cifar10_8_255_simplified.onnx,./benchmarks/cifar2020/vnnlib/cifar10_spec_idx_51_eps_0.03137_n1.vnnlib,3.690036007,unknown,11.597150849
cifar2020,./benchmarks/cifar2020/onnx/cifar10_8_255_simplified.onnx,./benchmarks/cifar2020/vnnlib/cifar10_spec_idx_54_eps_0.03137_n1.vnnlib,3.728804825,unsat,11.631947744
cifar2020,./benchmarks/cifar2020/onnx/cifar10_8_255_simplified.onnx,./benchmarks/cifar2020/vnnlib/cifar10_spec_idx_55_eps_0.03137_n1.vnnlib,3.699050675,unknown,11.897297599
cifar2020,./benchmarks/cifar2020/onnx/cifar10_8_255_simplified.onnx,./benchmarks/cifar2020/vnnlib/cifar10_spec_idx_60_eps_0.03137_n1.vnnlib,3.717783409,sat,3.870815473
cifar2020,./benchmarks/cifar2020/onnx/cifar10_8_255_simplified.onnx,./benchmarks/cifar2020/vnnlib/cifar10_spec_idx_64_eps_0.03137_n1.vnnlib,3.704180183,unknown,11.783841133
cifar2020,./benchmarks/cifar2020/onnx/cifar10_8_255_simplified.onnx,./benchmarks/cifar2020/vnnlib/cifar10_spec_idx_66_eps_0.03137_n1.vnnlib,3.712400558,unknown,11.938019100
cifar2020,./benchmarks/cifar2020/onnx/cifar10_8_255_simplified.onnx,./benchmarks/cifar2020/vnnlib/cifar10_spec_idx_67_eps_0.03137_n1.vnnlib,3.706183787,sat,3.804240496
cifar2020,./benchmarks/cifar2020/onnx/cifar10_8_255_simplified.onnx,./benchmarks/cifar2020/vnnlib/cifar10_spec_idx_71_eps_0.03137_n1.vnnlib,3.741524128,unknown,11.557622693
cifar2020,./benchmarks/cifar2020/onnx/cifar10_8_255_simplified.onnx,./benchmarks/cifar2020/vnnlib/cifar10_spec_idx_72_eps_0.03137_n1.vnnlib,3.719799593,unknown,11.577719132
cifar2020,./benchmarks/cifar2020/onnx/cifar10_8_255_simplified.onnx,./benchmarks/cifar2020/vnnlib/cifar10_spec_idx_73_eps_0.03137_n1.vnnlib,3.704405304,unknown,11.618113959
cifar2020,./benchmarks/cifar2020/onnx/cifar10_8_255_simplified.onnx,./benchmarks/cifar2020/vnnlib/cifar10_spec_idx_74_eps_0.03137_n1.vnnlib,3.693092203,sat,3.801678222
cifar2020,./benchmarks/cifar2020/onnx/cifar10_8_255_simplified.onnx,./benchmarks/cifar2020/vnnlib/cifar10_spec_idx_76_eps_0.03137_n1.vnnlib,3.690968999,unknown,11.677895062
cifar2020,./benchmarks/cifar2020/onnx/cifar10_8_255_simplified.onnx,./benchmarks/cifar2020/vnnlib/cifar10_spec_idx_79_eps_0.03137_n1.vnnlib,3.688242734,sat,3.885823197
cifar2020,./benchmarks/cifar2020/onnx/cifar10_8_255_simplified.onnx,./benchmarks/cifar2020/vnnlib/cifar10_spec_idx_80_eps_0.03137_n1.vnnlib,3.713198414,unknown,11.583022356
cifar2020,./benchmarks/cifar2020/onnx/cifar10_8_255_simplified.onnx,./benchmarks/cifar2020/vnnlib/cifar10_spec_idx_81_eps_0.03137_n1.vnnlib,3.716332660,unsat,11.496491579
cifar2020,./benchmarks/cifar2020/onnx/cifar10_8_255_simplified.onnx,./benchmarks/cifar2020/vnnlib/cifar10_spec_idx_82_eps_0.03137_n1.vnnlib,3.693539857,unsat,11.289377006
cifar2020,./benchmarks/cifar2020/onnx/cifar10_8_255_simplified.onnx,./benchmarks/cifar2020/vnnlib/cifar10_spec_idx_83_eps_0.03137_n1.vnnlib,3.720406030,sat,3.800955483
cifar2020,./benchmarks/cifar2020/onnx/cifar10_8_255_simplified.onnx,./benchmarks/cifar2020/vnnlib/cifar10_spec_idx_84_eps_0.03137_n1.vnnlib,3.710947653,unknown,11.613392426
cifar2020,./benchmarks/cifar2020/onnx/cifar10_8_255_simplified.onnx,./benchmarks/cifar2020/vnnlib/cifar10_spec_idx_86_eps_0.03137_n1.vnnlib,3.727198619,sat,3.808360635
cifar2020,./benchmarks/cifar2020/onnx/cifar10_8_255_simplified.onnx,./benchmarks/cifar2020/vnnlib/cifar10_spec_idx_88_eps_0.03137_n1.vnnlib,3.725170929,unknown,11.614121051
cifar2020,./benchmarks/cifar2020/onnx/cifar10_8_255_simplified.onnx,./benchmarks/cifar2020/vnnlib/cifar10_spec_idx_89_eps_0.03137_n1.vnnlib,3.723272674,sat,3.881274291
cifar2020,./benchmarks/cifar2020/onnx/cifar10_8_255_simplified.onnx,./benchmarks/cifar2020/vnnlib/cifar10_spec_idx_90_eps_0.03137_n1.vnnlib,3.729360947,sat,3.803065852
cifar2020,./benchmarks/cifar2020/onnx/cifar10_8_255_simplified.onnx,./benchmarks/cifar2020/vnnlib/cifar10_spec_idx_92_eps_0.03137_n1.vnnlib,3.713655478,unsat,11.379536687
cifar2020,./benchmarks/cifar2020/onnx/cifar10_8_255_simplified.onnx,./benchmarks/cifar2020/vnnlib/cifar10_spec_idx_95_eps_0.03137_n1.vnnlib,3.716930260,sat,3.790219699
cifar2020,./benchmarks/cifar2020/onnx/cifar10_8_255_simplified.onnx,./benchmarks/cifar2020/vnnlib/cifar10_spec_idx_96_eps_0.03137_n1.vnnlib,3.740746413,unknown,11.587692150
cifar2020,./benchmarks/cifar2020/onnx/cifar10_8_255_simplified.onnx,./benchmarks/cifar2020/vnnlib/cifar10_spec_idx_97_eps_0.03137_n1.vnnlib,3.686067102,unknown,11.624973552
cifar2020,./benchmarks/cifar2020/onnx/cifar10_8_255_simplified.onnx,./benchmarks/cifar2020/vnnlib/cifar10_spec_idx_98_eps_0.03137_n1.vnnlib,3.702933573,unsat,11.499745738
cifar2020,./benchmarks/cifar2020/onnx/cifar10_8_255_simplified.onnx,./benchmarks/cifar2020/vnnlib/cifar10_spec_idx_99_eps_0.03137_n1.vnnlib,3.697262283,sat,3.813065604
cifar2020,./benchmarks/cifar2020/onnx/convBigRELU__PGD.onnx,./benchmarks/cifar2020/vnnlib/cifar10_spec_idx_1_eps_0.00784.vnnlib,3.710727056,unsat,49.876356092
cifar2020,./benchmarks/cifar2020/onnx/convBigRELU__PGD.onnx,./benchmarks/cifar2020/vnnlib/cifar10_spec_idx_2_eps_0.00784.vnnlib,3.761997794,unsat,50.160861263
cifar2020,./benchmarks/cifar2020/onnx/convBigRELU__PGD.onnx,./benchmarks/cifar2020/vnnlib/cifar10_spec_idx_3_eps_0.00784.vnnlib,3.723302804,unknown,51.121562139
cifar2020,./benchmarks/cifar2020/onnx/convBigRELU__PGD.onnx,./benchmarks/cifar2020/vnnlib/cifar10_spec_idx_4_eps_0.00784.vnnlib,3.739167287,unknown,52.473308961
cifar2020,./benchmarks/cifar2020/onnx/convBigRELU__PGD.onnx,./benchmarks/cifar2020/vnnlib/cifar10_spec_idx_5_eps_0.00784.vnnlib,3.753073011,unsat,57.898919296
cifar2020,./benchmarks/cifar2020/onnx/convBigRELU__PGD.onnx,./benchmarks/cifar2020/vnnlib/cifar10_spec_idx_9_eps_0.00784.vnnlib,3.766352573,sat,3.966581219
cifar2020,./benchmarks/cifar2020/onnx/convBigRELU__PGD.onnx,./benchmarks/cifar2020/vnnlib/cifar10_spec_idx_10_eps_0.00784.vnnlib,3.742815814,unsat,55.265428315
cifar2020,./benchmarks/cifar2020/onnx/convBigRELU__PGD.onnx,./benchmarks/cifar2020/vnnlib/cifar10_spec_idx_11_eps_0.00784.vnnlib,3.735461625,unknown,49.729817104
cifar2020,./benchmarks/cifar2020/onnx/convBigRELU__PGD.onnx,./benchmarks/cifar2020/vnnlib/cifar10_spec_idx_13_eps_0.00784.vnnlib,3.736312667,unsat,48.811513360
cifar2020,./benchmarks/cifar2020/onnx/convBigRELU__PGD.onnx,./benchmarks/cifar2020/vnnlib/cifar10_spec_idx_14_eps_0.00784.vnnlib,3.738158445,unknown,55.886658550
cifar2020,./benchmarks/cifar2020/onnx/convBigRELU__PGD.onnx,./benchmarks/cifar2020/vnnlib/cifar10_spec_idx_15_eps_0.00784.vnnlib,3.745412311,unsat,47.253256130
cifar2020,./benchmarks/cifar2020/onnx/convBigRELU__PGD.onnx,./benchmarks/cifar2020/vnnlib/cifar10_spec_idx_18_eps_0.00784.vnnlib,3.722896356,unsat,49.029450036
cifar2020,./benchmarks/cifar2020/onnx/convBigRELU__PGD.onnx,./benchmarks/cifar2020/vnnlib/cifar10_spec_idx_19_eps_0.00784.vnnlib,3.711443692,unknown,50.069521120
cifar2020,./benchmarks/cifar2020/onnx/convBigRELU__PGD.onnx,./benchmarks/cifar2020/vnnlib/cifar10_spec_idx_20_eps_0.00784.vnnlib,3.717297284,unknown,49.346713386
cifar2020,./benchmarks/cifar2020/onnx/convBigRELU__PGD.onnx,./benchmarks/cifar2020/vnnlib/cifar10_spec_idx_21_eps_0.00784.vnnlib,3.789070697,unsat,49.159984061
cifar2020,./benchmarks/cifar2020/onnx/convBigRELU__PGD.onnx,./benchmarks/cifar2020/vnnlib/cifar10_spec_idx_23_eps_0.00784.vnnlib,3.712029445,unsat,50.039518536
cifar2020,./benchmarks/cifar2020/onnx/convBigRELU__PGD.onnx,./benchmarks/cifar2020/vnnlib/cifar10_spec_idx_28_eps_0.00784.vnnlib,3.691140887,sat,3.893674613
cifar2020,./benchmarks/cifar2020/onnx/convBigRELU__PGD.onnx,./benchmarks/cifar2020/vnnlib/cifar10_spec_idx_29_eps_0.00784.vnnlib,3.731630502,unknown,55.536412991
cifar2020,./benchmarks/cifar2020/onnx/convBigRELU__PGD.onnx,./benchmarks/cifar2020/vnnlib/cifar10_spec_idx_30_eps_0.00784.vnnlib,3.787238433,unsat,49.804986142
cifar2020,./benchmarks/cifar2020/onnx/convBigRELU__PGD.onnx,./benchmarks/cifar2020/vnnlib/cifar10_spec_idx_32_eps_0.00784.vnnlib,3.709020317,sat,3.911094080
cifar2020,./benchmarks/cifar2020/onnx/convBigRELU__PGD.onnx,./benchmarks/cifar2020/vnnlib/cifar10_spec_idx_33_eps_0.00784.vnnlib,3.714117998,sat,3.893208173
cifar2020,./benchmarks/cifar2020/onnx/convBigRELU__PGD.onnx,./benchmarks/cifar2020/vnnlib/cifar10_spec_idx_34_eps_0.00784.vnnlib,3.719163311,unsat,49.208342690
cifar2020,./benchmarks/cifar2020/onnx/convBigRELU__PGD.onnx,./benchmarks/cifar2020/vnnlib/cifar10_spec_idx_37_eps_0.00784.vnnlib,3.726974651,unsat,50.368468206
cifar2020,./benchmarks/cifar2020/onnx/convBigRELU__PGD.onnx,./benchmarks/cifar2020/vnnlib/cifar10_spec_idx_38_eps_0.00784.vnnlib,3.741639420,unknown,55.335145478
cifar2020,./benchmarks/cifar2020/onnx/convBigRELU__PGD.onnx,./benchmarks/cifar2020/vnnlib/cifar10_spec_idx_39_eps_0.00784.vnnlib,3.733971544,unknown,51.398360021
cifar2020,./benchmarks/cifar2020/onnx/convBigRELU__PGD.onnx,./benchmarks/cifar2020/vnnlib/cifar10_spec_idx_40_eps_0.00784.vnnlib,3.713732421,sat,3.938232201
cifar2020,./benchmarks/cifar2020/onnx/convBigRELU__PGD.onnx,./benchmarks/cifar2020/vnnlib/cifar10_spec_idx_41_eps_0.00784.vnnlib,3.715443721,unsat,54.066865236
cifar2020,./benchmarks/cifar2020/onnx/convBigRELU__PGD.onnx,./benchmarks/cifar2020/vnnlib/cifar10_spec_idx_43_eps_0.00784.vnnlib,3.705440267,unsat,59.410693292
cifar2020,./benchmarks/cifar2020/onnx/convBigRELU__PGD.onnx,./benchmarks/cifar2020/vnnlib/cifar10_spec_idx_44_eps_0.00784.vnnlib,3.748928629,unsat,49.715436575
cifar2020,./benchmarks/cifar2020/onnx/convBigRELU__PGD.onnx,./benchmarks/cifar2020/vnnlib/cifar10_spec_idx_45_eps_0.00784.vnnlib,3.743188103,unsat,48.993681655
cifar2020,./benchmarks/cifar2020/onnx/convBigRELU__PGD.onnx,./benchmarks/cifar2020/vnnlib/cifar10_spec_idx_50_eps_0.00784.vnnlib,3.738646257,unsat,51.094801662
cifar2020,./benchmarks/cifar2020/onnx/convBigRELU__PGD.onnx,./benchmarks/cifar2020/vnnlib/cifar10_spec_idx_51_eps_0.00784.vnnlib,3.724917842,unknown,51.809003825
cifar2020,./benchmarks/cifar2020/onnx/convBigRELU__PGD.onnx,./benchmarks/cifar2020/vnnlib/cifar10_spec_idx_52_eps_0.00784.vnnlib,3.708533914,sat,3.904953010
cifar2020,./benchmarks/cifar2020/onnx/convBigRELU__PGD.onnx,./benchmarks/cifar2020/vnnlib/cifar10_spec_idx_54_eps_0.00784.vnnlib,3.741436151,unsat,56.613387854
cifar2020,./benchmarks/cifar2020/onnx/convBigRELU__PGD.onnx,./benchmarks/cifar2020/vnnlib/cifar10_spec_idx_55_eps_0.00784.vnnlib,3.757028961,unsat,52.573475032
cifar2020,./benchmarks/cifar2020/onnx/convBigRELU__PGD.onnx,./benchmarks/cifar2020/vnnlib/cifar10_spec_idx_60_eps_0.00784.vnnlib,3.749207705,unknown,60.538018026
cifar2020,./benchmarks/cifar2020/onnx/convBigRELU__PGD.onnx,./benchmarks/cifar2020/vnnlib/cifar10_spec_idx_61_eps_0.00784.vnnlib,3.726300162,sat,3.984679884
cifar2020,./benchmarks/cifar2020/onnx/convBigRELU__PGD.onnx,./benchmarks/cifar2020/vnnlib/cifar10_spec_idx_62_eps_0.00784.vnnlib,3.710743358,unknown,48.331930810
cifar2020,./benchmarks/cifar2020/onnx/convBigRELU__PGD.onnx,./benchmarks/cifar2020/vnnlib/cifar10_spec_idx_64_eps_0.00784.vnnlib,3.702041014,unknown,60.217531779
cifar2020,./benchmarks/cifar2020/onnx/convBigRELU__PGD.onnx,./benchmarks/cifar2020/vnnlib/cifar10_spec_idx_66_eps_0.00784.vnnlib,3.719660268,unsat,56.041921268
cifar2020,./benchmarks/cifar2020/onnx/convBigRELU__PGD.onnx,./benchmarks/cifar2020/vnnlib/cifar10_spec_idx_67_eps_0.00784.vnnlib,3.710921741,unsat,53.491013737
cifar2020,./benchmarks/cifar2020/onnx/convBigRELU__PGD.onnx,./benchmarks/cifar2020/vnnlib/cifar10_spec_idx_71_eps_0.00784.vnnlib,3.737494633,unsat,51.819375270
cifar2020,./benchmarks/cifar2020/onnx/convBigRELU__PGD.onnx,./benchmarks/cifar2020/vnnlib/cifar10_spec_idx_72_eps_0.00784.vnnlib,3.735039377,unsat,49.344920367
cifar2020,./benchmarks/cifar2020/onnx/convBigRELU__PGD.onnx,./benchmarks/cifar2020/vnnlib/cifar10_spec_idx_73_eps_0.00784.vnnlib,3.781327005,unsat,54.714598149
cifar2020,./benchmarks/cifar2020/onnx/convBigRELU__PGD.onnx,./benchmarks/cifar2020/vnnlib/cifar10_spec_idx_75_eps_0.00784.vnnlib,3.750410399,unsat,53.444861935
cifar2020,./benchmarks/cifar2020/onnx/convBigRELU__PGD.onnx,./benchmarks/cifar2020/vnnlib/cifar10_spec_idx_76_eps_0.00784.vnnlib,3.730877547,unknown,50.026763507
cifar2020,./benchmarks/cifar2020/onnx/convBigRELU__PGD.onnx,./benchmarks/cifar2020/vnnlib/cifar10_spec_idx_78_eps_0.00784.vnnlib,3.728577514,unknown,50.790771566
cifar2020,./benchmarks/cifar2020/onnx/convBigRELU__PGD.onnx,./benchmarks/cifar2020/vnnlib/cifar10_spec_idx_79_eps_0.00784.vnnlib,3.709233153,unsat,51.908314846
cifar2020,./benchmarks/cifar2020/onnx/convBigRELU__PGD.onnx,./benchmarks/cifar2020/vnnlib/cifar10_spec_idx_80_eps_0.00784.vnnlib,3.751999283,unsat,52.647351860
cifar2020,./benchmarks/cifar2020/onnx/convBigRELU__PGD.onnx,./benchmarks/cifar2020/vnnlib/cifar10_spec_idx_81_eps_0.00784.vnnlib,3.752702157,unsat,53.273591198
cifar2020,./benchmarks/cifar2020/onnx/convBigRELU__PGD.onnx,./benchmarks/cifar2020/vnnlib/cifar10_spec_idx_82_eps_0.00784.vnnlib,3.717462952,unsat,56.028599234
cifar2020,./benchmarks/cifar2020/onnx/convBigRELU__PGD.onnx,./benchmarks/cifar2020/vnnlib/cifar10_spec_idx_83_eps_0.00784.vnnlib,3.697128193,unsat,49.285730292
cifar2020,./benchmarks/cifar2020/onnx/convBigRELU__PGD.onnx,./benchmarks/cifar2020/vnnlib/cifar10_spec_idx_84_eps_0.00784.vnnlib,3.742904029,unsat,50.524476861
cifar2020,./benchmarks/cifar2020/onnx/convBigRELU__PGD.onnx,./benchmarks/cifar2020/vnnlib/cifar10_spec_idx_86_eps_0.00784.vnnlib,3.721266266,unsat,49.689937635
cifar2020,./benchmarks/cifar2020/onnx/convBigRELU__PGD.onnx,./benchmarks/cifar2020/vnnlib/cifar10_spec_idx_88_eps_0.00784.vnnlib,3.761009670,unsat,55.676963111
cifar2020,./benchmarks/cifar2020/onnx/convBigRELU__PGD.onnx,./benchmarks/cifar2020/vnnlib/cifar10_spec_idx_89_eps_0.00784.vnnlib,3.737691754,unknown,54.629557025
cifar2020,./benchmarks/cifar2020/onnx/convBigRELU__PGD.onnx,./benchmarks/cifar2020/vnnlib/cifar10_spec_idx_90_eps_0.00784.vnnlib,3.758087968,unsat,51.572026730
cifar2020,./benchmarks/cifar2020/onnx/convBigRELU__PGD.onnx,./benchmarks/cifar2020/vnnlib/cifar10_spec_idx_92_eps_0.00784.vnnlib,3.727465728,unsat,51.106629310
cifar2020,./benchmarks/cifar2020/onnx/convBigRELU__PGD.onnx,./benchmarks/cifar2020/vnnlib/cifar10_spec_idx_93_eps_0.00784.vnnlib,3.731673895,unsat,49.977087355
cifar2020,./benchmarks/cifar2020/onnx/convBigRELU__PGD.onnx,./benchmarks/cifar2020/vnnlib/cifar10_spec_idx_94_eps_0.00784.vnnlib,3.729759839,unknown,52.665686550
cifar2020,./benchmarks/cifar2020/onnx/convBigRELU__PGD.onnx,./benchmarks/cifar2020/vnnlib/cifar10_spec_idx_95_eps_0.00784.vnnlib,3.727494620,unknown,50.526959420
cifar2020,./benchmarks/cifar2020/onnx/convBigRELU__PGD.onnx,./benchmarks/cifar2020/vnnlib/cifar10_spec_idx_96_eps_0.00784.vnnlib,3.725963869,unsat,50.459906626
cifar2020,./benchmarks/cifar2020/onnx/convBigRELU__PGD.onnx,./benchmarks/cifar2020/vnnlib/cifar10_spec_idx_97_eps_0.00784.vnnlib,3.737921424,sat,3.893251580
cifar2020,./benchmarks/cifar2020/onnx/convBigRELU__PGD.onnx,./benchmarks/cifar2020/vnnlib/cifar10_spec_idx_98_eps_0.00784.vnnlib,3.772501288,unsat,45.942330593
cifar2020,./benchmarks/cifar2020/onnx/convBigRELU__PGD.onnx,./benchmarks/cifar2020/vnnlib/cifar10_spec_idx_99_eps_0.00784.vnnlib,3.737369204,unknown,51.279750794
cifar2020,./benchmarks/test/test_nano.onnx,./benchmarks/test/test_nano.vnnlib,2.214588528,unsat,3.545146427
mnist_fc,./benchmarks/mnist_fc/onnx/mnist-net_256x2.onnx,./benchmarks/mnist_fc/vnnlib/prop_0_0.03.vnnlib,2.570614937,unsat,3.997248596
mnist_fc,./benchmarks/mnist_fc/onnx/mnist-net_256x2.onnx,./benchmarks/mnist_fc/vnnlib/prop_1_0.03.vnnlib,2.546406861,sat,4.006512384
mnist_fc,./benchmarks/mnist_fc/onnx/mnist-net_256x2.onnx,./benchmarks/mnist_fc/vnnlib/prop_2_0.03.vnnlib,2.615666237,sat,3.806209777
mnist_fc,./benchmarks/mnist_fc/onnx/mnist-net_256x2.onnx,./benchmarks/mnist_fc/vnnlib/prop_3_0.03.vnnlib,2.553799184,unsat,3.753028938
mnist_fc,./benchmarks/mnist_fc/onnx/mnist-net_256x2.onnx,./benchmarks/mnist_fc/vnnlib/prop_4_0.03.vnnlib,2.681840223,unsat,4.281977520
mnist_fc,./benchmarks/mnist_fc/onnx/mnist-net_256x2.onnx,./benchmarks/mnist_fc/vnnlib/prop_5_0.03.vnnlib,2.577818029,unsat,3.730751817
mnist_fc,./benchmarks/mnist_fc/onnx/mnist-net_256x2.onnx,./benchmarks/mnist_fc/vnnlib/prop_6_0.03.vnnlib,2.593358754,unknown,19.981973056
mnist_fc,./benchmarks/mnist_fc/onnx/mnist-net_256x2.onnx,./benchmarks/mnist_fc/vnnlib/prop_7_0.03.vnnlib,2.569088849,unsat,3.782383905
mnist_fc,./benchmarks/mnist_fc/onnx/mnist-net_256x2.onnx,./benchmarks/mnist_fc/vnnlib/prop_8_0.03.vnnlib,2.636865811,unknown,21.319822980
mnist_fc,./benchmarks/mnist_fc/onnx/mnist-net_256x2.onnx,./benchmarks/mnist_fc/vnnlib/prop_9_0.03.vnnlib,2.646542417,unsat,5.453717667
mnist_fc,./benchmarks/mnist_fc/onnx/mnist-net_256x2.onnx,./benchmarks/mnist_fc/vnnlib/prop_10_0.03.vnnlib,2.633722269,unsat,3.839441754
mnist_fc,./benchmarks/mnist_fc/onnx/mnist-net_256x2.onnx,./benchmarks/mnist_fc/vnnlib/prop_11_0.03.vnnlib,2.622963960,unsat,3.792205959
mnist_fc,./benchmarks/mnist_fc/onnx/mnist-net_256x2.onnx,./benchmarks/mnist_fc/vnnlib/prop_12_0.03.vnnlib,2.584120258,sat,3.715603051
mnist_fc,./benchmarks/mnist_fc/onnx/mnist-net_256x2.onnx,./benchmarks/mnist_fc/vnnlib/prop_13_0.03.vnnlib,2.575442383,unsat,4.092528661
mnist_fc,./benchmarks/mnist_fc/onnx/mnist-net_256x2.onnx,./benchmarks/mnist_fc/vnnlib/prop_14_0.03.vnnlib,2.605968166,unsat,3.839959156
mnist_fc,./benchmarks/mnist_fc/onnx/mnist-net_256x2.onnx,./benchmarks/mnist_fc/vnnlib/prop_0_0.05.vnnlib,2.659037022,sat,3.795135135
mnist_fc,./benchmarks/mnist_fc/onnx/mnist-net_256x2.onnx,./benchmarks/mnist_fc/vnnlib/prop_1_0.05.vnnlib,2.641871459,sat,3.673839593
mnist_fc,./benchmarks/mnist_fc/onnx/mnist-net_256x2.onnx,./benchmarks/mnist_fc/vnnlib/prop_2_0.05.vnnlib,2.690426994,sat,3.739580166
mnist_fc,./benchmarks/mnist_fc/onnx/mnist-net_256x2.onnx,./benchmarks/mnist_fc/vnnlib/prop_3_0.05.vnnlib,2.574872952,unsat,3.925751757
mnist_fc,./benchmarks/mnist_fc/onnx/mnist-net_256x2.onnx,./benchmarks/mnist_fc/vnnlib/prop_4_0.05.vnnlib,2.610262512,sat,6.669249811
mnist_fc,./benchmarks/mnist_fc/onnx/mnist-net_256x2.onnx,./benchmarks/mnist_fc/vnnlib/prop_5_0.05.vnnlib,2.614116457,sat,3.641673641
mnist_fc,./benchmarks/mnist_fc/onnx/mnist-net_256x2.onnx,./benchmarks/mnist_fc/vnnlib/prop_6_0.05.vnnlib,2.623463270,sat,3.718088535
mnist_fc,./benchmarks/mnist_fc/onnx/mnist-net_256x2.onnx,./benchmarks/mnist_fc/vnnlib/prop_7_0.05.vnnlib,2.598600777,unsat,3.752260549
mnist_fc,./benchmarks/mnist_fc/onnx/mnist-net_256x2.onnx,./benchmarks/mnist_fc/vnnlib/prop_8_0.05.vnnlib,2.569466880,sat,3.742908624
mnist_fc,./benchmarks/mnist_fc/onnx/mnist-net_256x2.onnx,./benchmarks/mnist_fc/vnnlib/prop_9_0.05.vnnlib,2.595878698,unknown,20.450077586
mnist_fc,./benchmarks/mnist_fc/onnx/mnist-net_256x2.onnx,./benchmarks/mnist_fc/vnnlib/prop_10_0.05.vnnlib,2.563361202,unknown,20.719920926
mnist_fc,./benchmarks/mnist_fc/onnx/mnist-net_256x2.onnx,./benchmarks/mnist_fc/vnnlib/prop_11_0.05.vnnlib,2.579901679,unknown,20.368922899
mnist_fc,./benchmarks/mnist_fc/onnx/mnist-net_256x2.onnx,./benchmarks/mnist_fc/vnnlib/prop_12_0.05.vnnlib,2.582109999,sat,3.728837377
mnist_fc,./benchmarks/mnist_fc/onnx/mnist-net_256x2.onnx,./benchmarks/mnist_fc/vnnlib/prop_13_0.05.vnnlib,2.594935116,unsat,7.410683775
mnist_fc,./benchmarks/mnist_fc/onnx/mnist-net_256x2.onnx,./benchmarks/mnist_fc/vnnlib/prop_14_0.05.vnnlib,2.630016655,unknown,20.221462203
mnist_fc,./benchmarks/mnist_fc/onnx/mnist-net_256x4.onnx,./benchmarks/mnist_fc/vnnlib/prop_0_0.03.vnnlib,2.624265043,unsat,3.925409663
mnist_fc,./benchmarks/mnist_fc/onnx/mnist-net_256x4.onnx,./benchmarks/mnist_fc/vnnlib/prop_1_0.03.vnnlib,2.650431622,sat,4.013192883
mnist_fc,./benchmarks/mnist_fc/onnx/mnist-net_256x4.onnx,./benchmarks/mnist_fc/vnnlib/prop_2_0.03.vnnlib,2.629203603,unsat,5.920632655
mnist_fc,./benchmarks/mnist_fc/onnx/mnist-net_256x4.onnx,./benchmarks/mnist_fc/vnnlib/prop_3_0.03.vnnlib,2.636909257,unsat,4.002126074
mnist_fc,./benchmarks/mnist_fc/onnx/mnist-net_256x4.onnx,./benchmarks/mnist_fc/vnnlib/prop_4_0.03.vnnlib,2.555497367,unsat,4.003560682
mnist_fc,./benchmarks/mnist_fc/onnx/mnist-net_256x4.onnx,./benchmarks/mnist_fc/vnnlib/prop_5_0.03.vnnlib,2.595061409,unsat,3.996560020
mnist_fc,./benchmarks/mnist_fc/onnx/mnist-net_256x4.onnx,./benchmarks/mnist_fc/vnnlib/prop_6_0.03.vnnlib,2.586477221,unknown,40.722457241
mnist_fc,./benchmarks/mnist_fc/onnx/mnist-net_256x4.onnx,./benchmarks/mnist_fc/vnnlib/prop_7_0.03.vnnlib,2.645584575,unsat,3.883425944
mnist_fc,./benchmarks/mnist_fc/onnx/mnist-net_256x4.onnx,./benchmarks/mnist_fc/vnnlib/prop_8_0.03.vnnlib,2.617770036,unknown,39.043432157
mnist_fc,./benchmarks/mnist_fc/onnx/mnist-net_256x4.onnx,./benchmarks/mnist_fc/vnnlib/prop_9_0.03.vnnlib,2.605690012,unsat,3.853406231
mnist_fc,./benchmarks/mnist_fc/onnx/mnist-net_256x4.onnx,./benchmarks/mnist_fc/vnnlib/prop_10_0.03.vnnlib,2.590600648,unsat,3.971802771
mnist_fc,./benchmarks/mnist_fc/onnx/mnist-net_256x4.onnx,./benchmarks/mnist_fc/vnnlib/prop_11_0.03.vnnlib,2.589959311,unsat,4.063532886
mnist_fc,./benchmarks/mnist_fc/onnx/mnist-net_256x4.onnx,./benchmarks/mnist_fc/vnnlib/prop_12_0.03.vnnlib,2.578944695,unsat,3.894355492
mnist_fc,./benchmarks/mnist_fc/onnx/mnist-net_256x4.onnx,./benchmarks/mnist_fc/vnnlib/prop_13_0.03.vnnlib,2.688862800,unsat,3.860120364
mnist_fc,./benchmarks/mnist_fc/onnx/mnist-net_256x4.onnx,./benchmarks/mnist_fc/vnnlib/prop_14_0.03.vnnlib,2.576106711,unsat,4.167837720
mnist_fc,./benchmarks/mnist_fc/onnx/mnist-net_256x4.onnx,./benchmarks/mnist_fc/vnnlib/prop_0_0.05.vnnlib,2.656978107,unknown,40.626499014
mnist_fc,./benchmarks/mnist_fc/onnx/mnist-net_256x4.onnx,./benchmarks/mnist_fc/vnnlib/prop_1_0.05.vnnlib,2.625912901,sat,4.044829845
mnist_fc,./benchmarks/mnist_fc/onnx/mnist-net_256x4.onnx,./benchmarks/mnist_fc/vnnlib/prop_2_0.05.vnnlib,2.571464452,unknown,40.000069186
mnist_fc,./benchmarks/mnist_fc/onnx/mnist-net_256x4.onnx,./benchmarks/mnist_fc/vnnlib/prop_3_0.05.vnnlib,2.605015538,unknown,38.326903180
mnist_fc,./benchmarks/mnist_fc/onnx/mnist-net_256x4.onnx,./benchmarks/mnist_fc/vnnlib/prop_4_0.05.vnnlib,2.576237171,unknown,40.015753967
mnist_fc,./benchmarks/mnist_fc/onnx/mnist-net_256x4.onnx,./benchmarks/mnist_fc/vnnlib/prop_5_0.05.vnnlib,2.598575802,unknown,41.209262981
mnist_fc,./benchmarks/mnist_fc/onnx/mnist-net_256x4.onnx,./benchmarks/mnist_fc/vnnlib/prop_6_0.05.vnnlib,2.585760938,unknown,39.618284595
mnist_fc,./benchmarks/mnist_fc/onnx/mnist-net_256x4.onnx,./benchmarks/mnist_fc/vnnlib/prop_7_0.05.vnnlib,2.620685269,unknown,40.714463076
mnist_fc,./benchmarks/mnist_fc/onnx/mnist-net_256x4.onnx,./benchmarks/mnist_fc/vnnlib/prop_8_0.05.vnnlib,2.554884637,unknown,41.285190069
mnist_fc,./benchmarks/mnist_fc/onnx/mnist-net_256x4.onnx,./benchmarks/mnist_fc/vnnlib/prop_9_0.05.vnnlib,2.581057919,unknown,39.997751972
mnist_fc,./benchmarks/mnist_fc/onnx/mnist-net_256x4.onnx,./benchmarks/mnist_fc/vnnlib/prop_10_0.05.vnnlib,2.645872765,unknown,38.402908717
mnist_fc,./benchmarks/mnist_fc/onnx/mnist-net_256x4.onnx,./benchmarks/mnist_fc/vnnlib/prop_11_0.05.vnnlib,2.585265871,unknown,39.050437486
mnist_fc,./benchmarks/mnist_fc/onnx/mnist-net_256x4.onnx,./benchmarks/mnist_fc/vnnlib/prop_12_0.05.vnnlib,2.626904575,unknown,40.225684759
mnist_fc,./benchmarks/mnist_fc/onnx/mnist-net_256x4.onnx,./benchmarks/mnist_fc/vnnlib/prop_13_0.05.vnnlib,2.596936390,unknown,41.322635692
mnist_fc,./benchmarks/mnist_fc/onnx/mnist-net_256x4.onnx,./benchmarks/mnist_fc/vnnlib/prop_14_0.05.vnnlib,2.608656007,unknown,40.528799770
mnist_fc,./benchmarks/mnist_fc/onnx/mnist-net_256x6.onnx,./benchmarks/mnist_fc/vnnlib/prop_0_0.03.vnnlib,2.589141664,unsat,3.958226450
mnist_fc,./benchmarks/mnist_fc/onnx/mnist-net_256x6.onnx,./benchmarks/mnist_fc/vnnlib/prop_1_0.03.vnnlib,2.575805096,unknown,63.545930289
mnist_fc,./benchmarks/mnist_fc/onnx/mnist-net_256x6.onnx,./benchmarks/mnist_fc/vnnlib/prop_2_0.03.vnnlib,2.650082728,unsat,4.550214325
mnist_fc,./benchmarks/mnist_fc/onnx/mnist-net_256x6.onnx,./benchmarks/mnist_fc/vnnlib/prop_3_0.03.vnnlib,2.642640147,unsat,4.060005842
mnist_fc,./benchmarks/mnist_fc/onnx/mnist-net_256x6.onnx,./benchmarks/mnist_fc/vnnlib/prop_4_0.03.vnnlib,2.700330508,unsat,4.023541555
mnist_fc,./benchmarks/mnist_fc/onnx/mnist-net_256x6.onnx,./benchmarks/mnist_fc/vnnlib/prop_5_0.03.vnnlib,2.603732168,unsat,4.031049215
mnist_fc,./benchmarks/mnist_fc/onnx/mnist-net_256x6.onnx,./benchmarks/mnist_fc/vnnlib/prop_6_0.03.vnnlib,2.673404119,sat,3.764542236
mnist_fc,./benchmarks/mnist_fc/onnx/mnist-net_256x6.onnx,./benchmarks/mnist_fc/vnnlib/prop_7_0.03.vnnlib,2.626174976,unknown,59.990690818
mnist_fc,./benchmarks/mnist_fc/onnx/mnist-net_256x6.onnx,./benchmarks/mnist_fc/vnnlib/prop_8_0.03.vnnlib,2.657787925,unsat,4.125306530
mnist_fc,./benchmarks/mnist_fc/onnx/mnist-net_256x6.onnx,./benchmarks/mnist_fc/vnnlib/prop_9_0.03.vnnlib,2.678014681,unknown,62.094089493
mnist_fc,./benchmarks/mnist_fc/onnx/mnist-net_256x6.onnx,./benchmarks/mnist_fc/vnnlib/prop_10_0.03.vnnlib,2.651430403,unsat,4.044050134
mnist_fc,./benchmarks/mnist_fc/onnx/mnist-net_256x6.onnx,./benchmarks/mnist_fc/vnnlib/prop_11_0.03.vnnlib,2.594589712,unsat,4.144496354
mnist_fc,./benchmarks/mnist_fc/onnx/mnist-net_256x6.onnx,./benchmarks/mnist_fc/vnnlib/prop_12_0.03.vnnlib,2.649896189,unknown,61.329111955
mnist_fc,./benchmarks/mnist_fc/onnx/mnist-net_256x6.onnx,./benchmarks/mnist_fc/vnnlib/prop_13_0.03.vnnlib,2.619208723,unsat,4.114256450
mnist_fc,./benchmarks/mnist_fc/onnx/mnist-net_256x6.onnx,./benchmarks/mnist_fc/vnnlib/prop_14_0.03.vnnlib,2.674350317,unsat,4.091391551
mnist_fc,./benchmarks/mnist_fc/onnx/mnist-net_256x6.onnx,./benchmarks/mnist_fc/vnnlib/prop_0_0.05.vnnlib,2.630390154,unknown,65.439942962
mnist_fc,./benchmarks/mnist_fc/onnx/mnist-net_256x6.onnx,./benchmarks/mnist_fc/vnnlib/prop_1_0.05.vnnlib,2.662758603,sat,4.735007757
mnist_fc,./benchmarks/mnist_fc/onnx/mnist-net_256x6.onnx,./benchmarks/mnist_fc/vnnlib/prop_2_0.05.vnnlib,2.615470254,unknown,63.703466506
mnist_fc,./benchmarks/mnist_fc/onnx/mnist-net_256x6.onnx,./benchmarks/mnist_fc/vnnlib/prop_3_0.05.vnnlib,2.640800714,unknown,66.609879716
mnist_fc,./benchmarks/mnist_fc/onnx/mnist-net_256x6.onnx,./benchmarks/mnist_fc/vnnlib/prop_4_0.05.vnnlib,2.640233877,unknown,66.896639790
mnist_fc,./benchmarks/mnist_fc/onnx/mnist-net_256x6.onnx,./benchmarks/mnist_fc/vnnlib/prop_5_0.05.vnnlib,2.675321424,unknown,63.271800501
mnist_fc,./benchmarks/mnist_fc/onnx/mnist-net_256x6.onnx,./benchmarks/mnist_fc/vnnlib/prop_6_0.05.vnnlib,2.632153241,sat,3.717364099
mnist_fc,./benchmarks/mnist_fc/onnx/mnist-net_256x6.onnx,./benchmarks/mnist_fc/vnnlib/prop_7_0.05.vnnlib,2.679795145,unknown,65.106167386
mnist_fc,./benchmarks/mnist_fc/onnx/mnist-net_256x6.onnx,./benchmarks/mnist_fc/vnnlib/prop_8_0.05.vnnlib,2.562916422,unknown,65.421860986
mnist_fc,./benchmarks/mnist_fc/onnx/mnist-net_256x6.onnx,./benchmarks/mnist_fc/vnnlib/prop_9_0.05.vnnlib,2.699948259,unknown,66.178031100
mnist_fc,./benchmarks/mnist_fc/onnx/mnist-net_256x6.onnx,./benchmarks/mnist_fc/vnnlib/prop_10_0.05.vnnlib,2.618656546,unknown,65.047072138
mnist_fc,./benchmarks/mnist_fc/onnx/mnist-net_256x6.onnx,./benchmarks/mnist_fc/vnnlib/prop_11_0.05.vnnlib,2.637911311,unknown,64.643138734
mnist_fc,./benchmarks/mnist_fc/onnx/mnist-net_256x6.onnx,./benchmarks/mnist_fc/vnnlib/prop_12_0.05.vnnlib,2.618473706,unknown,64.291531232
mnist_fc,./benchmarks/mnist_fc/onnx/mnist-net_256x6.onnx,./benchmarks/mnist_fc/vnnlib/prop_13_0.05.vnnlib,2.744364264,unknown,64.835913313
mnist_fc,./benchmarks/mnist_fc/onnx/mnist-net_256x6.onnx,./benchmarks/mnist_fc/vnnlib/prop_14_0.05.vnnlib,2.635570485,unknown,65.121330030
mnist_fc,./benchmarks/test/test_nano.onnx,./benchmarks/test/test_nano.vnnlib,2.353166506,unsat,3.649719937
