acasxu,./benchmarks/acasxu/onnx/ACASXU_run2a_1_1_batch_2000.onnx,./benchmarks/acasxu/vnnlib/prop_1.vnnlib,.003397921,unsat,6.874818852
acasxu,./benchmarks/acasxu/onnx/ACASXU_run2a_1_2_batch_2000.onnx,./benchmarks/acasxu/vnnlib/prop_1.vnnlib,.003323020,unsat,6.798511393
acasxu,./benchmarks/acasxu/onnx/ACASXU_run2a_1_3_batch_2000.onnx,./benchmarks/acasxu/vnnlib/prop_1.vnnlib,.003390521,unsat,6.866929730
acasxu,./benchmarks/acasxu/onnx/ACASXU_run2a_1_4_batch_2000.onnx,./benchmarks/acasxu/vnnlib/prop_1.vnnlib,.003391521,unsat,6.803595826
acasxu,./benchmarks/acasxu/onnx/ACASXU_run2a_1_5_batch_2000.onnx,./benchmarks/acasxu/vnnlib/prop_1.vnnlib,.003345571,unsat,6.785512522
acasxu,./benchmarks/acasxu/onnx/ACASXU_run2a_1_6_batch_2000.onnx,./benchmarks/acasxu/vnnlib/prop_1.vnnlib,.003249970,unsat,6.787454238
acasxu,./benchmarks/acasxu/onnx/ACASXU_run2a_1_7_batch_2000.onnx,./benchmarks/acasxu/vnnlib/prop_1.vnnlib,.003531624,unsat,6.815236755
acasxu,./benchmarks/acasxu/onnx/ACASXU_run2a_1_8_batch_2000.onnx,./benchmarks/acasxu/vnnlib/prop_1.vnnlib,.003346941,unsat,6.784700733
acasxu,./benchmarks/acasxu/onnx/ACASXU_run2a_1_9_batch_2000.onnx,./benchmarks/acasxu/vnnlib/prop_1.vnnlib,.003391683,unsat,6.766578488
acasxu,./benchmarks/acasxu/onnx/ACASXU_run2a_2_1_batch_2000.onnx,./benchmarks/acasxu/vnnlib/prop_1.vnnlib,.003298081,unsat,6.790450495
acasxu,./benchmarks/acasxu/onnx/ACASXU_run2a_2_2_batch_2000.onnx,./benchmarks/acasxu/vnnlib/prop_1.vnnlib,.003297541,unsat,6.930772378
acasxu,./benchmarks/acasxu/onnx/ACASXU_run2a_2_3_batch_2000.onnx,./benchmarks/acasxu/vnnlib/prop_1.vnnlib,.003476185,unsat,6.802694357
acasxu,./benchmarks/acasxu/onnx/ACASXU_run2a_2_4_batch_2000.onnx,./benchmarks/acasxu/vnnlib/prop_1.vnnlib,.003190570,unsat,6.842064108
acasxu,./benchmarks/acasxu/onnx/ACASXU_run2a_2_5_batch_2000.onnx,./benchmarks/acasxu/vnnlib/prop_1.vnnlib,.003191198,unsat,6.987282392
acasxu,./benchmarks/acasxu/onnx/ACASXU_run2a_2_6_batch_2000.onnx,./benchmarks/acasxu/vnnlib/prop_1.vnnlib,.003318051,unsat,7.007617550
acasxu,./benchmarks/acasxu/onnx/ACASXU_run2a_2_7_batch_2000.onnx,./benchmarks/acasxu/vnnlib/prop_1.vnnlib,.003196329,unsat,7.040670569
acasxu,./benchmarks/acasxu/onnx/ACASXU_run2a_2_8_batch_2000.onnx,./benchmarks/acasxu/vnnlib/prop_1.vnnlib,.003202660,unsat,7.074800016
acasxu,./benchmarks/acasxu/onnx/ACASXU_run2a_2_9_batch_2000.onnx,./benchmarks/acasxu/vnnlib/prop_1.vnnlib,.003283781,unsat,7.052917711
acasxu,./benchmarks/acasxu/onnx/ACASXU_run2a_3_1_batch_2000.onnx,./benchmarks/acasxu/vnnlib/prop_1.vnnlib,.003252319,unsat,6.801194852
acasxu,./benchmarks/acasxu/onnx/ACASXU_run2a_3_2_batch_2000.onnx,./benchmarks/acasxu/vnnlib/prop_1.vnnlib,.003241719,unsat,6.803763116
acasxu,./benchmarks/acasxu/onnx/ACASXU_run2a_3_3_batch_2000.onnx,./benchmarks/acasxu/vnnlib/prop_1.vnnlib,.003517113,unsat,6.844925788
acasxu,./benchmarks/acasxu/onnx/ACASXU_run2a_3_4_batch_2000.onnx,./benchmarks/acasxu/vnnlib/prop_1.vnnlib,.003493704,unsat,6.870718584
acasxu,./benchmarks/acasxu/onnx/ACASXU_run2a_3_5_batch_2000.onnx,./benchmarks/acasxu/vnnlib/prop_1.vnnlib,.003217010,unsat,6.991116830
acasxu,./benchmarks/acasxu/onnx/ACASXU_run2a_3_6_batch_2000.onnx,./benchmarks/acasxu/vnnlib/prop_1.vnnlib,.003340931,unsat,7.030178427
acasxu,./benchmarks/acasxu/onnx/ACASXU_run2a_3_7_batch_2000.onnx,./benchmarks/acasxu/vnnlib/prop_1.vnnlib,.003204779,unsat,7.043062033
acasxu,./benchmarks/acasxu/onnx/ACASXU_run2a_3_8_batch_2000.onnx,./benchmarks/acasxu/vnnlib/prop_1.vnnlib,.003314711,unsat,7.077687591
acasxu,./benchmarks/acasxu/onnx/ACASXU_run2a_3_9_batch_2000.onnx,./benchmarks/acasxu/vnnlib/prop_1.vnnlib,.003316660,unsat,7.202507382
acasxu,./benchmarks/acasxu/onnx/ACASXU_run2a_4_1_batch_2000.onnx,./benchmarks/acasxu/vnnlib/prop_1.vnnlib,.003470402,unsat,6.992058734
acasxu,./benchmarks/acasxu/onnx/ACASXU_run2a_4_2_batch_2000.onnx,./benchmarks/acasxu/vnnlib/prop_1.vnnlib,.003420082,unsat,6.812212642
acasxu,./benchmarks/acasxu/onnx/ACASXU_run2a_4_3_batch_2000.onnx,./benchmarks/acasxu/vnnlib/prop_1.vnnlib,.003278770,unsat,6.808787206
acasxu,./benchmarks/acasxu/onnx/ACASXU_run2a_4_4_batch_2000.onnx,./benchmarks/acasxu/vnnlib/prop_1.vnnlib,.003214960,unsat,6.872378957
acasxu,./benchmarks/acasxu/onnx/ACASXU_run2a_4_5_batch_2000.onnx,./benchmarks/acasxu/vnnlib/prop_1.vnnlib,.003227531,unsat,6.982043864
acasxu,./benchmarks/acasxu/onnx/ACASXU_run2a_4_6_batch_2000.onnx,./benchmarks/acasxu/vnnlib/prop_1.vnnlib,.003365342,unsat,7.116284364
acasxu,./benchmarks/acasxu/onnx/ACASXU_run2a_4_7_batch_2000.onnx,./benchmarks/acasxu/vnnlib/prop_1.vnnlib,.003454953,unsat,7.106526498
acasxu,./benchmarks/acasxu/onnx/ACASXU_run2a_4_8_batch_2000.onnx,./benchmarks/acasxu/vnnlib/prop_1.vnnlib,.003210630,unsat,7.074409067
acasxu,./benchmarks/acasxu/onnx/ACASXU_run2a_4_9_batch_2000.onnx,./benchmarks/acasxu/vnnlib/prop_1.vnnlib,.003451123,unsat,7.119954553
acasxu,./benchmarks/acasxu/onnx/ACASXU_run2a_5_1_batch_2000.onnx,./benchmarks/acasxu/vnnlib/prop_1.vnnlib,.003248440,unsat,6.809274549
acasxu,./benchmarks/acasxu/onnx/ACASXU_run2a_5_2_batch_2000.onnx,./benchmarks/acasxu/vnnlib/prop_1.vnnlib,.003408842,unsat,6.845427305
acasxu,./benchmarks/acasxu/onnx/ACASXU_run2a_5_3_batch_2000.onnx,./benchmarks/acasxu/vnnlib/prop_1.vnnlib,.003339951,unsat,6.822228819
acasxu,./benchmarks/acasxu/onnx/ACASXU_run2a_5_4_batch_2000.onnx,./benchmarks/acasxu/vnnlib/prop_1.vnnlib,.003387552,unsat,6.833806754
acasxu,./benchmarks/acasxu/onnx/ACASXU_run2a_5_5_batch_2000.onnx,./benchmarks/acasxu/vnnlib/prop_1.vnnlib,.003312951,unsat,6.933067086
acasxu,./benchmarks/acasxu/onnx/ACASXU_run2a_5_6_batch_2000.onnx,./benchmarks/acasxu/vnnlib/prop_1.vnnlib,.003388052,unsat,7.011609576
acasxu,./benchmarks/acasxu/onnx/ACASXU_run2a_5_7_batch_2000.onnx,./benchmarks/acasxu/vnnlib/prop_1.vnnlib,.003306850,unsat,7.008806392
acasxu,./benchmarks/acasxu/onnx/ACASXU_run2a_5_8_batch_2000.onnx,./benchmarks/acasxu/vnnlib/prop_1.vnnlib,.003276500,unsat,7.093631567
acasxu,./benchmarks/acasxu/onnx/ACASXU_run2a_5_9_batch_2000.onnx,./benchmarks/acasxu/vnnlib/prop_1.vnnlib,.003380511,unsat,7.003117314
acasxu,./benchmarks/acasxu/onnx/ACASXU_run2a_1_1_batch_2000.onnx,./benchmarks/acasxu/vnnlib/prop_2.vnnlib,.003342631,unsat,7.245569366
acasxu,./benchmarks/acasxu/onnx/ACASXU_run2a_1_2_batch_2000.onnx,./benchmarks/acasxu/vnnlib/prop_2.vnnlib,.003323711,sat,8.058454315
acasxu,./benchmarks/acasxu/onnx/ACASXU_run2a_1_3_batch_2000.onnx,./benchmarks/acasxu/vnnlib/prop_2.vnnlib,.003308960,sat,8.345955223
acasxu,./benchmarks/acasxu/onnx/ACASXU_run2a_1_4_batch_2000.onnx,./benchmarks/acasxu/vnnlib/prop_2.vnnlib,.003375652,sat,7.784150464
acasxu,./benchmarks/acasxu/onnx/ACASXU_run2a_1_5_batch_2000.onnx,./benchmarks/acasxu/vnnlib/prop_2.vnnlib,.003342972,sat,9.091277316
acasxu,./benchmarks/acasxu/onnx/ACASXU_run2a_1_6_batch_2000.onnx,./benchmarks/acasxu/vnnlib/prop_2.vnnlib,.003219479,sat,7.758049788
acasxu,./benchmarks/acasxu/onnx/ACASXU_run2a_1_7_batch_2000.onnx,./benchmarks/acasxu/vnnlib/prop_2.vnnlib,.003328101,unsat,6.999876345
acasxu,./benchmarks/acasxu/onnx/ACASXU_run2a_1_8_batch_2000.onnx,./benchmarks/acasxu/vnnlib/prop_2.vnnlib,.003277370,unsat,6.994088809
acasxu,./benchmarks/acasxu/onnx/ACASXU_run2a_1_9_batch_2000.onnx,./benchmarks/acasxu/vnnlib/prop_2.vnnlib,.003209789,unsat,7.001774215
acasxu,./benchmarks/acasxu/onnx/ACASXU_run2a_2_1_batch_2000.onnx,./benchmarks/acasxu/vnnlib/prop_2.vnnlib,.003301850,sat,3.708132292
acasxu,./benchmarks/acasxu/onnx/ACASXU_run2a_2_2_batch_2000.onnx,./benchmarks/acasxu/vnnlib/prop_2.vnnlib,.003244609,sat,3.686122742
acasxu,./benchmarks/acasxu/onnx/ACASXU_run2a_2_3_batch_2000.onnx,./benchmarks/acasxu/vnnlib/prop_2.vnnlib,.003245729,sat,3.685765006
acasxu,./benchmarks/acasxu/onnx/ACASXU_run2a_2_4_batch_2000.onnx,./benchmarks/acasxu/vnnlib/prop_2.vnnlib,.003270820,sat,3.737444890
acasxu,./benchmarks/acasxu/onnx/ACASXU_run2a_2_5_batch_2000.onnx,./benchmarks/acasxu/vnnlib/prop_2.vnnlib,.003734117,sat,3.719288195
acasxu,./benchmarks/acasxu/onnx/ACASXU_run2a_2_6_batch_2000.onnx,./benchmarks/acasxu/vnnlib/prop_2.vnnlib,.003330810,sat,3.705104759
acasxu,./benchmarks/acasxu/onnx/ACASXU_run2a_2_7_batch_2000.onnx,./benchmarks/acasxu/vnnlib/prop_2.vnnlib,.003312231,sat,3.703598354
acasxu,./benchmarks/acasxu/onnx/ACASXU_run2a_2_8_batch_2000.onnx,./benchmarks/acasxu/vnnlib/prop_2.vnnlib,.003351891,sat,3.699512312
acasxu,./benchmarks/acasxu/onnx/ACASXU_run2a_2_9_batch_2000.onnx,./benchmarks/acasxu/vnnlib/prop_2.vnnlib,.003322391,sat,3.718238284
acasxu,./benchmarks/acasxu/onnx/ACASXU_run2a_3_1_batch_2000.onnx,./benchmarks/acasxu/vnnlib/prop_2.vnnlib,.003204059,sat,3.696072833
acasxu,./benchmarks/acasxu/onnx/ACASXU_run2a_3_2_batch_2000.onnx,./benchmarks/acasxu/vnnlib/prop_2.vnnlib,.003321590,sat,7.767695379
acasxu,./benchmarks/acasxu/onnx/ACASXU_run2a_3_3_batch_2000.onnx,./benchmarks/acasxu/vnnlib/prop_2.vnnlib,.003330870,timeout,119.121430610
acasxu,./benchmarks/acasxu/onnx/ACASXU_run2a_3_4_batch_2000.onnx,./benchmarks/acasxu/vnnlib/prop_2.vnnlib,.003367151,sat,3.714309188
acasxu,./benchmarks/acasxu/onnx/ACASXU_run2a_3_5_batch_2000.onnx,./benchmarks/acasxu/vnnlib/prop_2.vnnlib,.003450703,sat,3.718018445
acasxu,./benchmarks/acasxu/onnx/ACASXU_run2a_3_6_batch_2000.onnx,./benchmarks/acasxu/vnnlib/prop_2.vnnlib,.003451483,sat,3.682960681
acasxu,./benchmarks/acasxu/onnx/ACASXU_run2a_3_7_batch_2000.onnx,./benchmarks/acasxu/vnnlib/prop_2.vnnlib,.003310901,sat,3.688452534
acasxu,./benchmarks/acasxu/onnx/ACASXU_run2a_3_8_batch_2000.onnx,./benchmarks/acasxu/vnnlib/prop_2.vnnlib,.003370651,sat,3.814146311
acasxu,./benchmarks/acasxu/onnx/ACASXU_run2a_3_9_batch_2000.onnx,./benchmarks/acasxu/vnnlib/prop_2.vnnlib,.003257649,sat,3.692761700
acasxu,./benchmarks/acasxu/onnx/ACASXU_run2a_4_1_batch_2000.onnx,./benchmarks/acasxu/vnnlib/prop_2.vnnlib,.003195960,sat,3.798135077
acasxu,./benchmarks/acasxu/onnx/ACASXU_run2a_4_2_batch_2000.onnx,./benchmarks/acasxu/vnnlib/prop_2.vnnlib,.003256500,unsat,51.069607404
acasxu,./benchmarks/acasxu/onnx/ACASXU_run2a_4_3_batch_2000.onnx,./benchmarks/acasxu/vnnlib/prop_2.vnnlib,.003187449,sat,3.687144383
acasxu,./benchmarks/acasxu/onnx/ACASXU_run2a_4_4_batch_2000.onnx,./benchmarks/acasxu/vnnlib/prop_2.vnnlib,.003401436,sat,3.690188252
acasxu,./benchmarks/acasxu/onnx/ACASXU_run2a_4_5_batch_2000.onnx,./benchmarks/acasxu/vnnlib/prop_2.vnnlib,.003285853,sat,3.717928450
acasxu,./benchmarks/acasxu/onnx/ACASXU_run2a_4_6_batch_2000.onnx,./benchmarks/acasxu/vnnlib/prop_2.vnnlib,.003299233,sat,3.691631754
acasxu,./benchmarks/acasxu/onnx/ACASXU_run2a_4_7_batch_2000.onnx,./benchmarks/acasxu/vnnlib/prop_2.vnnlib,.003298123,sat,3.678186305
acasxu,./benchmarks/acasxu/onnx/ACASXU_run2a_4_8_batch_2000.onnx,./benchmarks/acasxu/vnnlib/prop_2.vnnlib,.003158069,sat,3.684120938
acasxu,./benchmarks/acasxu/onnx/ACASXU_run2a_4_9_batch_2000.onnx,./benchmarks/acasxu/vnnlib/prop_2.vnnlib,.003272511,sat,7.760233783
acasxu,./benchmarks/acasxu/onnx/ACASXU_run2a_5_1_batch_2000.onnx,./benchmarks/acasxu/vnnlib/prop_2.vnnlib,.003343822,sat,3.702073590
acasxu,./benchmarks/acasxu/onnx/ACASXU_run2a_5_2_batch_2000.onnx,./benchmarks/acasxu/vnnlib/prop_2.vnnlib,.003203239,sat,3.665579297
acasxu,./benchmarks/acasxu/onnx/ACASXU_run2a_5_3_batch_2000.onnx,./benchmarks/acasxu/vnnlib/prop_2.vnnlib,.003340470,timeout,119.678104227
acasxu,./benchmarks/acasxu/onnx/ACASXU_run2a_5_4_batch_2000.onnx,./benchmarks/acasxu/vnnlib/prop_2.vnnlib,.003230088,sat,3.735096471
acasxu,./benchmarks/acasxu/onnx/ACASXU_run2a_5_5_batch_2000.onnx,./benchmarks/acasxu/vnnlib/prop_2.vnnlib,.003436712,sat,3.690525974
acasxu,./benchmarks/acasxu/onnx/ACASXU_run2a_5_6_batch_2000.onnx,./benchmarks/acasxu/vnnlib/prop_2.vnnlib,.003385151,sat,3.672072603
acasxu,./benchmarks/acasxu/onnx/ACASXU_run2a_5_7_batch_2000.onnx,./benchmarks/acasxu/vnnlib/prop_2.vnnlib,.003432961,sat,3.693559024
acasxu,./benchmarks/acasxu/onnx/ACASXU_run2a_5_8_batch_2000.onnx,./benchmarks/acasxu/vnnlib/prop_2.vnnlib,.003253209,sat,3.797474620
acasxu,./benchmarks/acasxu/onnx/ACASXU_run2a_5_9_batch_2000.onnx,./benchmarks/acasxu/vnnlib/prop_2.vnnlib,.003271319,sat,3.679810040
acasxu,./benchmarks/acasxu/onnx/ACASXU_run2a_1_1_batch_2000.onnx,./benchmarks/acasxu/vnnlib/prop_3.vnnlib,.003335120,unsat,11.518883801
acasxu,./benchmarks/acasxu/onnx/ACASXU_run2a_1_2_batch_2000.onnx,./benchmarks/acasxu/vnnlib/prop_3.vnnlib,.003407471,unsat,6.900680995
acasxu,./benchmarks/acasxu/onnx/ACASXU_run2a_1_3_batch_2000.onnx,./benchmarks/acasxu/vnnlib/prop_3.vnnlib,.003225879,unsat,7.136301948
acasxu,./benchmarks/acasxu/onnx/ACASXU_run2a_1_4_batch_2000.onnx,./benchmarks/acasxu/vnnlib/prop_3.vnnlib,.003463222,unsat,6.654459575
acasxu,./benchmarks/acasxu/onnx/ACASXU_run2a_1_5_batch_2000.onnx,./benchmarks/acasxu/vnnlib/prop_3.vnnlib,.003280590,unsat,5.926943879
acasxu,./benchmarks/acasxu/onnx/ACASXU_run2a_1_6_batch_2000.onnx,./benchmarks/acasxu/vnnlib/prop_3.vnnlib,.003270010,unsat,5.369189273
acasxu,./benchmarks/acasxu/onnx/ACASXU_run2a_1_7_batch_2000.onnx,./benchmarks/acasxu/vnnlib/prop_3.vnnlib,.003231109,sat,3.700718406
acasxu,./benchmarks/acasxu/onnx/ACASXU_run2a_1_8_batch_2000.onnx,./benchmarks/acasxu/vnnlib/prop_3.vnnlib,.003320200,sat,3.683660609
acasxu,./benchmarks/acasxu/onnx/ACASXU_run2a_1_9_batch_2000.onnx,./benchmarks/acasxu/vnnlib/prop_3.vnnlib,.003431882,sat,3.640231994
acasxu,./benchmarks/acasxu/onnx/ACASXU_run2a_2_1_batch_2000.onnx,./benchmarks/acasxu/vnnlib/prop_3.vnnlib,.003260509,unsat,6.884955850
acasxu,./benchmarks/acasxu/onnx/ACASXU_run2a_2_2_batch_2000.onnx,./benchmarks/acasxu/vnnlib/prop_3.vnnlib,.003464292,unsat,6.869544645
acasxu,./benchmarks/acasxu/onnx/ACASXU_run2a_2_3_batch_2000.onnx,./benchmarks/acasxu/vnnlib/prop_3.vnnlib,.003214619,unsat,6.789572617
acasxu,./benchmarks/acasxu/onnx/ACASXU_run2a_2_4_batch_2000.onnx,./benchmarks/acasxu/vnnlib/prop_3.vnnlib,.003220889,unsat,5.387983105
acasxu,./benchmarks/acasxu/onnx/ACASXU_run2a_2_5_batch_2000.onnx,./benchmarks/acasxu/vnnlib/prop_3.vnnlib,.003367831,unsat,6.151056925
acasxu,./benchmarks/acasxu/onnx/ACASXU_run2a_2_6_batch_2000.onnx,./benchmarks/acasxu/vnnlib/prop_3.vnnlib,.003293480,unsat,5.376091649
acasxu,./benchmarks/acasxu/onnx/ACASXU_run2a_2_7_batch_2000.onnx,./benchmarks/acasxu/vnnlib/prop_3.vnnlib,.003280850,unsat,5.438826305
acasxu,./benchmarks/acasxu/onnx/ACASXU_run2a_2_8_batch_2000.onnx,./benchmarks/acasxu/vnnlib/prop_3.vnnlib,.003255029,unsat,5.386072716
acasxu,./benchmarks/acasxu/onnx/ACASXU_run2a_2_9_batch_2000.onnx,./benchmarks/acasxu/vnnlib/prop_3.vnnlib,.003267189,unsat,5.418944223
acasxu,./benchmarks/acasxu/onnx/ACASXU_run2a_3_1_batch_2000.onnx,./benchmarks/acasxu/vnnlib/prop_3.vnnlib,.003190438,unsat,6.633042261
acasxu,./benchmarks/acasxu/onnx/ACASXU_run2a_3_2_batch_2000.onnx,./benchmarks/acasxu/vnnlib/prop_3.vnnlib,.003289250,unsat,6.759415130
acasxu,./benchmarks/acasxu/onnx/ACASXU_run2a_3_3_batch_2000.onnx,./benchmarks/acasxu/vnnlib/prop_3.vnnlib,.003190859,unsat,6.723796189
acasxu,./benchmarks/acasxu/onnx/ACASXU_run2a_3_4_batch_2000.onnx,./benchmarks/acasxu/vnnlib/prop_3.vnnlib,.003338730,unsat,6.642547635
acasxu,./benchmarks/acasxu/onnx/ACASXU_run2a_3_5_batch_2000.onnx,./benchmarks/acasxu/vnnlib/prop_3.vnnlib,.003205628,unsat,5.902901092
acasxu,./benchmarks/acasxu/onnx/ACASXU_run2a_3_6_batch_2000.onnx,./benchmarks/acasxu/vnnlib/prop_3.vnnlib,.003306090,unsat,6.631599338
acasxu,./benchmarks/acasxu/onnx/ACASXU_run2a_3_7_batch_2000.onnx,./benchmarks/acasxu/vnnlib/prop_3.vnnlib,.003190528,unsat,5.402869428
acasxu,./benchmarks/acasxu/onnx/ACASXU_run2a_3_8_batch_2000.onnx,./benchmarks/acasxu/vnnlib/prop_3.vnnlib,.003260199,unsat,5.925521226
acasxu,./benchmarks/acasxu/onnx/ACASXU_run2a_3_9_batch_2000.onnx,./benchmarks/acasxu/vnnlib/prop_3.vnnlib,.003366691,unsat,5.941767661
acasxu,./benchmarks/acasxu/onnx/ACASXU_run2a_4_1_batch_2000.onnx,./benchmarks/acasxu/vnnlib/prop_3.vnnlib,.003243379,unsat,6.427502181
acasxu,./benchmarks/acasxu/onnx/ACASXU_run2a_4_2_batch_2000.onnx,./benchmarks/acasxu/vnnlib/prop_3.vnnlib,.003308549,unsat,6.873962467
acasxu,./benchmarks/acasxu/onnx/ACASXU_run2a_4_3_batch_2000.onnx,./benchmarks/acasxu/vnnlib/prop_3.vnnlib,.003404530,unsat,6.855001943
acasxu,./benchmarks/acasxu/onnx/ACASXU_run2a_4_4_batch_2000.onnx,./benchmarks/acasxu/vnnlib/prop_3.vnnlib,.003319440,unsat,6.601014040
acasxu,./benchmarks/acasxu/onnx/ACASXU_run2a_4_5_batch_2000.onnx,./benchmarks/acasxu/vnnlib/prop_3.vnnlib,.003356310,unsat,5.701318754
acasxu,./benchmarks/acasxu/onnx/ACASXU_run2a_4_6_batch_2000.onnx,./benchmarks/acasxu/vnnlib/prop_3.vnnlib,.003409981,unsat,6.667572469
acasxu,./benchmarks/acasxu/onnx/ACASXU_run2a_4_7_batch_2000.onnx,./benchmarks/acasxu/vnnlib/prop_3.vnnlib,.003226238,unsat,6.638343391
acasxu,./benchmarks/acasxu/onnx/ACASXU_run2a_4_8_batch_2000.onnx,./benchmarks/acasxu/vnnlib/prop_3.vnnlib,.003206558,unsat,5.392859439
acasxu,./benchmarks/acasxu/onnx/ACASXU_run2a_4_9_batch_2000.onnx,./benchmarks/acasxu/vnnlib/prop_3.vnnlib,.003287999,unsat,6.627943715
acasxu,./benchmarks/acasxu/onnx/ACASXU_run2a_5_1_batch_2000.onnx,./benchmarks/acasxu/vnnlib/prop_3.vnnlib,.003400091,unsat,6.937718703
acasxu,./benchmarks/acasxu/onnx/ACASXU_run2a_5_2_batch_2000.onnx,./benchmarks/acasxu/vnnlib/prop_3.vnnlib,.003380021,unsat,6.427813762
acasxu,./benchmarks/acasxu/onnx/ACASXU_run2a_5_3_batch_2000.onnx,./benchmarks/acasxu/vnnlib/prop_3.vnnlib,.003346369,unsat,6.200050078
acasxu,./benchmarks/acasxu/onnx/ACASXU_run2a_5_4_batch_2000.onnx,./benchmarks/acasxu/vnnlib/prop_3.vnnlib,.003368511,unsat,6.165484972
acasxu,./benchmarks/acasxu/onnx/ACASXU_run2a_5_5_batch_2000.onnx,./benchmarks/acasxu/vnnlib/prop_3.vnnlib,.003327530,unsat,6.618709941
acasxu,./benchmarks/acasxu/onnx/ACASXU_run2a_5_6_batch_2000.onnx,./benchmarks/acasxu/vnnlib/prop_3.vnnlib,.003285159,unsat,5.882879532
acasxu,./benchmarks/acasxu/onnx/ACASXU_run2a_5_7_batch_2000.onnx,./benchmarks/acasxu/vnnlib/prop_3.vnnlib,.003297850,unsat,5.693847008
acasxu,./benchmarks/acasxu/onnx/ACASXU_run2a_5_8_batch_2000.onnx,./benchmarks/acasxu/vnnlib/prop_3.vnnlib,.003336810,unsat,5.863120859
acasxu,./benchmarks/acasxu/onnx/ACASXU_run2a_5_9_batch_2000.onnx,./benchmarks/acasxu/vnnlib/prop_3.vnnlib,.003285839,unsat,6.608601255
acasxu,./benchmarks/acasxu/onnx/ACASXU_run2a_1_1_batch_2000.onnx,./benchmarks/acasxu/vnnlib/prop_4.vnnlib,.003603655,unsat,7.178875701
acasxu,./benchmarks/acasxu/onnx/ACASXU_run2a_1_2_batch_2000.onnx,./benchmarks/acasxu/vnnlib/prop_4.vnnlib,.003356881,unsat,7.237675143
acasxu,./benchmarks/acasxu/onnx/ACASXU_run2a_1_3_batch_2000.onnx,./benchmarks/acasxu/vnnlib/prop_4.vnnlib,.003231259,unsat,6.981487781
acasxu,./benchmarks/acasxu/onnx/ACASXU_run2a_1_4_batch_2000.onnx,./benchmarks/acasxu/vnnlib/prop_4.vnnlib,.003416591,unsat,6.726786295
acasxu,./benchmarks/acasxu/onnx/ACASXU_run2a_1_5_batch_2000.onnx,./benchmarks/acasxu/vnnlib/prop_4.vnnlib,.003338211,unsat,6.014794235
acasxu,./benchmarks/acasxu/onnx/ACASXU_run2a_1_6_batch_2000.onnx,./benchmarks/acasxu/vnnlib/prop_4.vnnlib,.003261990,unsat,5.956432303
acasxu,./benchmarks/acasxu/onnx/ACASXU_run2a_1_7_batch_2000.onnx,./benchmarks/acasxu/vnnlib/prop_4.vnnlib,.003233140,sat,3.703002049
acasxu,./benchmarks/acasxu/onnx/ACASXU_run2a_1_8_batch_2000.onnx,./benchmarks/acasxu/vnnlib/prop_4.vnnlib,.003306652,sat,3.703874513
acasxu,./benchmarks/acasxu/onnx/ACASXU_run2a_1_9_batch_2000.onnx,./benchmarks/acasxu/vnnlib/prop_4.vnnlib,.003260249,sat,3.652627849
acasxu,./benchmarks/acasxu/onnx/ACASXU_run2a_2_1_batch_2000.onnx,./benchmarks/acasxu/vnnlib/prop_4.vnnlib,.003308010,unsat,6.647525981
acasxu,./benchmarks/acasxu/onnx/ACASXU_run2a_2_2_batch_2000.onnx,./benchmarks/acasxu/vnnlib/prop_4.vnnlib,.003289870,unsat,6.244089658
acasxu,./benchmarks/acasxu/onnx/ACASXU_run2a_2_3_batch_2000.onnx,./benchmarks/acasxu/vnnlib/prop_4.vnnlib,.003373422,unsat,5.924021370
acasxu,./benchmarks/acasxu/onnx/ACASXU_run2a_2_4_batch_2000.onnx,./benchmarks/acasxu/vnnlib/prop_4.vnnlib,.003244460,unsat,6.595655145
acasxu,./benchmarks/acasxu/onnx/ACASXU_run2a_2_5_batch_2000.onnx,./benchmarks/acasxu/vnnlib/prop_4.vnnlib,.003345711,unsat,6.232625574
acasxu,./benchmarks/acasxu/onnx/ACASXU_run2a_2_6_batch_2000.onnx,./benchmarks/acasxu/vnnlib/prop_4.vnnlib,.003325842,unsat,6.190149130
acasxu,./benchmarks/acasxu/onnx/ACASXU_run2a_2_7_batch_2000.onnx,./benchmarks/acasxu/vnnlib/prop_4.vnnlib,.003375352,unsat,6.142619551
acasxu,./benchmarks/acasxu/onnx/ACASXU_run2a_2_8_batch_2000.onnx,./benchmarks/acasxu/vnnlib/prop_4.vnnlib,.003202858,unsat,6.675280995
acasxu,./benchmarks/acasxu/onnx/ACASXU_run2a_2_9_batch_2000.onnx,./benchmarks/acasxu/vnnlib/prop_4.vnnlib,.003346371,unsat,5.420184527
acasxu,./benchmarks/acasxu/onnx/ACASXU_run2a_3_1_batch_2000.onnx,./benchmarks/acasxu/vnnlib/prop_4.vnnlib,.003239250,unsat,6.674561885
acasxu,./benchmarks/acasxu/onnx/ACASXU_run2a_3_2_batch_2000.onnx,./benchmarks/acasxu/vnnlib/prop_4.vnnlib,.003336861,unsat,6.253836297
acasxu,./benchmarks/acasxu/onnx/ACASXU_run2a_3_3_batch_2000.onnx,./benchmarks/acasxu/vnnlib/prop_4.vnnlib,.003217049,unsat,5.690395847
acasxu,./benchmarks/acasxu/onnx/ACASXU_run2a_3_4_batch_2000.onnx,./benchmarks/acasxu/vnnlib/prop_4.vnnlib,.003322652,unsat,5.851438046
acasxu,./benchmarks/acasxu/onnx/ACASXU_run2a_3_5_batch_2000.onnx,./benchmarks/acasxu/vnnlib/prop_4.vnnlib,.003268230,unsat,6.641409748
acasxu,./benchmarks/acasxu/onnx/ACASXU_run2a_3_6_batch_2000.onnx,./benchmarks/acasxu/vnnlib/prop_4.vnnlib,.003305721,unsat,6.648138198
acasxu,./benchmarks/acasxu/onnx/ACASXU_run2a_3_7_batch_2000.onnx,./benchmarks/acasxu/vnnlib/prop_4.vnnlib,.003176369,unsat,6.142602035
acasxu,./benchmarks/acasxu/onnx/ACASXU_run2a_3_8_batch_2000.onnx,./benchmarks/acasxu/vnnlib/prop_4.vnnlib,.003112798,unsat,6.234229738
acasxu,./benchmarks/acasxu/onnx/ACASXU_run2a_3_9_batch_2000.onnx,./benchmarks/acasxu/vnnlib/prop_4.vnnlib,.003247292,unsat,6.634778416
acasxu,./benchmarks/acasxu/onnx/ACASXU_run2a_4_1_batch_2000.onnx,./benchmarks/acasxu/vnnlib/prop_4.vnnlib,.003316633,unsat,5.418369437
acasxu,./benchmarks/acasxu/onnx/ACASXU_run2a_4_2_batch_2000.onnx,./benchmarks/acasxu/vnnlib/prop_4.vnnlib,.003669117,unsat,6.623821941
acasxu,./benchmarks/acasxu/onnx/ACASXU_run2a_4_3_batch_2000.onnx,./benchmarks/acasxu/vnnlib/prop_4.vnnlib,.003396657,unsat,6.193863750
acasxu,./benchmarks/acasxu/onnx/ACASXU_run2a_4_4_batch_2000.onnx,./benchmarks/acasxu/vnnlib/prop_4.vnnlib,.003385273,unsat,6.642611845
acasxu,./benchmarks/acasxu/onnx/ACASXU_run2a_4_5_batch_2000.onnx,./benchmarks/acasxu/vnnlib/prop_4.vnnlib,.003307746,unsat,6.179539614
acasxu,./benchmarks/acasxu/onnx/ACASXU_run2a_4_6_batch_2000.onnx,./benchmarks/acasxu/vnnlib/prop_4.vnnlib,.003269941,unsat,6.163204458
acasxu,./benchmarks/acasxu/onnx/ACASXU_run2a_4_7_batch_2000.onnx,./benchmarks/acasxu/vnnlib/prop_4.vnnlib,.003337053,unsat,5.922485319
acasxu,./benchmarks/acasxu/onnx/ACASXU_run2a_4_8_batch_2000.onnx,./benchmarks/acasxu/vnnlib/prop_4.vnnlib,.003238903,unsat,6.631026470
acasxu,./benchmarks/acasxu/onnx/ACASXU_run2a_4_9_batch_2000.onnx,./benchmarks/acasxu/vnnlib/prop_4.vnnlib,.003189900,unsat,6.177056494
acasxu,./benchmarks/acasxu/onnx/ACASXU_run2a_5_1_batch_2000.onnx,./benchmarks/acasxu/vnnlib/prop_4.vnnlib,.003288122,unsat,6.651730325
acasxu,./benchmarks/acasxu/onnx/ACASXU_run2a_5_2_batch_2000.onnx,./benchmarks/acasxu/vnnlib/prop_4.vnnlib,.003217820,unsat,6.561142450
acasxu,./benchmarks/acasxu/onnx/ACASXU_run2a_5_3_batch_2000.onnx,./benchmarks/acasxu/vnnlib/prop_4.vnnlib,.003298972,unsat,6.596915226
acasxu,./benchmarks/acasxu/onnx/ACASXU_run2a_5_4_batch_2000.onnx,./benchmarks/acasxu/vnnlib/prop_4.vnnlib,.003272651,unsat,5.883057301
acasxu,./benchmarks/acasxu/onnx/ACASXU_run2a_5_5_batch_2000.onnx,./benchmarks/acasxu/vnnlib/prop_4.vnnlib,.003200040,unsat,6.624640647
acasxu,./benchmarks/acasxu/onnx/ACASXU_run2a_5_6_batch_2000.onnx,./benchmarks/acasxu/vnnlib/prop_4.vnnlib,.003194647,unsat,5.391230691
acasxu,./benchmarks/acasxu/onnx/ACASXU_run2a_5_7_batch_2000.onnx,./benchmarks/acasxu/vnnlib/prop_4.vnnlib,.003327069,unsat,5.699392215
acasxu,./benchmarks/acasxu/onnx/ACASXU_run2a_5_8_batch_2000.onnx,./benchmarks/acasxu/vnnlib/prop_4.vnnlib,.003255121,unsat,6.175350224
acasxu,./benchmarks/acasxu/onnx/ACASXU_run2a_5_9_batch_2000.onnx,./benchmarks/acasxu/vnnlib/prop_4.vnnlib,.003202841,unsat,5.888156361
acasxu,./benchmarks/acasxu/onnx/ACASXU_run2a_1_1_batch_2000.onnx,./benchmarks/acasxu/vnnlib/prop_5.vnnlib,.003256801,unsat,13.455892545
acasxu,./benchmarks/acasxu/onnx/ACASXU_run2a_1_1_batch_2000.onnx,./benchmarks/acasxu/vnnlib/prop_6.vnnlib,.003374053,unsat,6.982467670
acasxu,./benchmarks/acasxu/onnx/ACASXU_run2a_1_9_batch_2000.onnx,./benchmarks/acasxu/vnnlib/prop_7.vnnlib,.003222601,sat,8.801316440
acasxu,./benchmarks/acasxu/onnx/ACASXU_run2a_2_9_batch_2000.onnx,./benchmarks/acasxu/vnnlib/prop_8.vnnlib,.003208360,sat,8.097148377
acasxu,./benchmarks/acasxu/onnx/ACASXU_run2a_3_3_batch_2000.onnx,./benchmarks/acasxu/vnnlib/prop_9.vnnlib,.003364873,unsat,8.187214558
acasxu,./benchmarks/acasxu/onnx/ACASXU_run2a_4_5_batch_2000.onnx,./benchmarks/acasxu/vnnlib/prop_10.vnnlib,.003356003,unsat,7.213426029
acasxu,./benchmarks/test/test_nano.onnx,./benchmarks/test/test_nano.vnnlib,.003471505,unsat,4.953028580
