rl_benchmarks,vnncomp2022_benchmarks/benchmarks/rl_benchmarks/onnx/cartpole.onnx,vnncomp2022_benchmarks/benchmarks/rl_benchmarks/vnnlib/cartpole_case_unsafe_0.vnnlib,23.083486364,unsat,6.046860789
rl_benchmarks,vnncomp2022_benchmarks/benchmarks/rl_benchmarks/onnx/cartpole.onnx,vnncomp2022_benchmarks/benchmarks/rl_benchmarks/vnnlib/cartpole_case_unsafe_1.vnnlib,23.048335381,unsat,6.089104213
rl_benchmarks,vnncomp2022_benchmarks/benchmarks/rl_benchmarks/onnx/cartpole.onnx,vnncomp2022_benchmarks/benchmarks/rl_benchmarks/vnnlib/cartpole_case_unsafe_2.vnnlib,22.914254950,unsat,6.057183437
rl_benchmarks,vnncomp2022_benchmarks/benchmarks/rl_benchmarks/onnx/cartpole.onnx,vnncomp2022_benchmarks/benchmarks/rl_benchmarks/vnnlib/cartpole_case_unsafe_3.vnnlib,22.960356109,unsat,6.044235000
rl_benchmarks,vnncomp2022_benchmarks/benchmarks/rl_benchmarks/onnx/cartpole.onnx,vnncomp2022_benchmarks/benchmarks/rl_benchmarks/vnnlib/cartpole_case_unsafe_4.vnnlib,22.961065076,unsat,6.033440738
rl_benchmarks,vnncomp2022_benchmarks/benchmarks/rl_benchmarks/onnx/cartpole.onnx,vnncomp2022_benchmarks/benchmarks/rl_benchmarks/vnnlib/cartpole_case_unsafe_5.vnnlib,22.999878405,unsat,6.035669328
rl_benchmarks,vnncomp2022_benchmarks/benchmarks/rl_benchmarks/onnx/cartpole.onnx,vnncomp2022_benchmarks/benchmarks/rl_benchmarks/vnnlib/cartpole_case_unsafe_6.vnnlib,22.975053303,unsat,6.018614297
rl_benchmarks,vnncomp2022_benchmarks/benchmarks/rl_benchmarks/onnx/cartpole.onnx,vnncomp2022_benchmarks/benchmarks/rl_benchmarks/vnnlib/cartpole_case_unsafe_7.vnnlib,22.955507741,unsat,6.068279554
rl_benchmarks,vnncomp2022_benchmarks/benchmarks/rl_benchmarks/onnx/cartpole.onnx,vnncomp2022_benchmarks/benchmarks/rl_benchmarks/vnnlib/cartpole_case_unsafe_8.vnnlib,23.023189591,unsat,6.038836848
rl_benchmarks,vnncomp2022_benchmarks/benchmarks/rl_benchmarks/onnx/cartpole.onnx,vnncomp2022_benchmarks/benchmarks/rl_benchmarks/vnnlib/cartpole_case_safe_9.vnnlib,22.914218617,unsat,6.081196602
rl_benchmarks,vnncomp2022_benchmarks/benchmarks/rl_benchmarks/onnx/cartpole.onnx,vnncomp2022_benchmarks/benchmarks/rl_benchmarks/vnnlib/cartpole_case_unsafe_10.vnnlib,22.940949647,unsat,6.077759554
rl_benchmarks,vnncomp2022_benchmarks/benchmarks/rl_benchmarks/onnx/cartpole.onnx,vnncomp2022_benchmarks/benchmarks/rl_benchmarks/vnnlib/cartpole_case_unsafe_11.vnnlib,22.938914335,unsat,6.049891764
rl_benchmarks,vnncomp2022_benchmarks/benchmarks/rl_benchmarks/onnx/cartpole.onnx,vnncomp2022_benchmarks/benchmarks/rl_benchmarks/vnnlib/cartpole_case_unsafe_12.vnnlib,23.000030693,unsat,5.991364361
rl_benchmarks,vnncomp2022_benchmarks/benchmarks/rl_benchmarks/onnx/cartpole.onnx,vnncomp2022_benchmarks/benchmarks/rl_benchmarks/vnnlib/cartpole_case_unsafe_13.vnnlib,22.849631945,unsat,5.989532983
rl_benchmarks,vnncomp2022_benchmarks/benchmarks/rl_benchmarks/onnx/cartpole.onnx,vnncomp2022_benchmarks/benchmarks/rl_benchmarks/vnnlib/cartpole_case_safe_14.vnnlib,22.920873589,unsat,6.063531965
rl_benchmarks,vnncomp2022_benchmarks/benchmarks/rl_benchmarks/onnx/cartpole.onnx,vnncomp2022_benchmarks/benchmarks/rl_benchmarks/vnnlib/cartpole_case_unsafe_15.vnnlib,22.871361199,unsat,6.064639608
rl_benchmarks,vnncomp2022_benchmarks/benchmarks/rl_benchmarks/onnx/cartpole.onnx,vnncomp2022_benchmarks/benchmarks/rl_benchmarks/vnnlib/cartpole_case_unsafe_16.vnnlib,23.031375388,unsat,6.101681230
rl_benchmarks,vnncomp2022_benchmarks/benchmarks/rl_benchmarks/onnx/cartpole.onnx,vnncomp2022_benchmarks/benchmarks/rl_benchmarks/vnnlib/cartpole_case_unsafe_17.vnnlib,22.905613740,unsat,6.110596531
rl_benchmarks,vnncomp2022_benchmarks/benchmarks/rl_benchmarks/onnx/cartpole.onnx,vnncomp2022_benchmarks/benchmarks/rl_benchmarks/vnnlib/cartpole_case_unsafe_18.vnnlib,22.922044827,unsat,6.036090148
rl_benchmarks,vnncomp2022_benchmarks/benchmarks/rl_benchmarks/onnx/cartpole.onnx,vnncomp2022_benchmarks/benchmarks/rl_benchmarks/vnnlib/cartpole_case_unsafe_19.vnnlib,22.955163646,unsat,5.998830705
rl_benchmarks,vnncomp2022_benchmarks/benchmarks/rl_benchmarks/onnx/cartpole.onnx,vnncomp2022_benchmarks/benchmarks/rl_benchmarks/vnnlib/cartpole_case_unsafe_20.vnnlib,22.911859787,unsat,6.009348556
rl_benchmarks,vnncomp2022_benchmarks/benchmarks/rl_benchmarks/onnx/cartpole.onnx,vnncomp2022_benchmarks/benchmarks/rl_benchmarks/vnnlib/cartpole_case_unsafe_21.vnnlib,23.009433527,unsat,6.078653316
rl_benchmarks,vnncomp2022_benchmarks/benchmarks/rl_benchmarks/onnx/cartpole.onnx,vnncomp2022_benchmarks/benchmarks/rl_benchmarks/vnnlib/cartpole_case_unsafe_22.vnnlib,22.967768711,unsat,6.053467671
rl_benchmarks,vnncomp2022_benchmarks/benchmarks/rl_benchmarks/onnx/cartpole.onnx,vnncomp2022_benchmarks/benchmarks/rl_benchmarks/vnnlib/cartpole_case_unsafe_23.vnnlib,22.948579954,unsat,6.035356410
rl_benchmarks,vnncomp2022_benchmarks/benchmarks/rl_benchmarks/onnx/cartpole.onnx,vnncomp2022_benchmarks/benchmarks/rl_benchmarks/vnnlib/cartpole_case_unsafe_24.vnnlib,22.954658589,unsat,6.045899694
rl_benchmarks,vnncomp2022_benchmarks/benchmarks/rl_benchmarks/onnx/cartpole.onnx,vnncomp2022_benchmarks/benchmarks/rl_benchmarks/vnnlib/cartpole_case_unsafe_25.vnnlib,22.918305962,unsat,6.007457194
rl_benchmarks,vnncomp2022_benchmarks/benchmarks/rl_benchmarks/onnx/cartpole.onnx,vnncomp2022_benchmarks/benchmarks/rl_benchmarks/vnnlib/cartpole_case_unsafe_26.vnnlib,22.934178517,unsat,6.049263964
rl_benchmarks,vnncomp2022_benchmarks/benchmarks/rl_benchmarks/onnx/cartpole.onnx,vnncomp2022_benchmarks/benchmarks/rl_benchmarks/vnnlib/cartpole_case_safe_27.vnnlib,22.968846305,unsat,6.030456835
rl_benchmarks,vnncomp2022_benchmarks/benchmarks/rl_benchmarks/onnx/cartpole.onnx,vnncomp2022_benchmarks/benchmarks/rl_benchmarks/vnnlib/cartpole_case_unsafe_28.vnnlib,22.910729642,unsat,6.007356694
rl_benchmarks,vnncomp2022_benchmarks/benchmarks/rl_benchmarks/onnx/cartpole.onnx,vnncomp2022_benchmarks/benchmarks/rl_benchmarks/vnnlib/cartpole_case_unsafe_29.vnnlib,23.206607602,sat,6.331248402
rl_benchmarks,vnncomp2022_benchmarks/benchmarks/rl_benchmarks/onnx/cartpole.onnx,vnncomp2022_benchmarks/benchmarks/rl_benchmarks/vnnlib/cartpole_case_unsafe_30.vnnlib,22.931318355,unsat,5.993689668
rl_benchmarks,vnncomp2022_benchmarks/benchmarks/rl_benchmarks/onnx/cartpole.onnx,vnncomp2022_benchmarks/benchmarks/rl_benchmarks/vnnlib/cartpole_case_unsafe_31.vnnlib,22.940163266,unsat,6.016058673
rl_benchmarks,vnncomp2022_benchmarks/benchmarks/rl_benchmarks/onnx/cartpole.onnx,vnncomp2022_benchmarks/benchmarks/rl_benchmarks/vnnlib/cartpole_case_unsafe_32.vnnlib,22.917393118,unsat,6.049630653
rl_benchmarks,vnncomp2022_benchmarks/benchmarks/rl_benchmarks/onnx/cartpole.onnx,vnncomp2022_benchmarks/benchmarks/rl_benchmarks/vnnlib/cartpole_case_unsafe_33.vnnlib,22.915097035,unsat,6.011957473
rl_benchmarks,vnncomp2022_benchmarks/benchmarks/rl_benchmarks/onnx/cartpole.onnx,vnncomp2022_benchmarks/benchmarks/rl_benchmarks/vnnlib/cartpole_case_unsafe_34.vnnlib,22.921412248,unsat,6.043802135
rl_benchmarks,vnncomp2022_benchmarks/benchmarks/rl_benchmarks/onnx/cartpole.onnx,vnncomp2022_benchmarks/benchmarks/rl_benchmarks/vnnlib/cartpole_case_unsafe_35.vnnlib,22.956673382,unsat,6.016676632
rl_benchmarks,vnncomp2022_benchmarks/benchmarks/rl_benchmarks/onnx/cartpole.onnx,vnncomp2022_benchmarks/benchmarks/rl_benchmarks/vnnlib/cartpole_case_unsafe_36.vnnlib,22.806878814,sat,6.001738131
rl_benchmarks,vnncomp2022_benchmarks/benchmarks/rl_benchmarks/onnx/cartpole.onnx,vnncomp2022_benchmarks/benchmarks/rl_benchmarks/vnnlib/cartpole_case_unsafe_37.vnnlib,22.861610760,unsat,5.985343118
rl_benchmarks,vnncomp2022_benchmarks/benchmarks/rl_benchmarks/onnx/cartpole.onnx,vnncomp2022_benchmarks/benchmarks/rl_benchmarks/vnnlib/cartpole_case_unsafe_38.vnnlib,22.907691219,unsat,6.049581459
rl_benchmarks,vnncomp2022_benchmarks/benchmarks/rl_benchmarks/onnx/cartpole.onnx,vnncomp2022_benchmarks/benchmarks/rl_benchmarks/vnnlib/cartpole_case_safe_39.vnnlib,22.926048329,unsat,6.012250861
rl_benchmarks,vnncomp2022_benchmarks/benchmarks/rl_benchmarks/onnx/cartpole.onnx,vnncomp2022_benchmarks/benchmarks/rl_benchmarks/vnnlib/cartpole_case_unsafe_40.vnnlib,22.967311714,unsat,6.030633789
rl_benchmarks,vnncomp2022_benchmarks/benchmarks/rl_benchmarks/onnx/cartpole.onnx,vnncomp2022_benchmarks/benchmarks/rl_benchmarks/vnnlib/cartpole_case_unsafe_41.vnnlib,22.995933847,unsat,6.032294916
rl_benchmarks,vnncomp2022_benchmarks/benchmarks/rl_benchmarks/onnx/cartpole.onnx,vnncomp2022_benchmarks/benchmarks/rl_benchmarks/vnnlib/cartpole_case_unsafe_42.vnnlib,22.902991720,sat,6.048165770
rl_benchmarks,vnncomp2022_benchmarks/benchmarks/rl_benchmarks/onnx/cartpole.onnx,vnncomp2022_benchmarks/benchmarks/rl_benchmarks/vnnlib/cartpole_case_unsafe_43.vnnlib,22.925561474,unsat,6.033418263
rl_benchmarks,vnncomp2022_benchmarks/benchmarks/rl_benchmarks/onnx/cartpole.onnx,vnncomp2022_benchmarks/benchmarks/rl_benchmarks/vnnlib/cartpole_case_unsafe_44.vnnlib,22.926293145,sat,6.026430149
rl_benchmarks,vnncomp2022_benchmarks/benchmarks/rl_benchmarks/onnx/cartpole.onnx,vnncomp2022_benchmarks/benchmarks/rl_benchmarks/vnnlib/cartpole_case_safe_45.vnnlib,22.919136078,unsat,6.032725843
rl_benchmarks,vnncomp2022_benchmarks/benchmarks/rl_benchmarks/onnx/cartpole.onnx,vnncomp2022_benchmarks/benchmarks/rl_benchmarks/vnnlib/cartpole_case_safe_46.vnnlib,22.885638806,unsat,6.015718596
rl_benchmarks,vnncomp2022_benchmarks/benchmarks/rl_benchmarks/onnx/cartpole.onnx,vnncomp2022_benchmarks/benchmarks/rl_benchmarks/vnnlib/cartpole_case_safe_47.vnnlib,22.897256640,unsat,6.017976168
rl_benchmarks,vnncomp2022_benchmarks/benchmarks/rl_benchmarks/onnx/cartpole.onnx,vnncomp2022_benchmarks/benchmarks/rl_benchmarks/vnnlib/cartpole_case_safe_48.vnnlib,22.995704532,unsat,6.041643145
rl_benchmarks,vnncomp2022_benchmarks/benchmarks/rl_benchmarks/onnx/cartpole.onnx,vnncomp2022_benchmarks/benchmarks/rl_benchmarks/vnnlib/cartpole_case_safe_49.vnnlib,22.946832091,unsat,6.083334195
rl_benchmarks,vnncomp2022_benchmarks/benchmarks/rl_benchmarks/onnx/cartpole.onnx,vnncomp2022_benchmarks/benchmarks/rl_benchmarks/vnnlib/cartpole_case_safe_50.vnnlib,22.930084131,unsat,6.032321810
rl_benchmarks,vnncomp2022_benchmarks/benchmarks/rl_benchmarks/onnx/cartpole.onnx,vnncomp2022_benchmarks/benchmarks/rl_benchmarks/vnnlib/cartpole_case_safe_51.vnnlib,22.865270790,unsat,6.041764324
rl_benchmarks,vnncomp2022_benchmarks/benchmarks/rl_benchmarks/onnx/cartpole.onnx,vnncomp2022_benchmarks/benchmarks/rl_benchmarks/vnnlib/cartpole_case_safe_52.vnnlib,22.896322212,unsat,6.039962800
rl_benchmarks,vnncomp2022_benchmarks/benchmarks/rl_benchmarks/onnx/cartpole.onnx,vnncomp2022_benchmarks/benchmarks/rl_benchmarks/vnnlib/cartpole_case_safe_53.vnnlib,22.920304312,unsat,6.026950614
rl_benchmarks,vnncomp2022_benchmarks/benchmarks/rl_benchmarks/onnx/cartpole.onnx,vnncomp2022_benchmarks/benchmarks/rl_benchmarks/vnnlib/cartpole_case_safe_54.vnnlib,22.969993336,unsat,6.036033058
rl_benchmarks,vnncomp2022_benchmarks/benchmarks/rl_benchmarks/onnx/cartpole.onnx,vnncomp2022_benchmarks/benchmarks/rl_benchmarks/vnnlib/cartpole_case_safe_55.vnnlib,22.898650555,unsat,6.029951970
rl_benchmarks,vnncomp2022_benchmarks/benchmarks/rl_benchmarks/onnx/cartpole.onnx,vnncomp2022_benchmarks/benchmarks/rl_benchmarks/vnnlib/cartpole_case_safe_56.vnnlib,22.931171275,unsat,6.056476466
rl_benchmarks,vnncomp2022_benchmarks/benchmarks/rl_benchmarks/onnx/cartpole.onnx,vnncomp2022_benchmarks/benchmarks/rl_benchmarks/vnnlib/cartpole_case_safe_57.vnnlib,22.918655304,unsat,6.019959360
rl_benchmarks,vnncomp2022_benchmarks/benchmarks/rl_benchmarks/onnx/cartpole.onnx,vnncomp2022_benchmarks/benchmarks/rl_benchmarks/vnnlib/cartpole_case_safe_58.vnnlib,22.981537522,unsat,6.043300035
rl_benchmarks,vnncomp2022_benchmarks/benchmarks/rl_benchmarks/onnx/cartpole.onnx,vnncomp2022_benchmarks/benchmarks/rl_benchmarks/vnnlib/cartpole_case_safe_59.vnnlib,22.923617783,unsat,6.043805184
rl_benchmarks,vnncomp2022_benchmarks/benchmarks/rl_benchmarks/onnx/cartpole.onnx,vnncomp2022_benchmarks/benchmarks/rl_benchmarks/vnnlib/cartpole_case_safe_60.vnnlib,22.901696831,unsat,6.019768656
rl_benchmarks,vnncomp2022_benchmarks/benchmarks/rl_benchmarks/onnx/cartpole.onnx,vnncomp2022_benchmarks/benchmarks/rl_benchmarks/vnnlib/cartpole_case_safe_61.vnnlib,23.020927560,unsat,6.024533088
rl_benchmarks,vnncomp2022_benchmarks/benchmarks/rl_benchmarks/onnx/cartpole.onnx,vnncomp2022_benchmarks/benchmarks/rl_benchmarks/vnnlib/cartpole_case_safe_62.vnnlib,22.970769762,unsat,6.010599977
rl_benchmarks,vnncomp2022_benchmarks/benchmarks/rl_benchmarks/onnx/cartpole.onnx,vnncomp2022_benchmarks/benchmarks/rl_benchmarks/vnnlib/cartpole_case_safe_63.vnnlib,22.854615500,unsat,6.017147897
rl_benchmarks,vnncomp2022_benchmarks/benchmarks/rl_benchmarks/onnx/cartpole.onnx,vnncomp2022_benchmarks/benchmarks/rl_benchmarks/vnnlib/cartpole_case_safe_64.vnnlib,22.928136094,unsat,6.028999284
rl_benchmarks,vnncomp2022_benchmarks/benchmarks/rl_benchmarks/onnx/cartpole.onnx,vnncomp2022_benchmarks/benchmarks/rl_benchmarks/vnnlib/cartpole_case_safe_65.vnnlib,22.967607069,unsat,6.023295960
rl_benchmarks,vnncomp2022_benchmarks/benchmarks/rl_benchmarks/onnx/cartpole.onnx,vnncomp2022_benchmarks/benchmarks/rl_benchmarks/vnnlib/cartpole_case_safe_66.vnnlib,22.891827295,unsat,6.041213255
rl_benchmarks,vnncomp2022_benchmarks/benchmarks/rl_benchmarks/onnx/cartpole.onnx,vnncomp2022_benchmarks/benchmarks/rl_benchmarks/vnnlib/cartpole_case_safe_67.vnnlib,22.948234344,unsat,6.015085769
rl_benchmarks,vnncomp2022_benchmarks/benchmarks/rl_benchmarks/onnx/cartpole.onnx,vnncomp2022_benchmarks/benchmarks/rl_benchmarks/vnnlib/cartpole_case_safe_68.vnnlib,22.912046695,unsat,6.046778325
rl_benchmarks,vnncomp2022_benchmarks/benchmarks/rl_benchmarks/onnx/cartpole.onnx,vnncomp2022_benchmarks/benchmarks/rl_benchmarks/vnnlib/cartpole_case_safe_69.vnnlib,22.976996997,unsat,6.029794183
rl_benchmarks,vnncomp2022_benchmarks/benchmarks/rl_benchmarks/onnx/cartpole.onnx,vnncomp2022_benchmarks/benchmarks/rl_benchmarks/vnnlib/cartpole_case_safe_70.vnnlib,22.981465568,unsat,6.015292920
rl_benchmarks,vnncomp2022_benchmarks/benchmarks/rl_benchmarks/onnx/cartpole.onnx,vnncomp2022_benchmarks/benchmarks/rl_benchmarks/vnnlib/cartpole_case_safe_71.vnnlib,22.892661371,unsat,6.034233990
rl_benchmarks,vnncomp2022_benchmarks/benchmarks/rl_benchmarks/onnx/cartpole.onnx,vnncomp2022_benchmarks/benchmarks/rl_benchmarks/vnnlib/cartpole_case_safe_72.vnnlib,22.960987140,unsat,6.030677389
rl_benchmarks,vnncomp2022_benchmarks/benchmarks/rl_benchmarks/onnx/cartpole.onnx,vnncomp2022_benchmarks/benchmarks/rl_benchmarks/vnnlib/cartpole_case_safe_73.vnnlib,22.930460168,unsat,6.017873923
rl_benchmarks,vnncomp2022_benchmarks/benchmarks/rl_benchmarks/onnx/cartpole.onnx,vnncomp2022_benchmarks/benchmarks/rl_benchmarks/vnnlib/cartpole_case_safe_74.vnnlib,22.885690917,unsat,5.999829230
rl_benchmarks,vnncomp2022_benchmarks/benchmarks/rl_benchmarks/onnx/cartpole.onnx,vnncomp2022_benchmarks/benchmarks/rl_benchmarks/vnnlib/cartpole_case_safe_75.vnnlib,22.949410462,unsat,6.069221102
rl_benchmarks,vnncomp2022_benchmarks/benchmarks/rl_benchmarks/onnx/cartpole.onnx,vnncomp2022_benchmarks/benchmarks/rl_benchmarks/vnnlib/cartpole_case_safe_76.vnnlib,22.981738304,unsat,6.042431912
rl_benchmarks,vnncomp2022_benchmarks/benchmarks/rl_benchmarks/onnx/cartpole.onnx,vnncomp2022_benchmarks/benchmarks/rl_benchmarks/vnnlib/cartpole_case_safe_77.vnnlib,22.915745936,unsat,6.059420304
rl_benchmarks,vnncomp2022_benchmarks/benchmarks/rl_benchmarks/onnx/cartpole.onnx,vnncomp2022_benchmarks/benchmarks/rl_benchmarks/vnnlib/cartpole_case_safe_78.vnnlib,22.949137623,unsat,6.035629077
rl_benchmarks,vnncomp2022_benchmarks/benchmarks/rl_benchmarks/onnx/cartpole.onnx,vnncomp2022_benchmarks/benchmarks/rl_benchmarks/vnnlib/cartpole_case_safe_79.vnnlib,22.828929149,unsat,6.080920974
rl_benchmarks,vnncomp2022_benchmarks/benchmarks/rl_benchmarks/onnx/cartpole.onnx,vnncomp2022_benchmarks/benchmarks/rl_benchmarks/vnnlib/cartpole_case_safe_80.vnnlib,22.936802020,unsat,6.039770309
rl_benchmarks,vnncomp2022_benchmarks/benchmarks/rl_benchmarks/onnx/cartpole.onnx,vnncomp2022_benchmarks/benchmarks/rl_benchmarks/vnnlib/cartpole_case_safe_81.vnnlib,22.926535862,unsat,6.008013481
rl_benchmarks,vnncomp2022_benchmarks/benchmarks/rl_benchmarks/onnx/cartpole.onnx,vnncomp2022_benchmarks/benchmarks/rl_benchmarks/vnnlib/cartpole_case_safe_82.vnnlib,22.918376571,unsat,6.052155461
rl_benchmarks,vnncomp2022_benchmarks/benchmarks/rl_benchmarks/onnx/cartpole.onnx,vnncomp2022_benchmarks/benchmarks/rl_benchmarks/vnnlib/cartpole_case_safe_83.vnnlib,22.930093956,unsat,6.024632704
rl_benchmarks,vnncomp2022_benchmarks/benchmarks/rl_benchmarks/onnx/cartpole.onnx,vnncomp2022_benchmarks/benchmarks/rl_benchmarks/vnnlib/cartpole_case_safe_84.vnnlib,22.932651916,unsat,6.045966081
rl_benchmarks,vnncomp2022_benchmarks/benchmarks/rl_benchmarks/onnx/cartpole.onnx,vnncomp2022_benchmarks/benchmarks/rl_benchmarks/vnnlib/cartpole_case_safe_85.vnnlib,22.836915146,unsat,6.072216975
rl_benchmarks,vnncomp2022_benchmarks/benchmarks/rl_benchmarks/onnx/cartpole.onnx,vnncomp2022_benchmarks/benchmarks/rl_benchmarks/vnnlib/cartpole_case_safe_86.vnnlib,22.945726260,unsat,6.064291547
rl_benchmarks,vnncomp2022_benchmarks/benchmarks/rl_benchmarks/onnx/cartpole.onnx,vnncomp2022_benchmarks/benchmarks/rl_benchmarks/vnnlib/cartpole_case_safe_87.vnnlib,22.876390682,unsat,6.027014391
rl_benchmarks,vnncomp2022_benchmarks/benchmarks/rl_benchmarks/onnx/cartpole.onnx,vnncomp2022_benchmarks/benchmarks/rl_benchmarks/vnnlib/cartpole_case_safe_88.vnnlib,22.885525676,unsat,6.043669601
rl_benchmarks,vnncomp2022_benchmarks/benchmarks/rl_benchmarks/onnx/cartpole.onnx,vnncomp2022_benchmarks/benchmarks/rl_benchmarks/vnnlib/cartpole_case_safe_89.vnnlib,22.948896030,unsat,6.026437119
rl_benchmarks,vnncomp2022_benchmarks/benchmarks/rl_benchmarks/onnx/cartpole.onnx,vnncomp2022_benchmarks/benchmarks/rl_benchmarks/vnnlib/cartpole_case_safe_90.vnnlib,22.870978273,unsat,6.012636137
rl_benchmarks,vnncomp2022_benchmarks/benchmarks/rl_benchmarks/onnx/cartpole.onnx,vnncomp2022_benchmarks/benchmarks/rl_benchmarks/vnnlib/cartpole_case_safe_91.vnnlib,22.994473301,unsat,6.027991711
rl_benchmarks,vnncomp2022_benchmarks/benchmarks/rl_benchmarks/onnx/cartpole.onnx,vnncomp2022_benchmarks/benchmarks/rl_benchmarks/vnnlib/cartpole_case_safe_92.vnnlib,22.962681961,unsat,6.030640482
rl_benchmarks,vnncomp2022_benchmarks/benchmarks/rl_benchmarks/onnx/cartpole.onnx,vnncomp2022_benchmarks/benchmarks/rl_benchmarks/vnnlib/cartpole_case_safe_93.vnnlib,22.846074732,unsat,6.049314703
rl_benchmarks,vnncomp2022_benchmarks/benchmarks/rl_benchmarks/onnx/cartpole.onnx,vnncomp2022_benchmarks/benchmarks/rl_benchmarks/vnnlib/cartpole_case_safe_94.vnnlib,22.892762660,unsat,6.009358447
rl_benchmarks,vnncomp2022_benchmarks/benchmarks/rl_benchmarks/onnx/cartpole.onnx,vnncomp2022_benchmarks/benchmarks/rl_benchmarks/vnnlib/cartpole_case_safe_95.vnnlib,22.844692374,unsat,6.048537763
rl_benchmarks,vnncomp2022_benchmarks/benchmarks/rl_benchmarks/onnx/cartpole.onnx,vnncomp2022_benchmarks/benchmarks/rl_benchmarks/vnnlib/cartpole_case_safe_96.vnnlib,23.016016203,unsat,6.015951736
rl_benchmarks,vnncomp2022_benchmarks/benchmarks/rl_benchmarks/onnx/cartpole.onnx,vnncomp2022_benchmarks/benchmarks/rl_benchmarks/vnnlib/cartpole_case_safe_97.vnnlib,22.887640758,unsat,6.020582669
rl_benchmarks,vnncomp2022_benchmarks/benchmarks/rl_benchmarks/onnx/cartpole.onnx,vnncomp2022_benchmarks/benchmarks/rl_benchmarks/vnnlib/cartpole_case_safe_98.vnnlib,22.903633382,unsat,5.974456893
rl_benchmarks,vnncomp2022_benchmarks/benchmarks/rl_benchmarks/onnx/cartpole.onnx,vnncomp2022_benchmarks/benchmarks/rl_benchmarks/vnnlib/cartpole_case_safe_99.vnnlib,23.029438773,sat,5.996082944
rl_benchmarks,vnncomp2022_benchmarks/benchmarks/rl_benchmarks/onnx/lunarlander.onnx,vnncomp2022_benchmarks/benchmarks/rl_benchmarks/vnnlib/lunarlander_case_safe_0.vnnlib,22.861510783,sat,6.008280556
rl_benchmarks,vnncomp2022_benchmarks/benchmarks/rl_benchmarks/onnx/lunarlander.onnx,vnncomp2022_benchmarks/benchmarks/rl_benchmarks/vnnlib/lunarlander_case_safe_1.vnnlib,22.985675593,sat,6.029382717
rl_benchmarks,vnncomp2022_benchmarks/benchmarks/rl_benchmarks/onnx/lunarlander.onnx,vnncomp2022_benchmarks/benchmarks/rl_benchmarks/vnnlib/lunarlander_case_safe_2.vnnlib,22.900225159,sat,6.085275504
rl_benchmarks,vnncomp2022_benchmarks/benchmarks/rl_benchmarks/onnx/lunarlander.onnx,vnncomp2022_benchmarks/benchmarks/rl_benchmarks/vnnlib/lunarlander_case_unsafe_3.vnnlib,22.940073360,sat,6.058880743
rl_benchmarks,vnncomp2022_benchmarks/benchmarks/rl_benchmarks/onnx/lunarlander.onnx,vnncomp2022_benchmarks/benchmarks/rl_benchmarks/vnnlib/lunarlander_case_unsafe_4.vnnlib,23.001749753,sat,6.056284437
rl_benchmarks,vnncomp2022_benchmarks/benchmarks/rl_benchmarks/onnx/lunarlander.onnx,vnncomp2022_benchmarks/benchmarks/rl_benchmarks/vnnlib/lunarlander_case_safe_5.vnnlib,22.919523068,sat,6.071346502
rl_benchmarks,vnncomp2022_benchmarks/benchmarks/rl_benchmarks/onnx/lunarlander.onnx,vnncomp2022_benchmarks/benchmarks/rl_benchmarks/vnnlib/lunarlander_case_safe_6.vnnlib,22.959498970,sat,6.011704599
rl_benchmarks,vnncomp2022_benchmarks/benchmarks/rl_benchmarks/onnx/lunarlander.onnx,vnncomp2022_benchmarks/benchmarks/rl_benchmarks/vnnlib/lunarlander_case_safe_7.vnnlib,22.952524514,sat,6.045466301
rl_benchmarks,vnncomp2022_benchmarks/benchmarks/rl_benchmarks/onnx/lunarlander.onnx,vnncomp2022_benchmarks/benchmarks/rl_benchmarks/vnnlib/lunarlander_case_safe_8.vnnlib,23.021173036,sat,6.036269499
rl_benchmarks,vnncomp2022_benchmarks/benchmarks/rl_benchmarks/onnx/lunarlander.onnx,vnncomp2022_benchmarks/benchmarks/rl_benchmarks/vnnlib/lunarlander_case_safe_9.vnnlib,22.885218128,sat,6.062055501
rl_benchmarks,vnncomp2022_benchmarks/benchmarks/rl_benchmarks/onnx/lunarlander.onnx,vnncomp2022_benchmarks/benchmarks/rl_benchmarks/vnnlib/lunarlander_case_safe_10.vnnlib,22.956837574,sat,6.050118684
rl_benchmarks,vnncomp2022_benchmarks/benchmarks/rl_benchmarks/onnx/lunarlander.onnx,vnncomp2022_benchmarks/benchmarks/rl_benchmarks/vnnlib/lunarlander_case_safe_11.vnnlib,22.888728792,sat,6.045870327
rl_benchmarks,vnncomp2022_benchmarks/benchmarks/rl_benchmarks/onnx/lunarlander.onnx,vnncomp2022_benchmarks/benchmarks/rl_benchmarks/vnnlib/lunarlander_case_safe_12.vnnlib,23.367216226,unsat,6.414148121
rl_benchmarks,vnncomp2022_benchmarks/benchmarks/rl_benchmarks/onnx/lunarlander.onnx,vnncomp2022_benchmarks/benchmarks/rl_benchmarks/vnnlib/lunarlander_case_safe_13.vnnlib,22.920448034,sat,6.045066718
rl_benchmarks,vnncomp2022_benchmarks/benchmarks/rl_benchmarks/onnx/lunarlander.onnx,vnncomp2022_benchmarks/benchmarks/rl_benchmarks/vnnlib/lunarlander_case_safe_14.vnnlib,22.864398457,sat,6.048815306
rl_benchmarks,vnncomp2022_benchmarks/benchmarks/rl_benchmarks/onnx/lunarlander.onnx,vnncomp2022_benchmarks/benchmarks/rl_benchmarks/vnnlib/lunarlander_case_safe_15.vnnlib,22.976762225,sat,6.046106440
rl_benchmarks,vnncomp2022_benchmarks/benchmarks/rl_benchmarks/onnx/lunarlander.onnx,vnncomp2022_benchmarks/benchmarks/rl_benchmarks/vnnlib/lunarlander_case_unsafe_16.vnnlib,22.905663764,sat,6.060055145
rl_benchmarks,vnncomp2022_benchmarks/benchmarks/rl_benchmarks/onnx/lunarlander.onnx,vnncomp2022_benchmarks/benchmarks/rl_benchmarks/vnnlib/lunarlander_case_safe_17.vnnlib,23.356285957,unsat,6.469136511
rl_benchmarks,vnncomp2022_benchmarks/benchmarks/rl_benchmarks/onnx/lunarlander.onnx,vnncomp2022_benchmarks/benchmarks/rl_benchmarks/vnnlib/lunarlander_case_safe_18.vnnlib,22.936908054,sat,6.040227114
rl_benchmarks,vnncomp2022_benchmarks/benchmarks/rl_benchmarks/onnx/lunarlander.onnx,vnncomp2022_benchmarks/benchmarks/rl_benchmarks/vnnlib/lunarlander_case_safe_19.vnnlib,22.952785565,unsat,6.054348158
rl_benchmarks,vnncomp2022_benchmarks/benchmarks/rl_benchmarks/onnx/lunarlander.onnx,vnncomp2022_benchmarks/benchmarks/rl_benchmarks/vnnlib/lunarlander_case_unsafe_20.vnnlib,22.971471611,sat,6.064605394
rl_benchmarks,vnncomp2022_benchmarks/benchmarks/rl_benchmarks/onnx/lunarlander.onnx,vnncomp2022_benchmarks/benchmarks/rl_benchmarks/vnnlib/lunarlander_case_safe_21.vnnlib,23.052362467,sat,6.068188974
rl_benchmarks,vnncomp2022_benchmarks/benchmarks/rl_benchmarks/onnx/lunarlander.onnx,vnncomp2022_benchmarks/benchmarks/rl_benchmarks/vnnlib/lunarlander_case_safe_22.vnnlib,22.941394540,sat,6.065721920
rl_benchmarks,vnncomp2022_benchmarks/benchmarks/rl_benchmarks/onnx/lunarlander.onnx,vnncomp2022_benchmarks/benchmarks/rl_benchmarks/vnnlib/lunarlander_case_safe_23.vnnlib,22.961676858,sat,6.023961874
rl_benchmarks,vnncomp2022_benchmarks/benchmarks/rl_benchmarks/onnx/lunarlander.onnx,vnncomp2022_benchmarks/benchmarks/rl_benchmarks/vnnlib/lunarlander_case_safe_24.vnnlib,22.996034801,sat,6.056148639
rl_benchmarks,vnncomp2022_benchmarks/benchmarks/rl_benchmarks/onnx/lunarlander.onnx,vnncomp2022_benchmarks/benchmarks/rl_benchmarks/vnnlib/lunarlander_case_safe_25.vnnlib,23.008490950,sat,6.042122051
rl_benchmarks,vnncomp2022_benchmarks/benchmarks/rl_benchmarks/onnx/lunarlander.onnx,vnncomp2022_benchmarks/benchmarks/rl_benchmarks/vnnlib/lunarlander_case_safe_26.vnnlib,22.920869415,sat,6.078612351
rl_benchmarks,vnncomp2022_benchmarks/benchmarks/rl_benchmarks/onnx/lunarlander.onnx,vnncomp2022_benchmarks/benchmarks/rl_benchmarks/vnnlib/lunarlander_case_safe_27.vnnlib,22.901771577,sat,6.047551207
rl_benchmarks,vnncomp2022_benchmarks/benchmarks/rl_benchmarks/onnx/lunarlander.onnx,vnncomp2022_benchmarks/benchmarks/rl_benchmarks/vnnlib/lunarlander_case_unsafe_28.vnnlib,22.982604870,sat,6.027053174
rl_benchmarks,vnncomp2022_benchmarks/benchmarks/rl_benchmarks/onnx/lunarlander.onnx,vnncomp2022_benchmarks/benchmarks/rl_benchmarks/vnnlib/lunarlander_case_safe_29.vnnlib,22.980340639,sat,6.010672275
rl_benchmarks,vnncomp2022_benchmarks/benchmarks/rl_benchmarks/onnx/lunarlander.onnx,vnncomp2022_benchmarks/benchmarks/rl_benchmarks/vnnlib/lunarlander_case_safe_30.vnnlib,23.044263204,sat,6.050184506
rl_benchmarks,vnncomp2022_benchmarks/benchmarks/rl_benchmarks/onnx/lunarlander.onnx,vnncomp2022_benchmarks/benchmarks/rl_benchmarks/vnnlib/lunarlander_case_safe_31.vnnlib,22.931381119,sat,6.027160086
rl_benchmarks,vnncomp2022_benchmarks/benchmarks/rl_benchmarks/onnx/lunarlander.onnx,vnncomp2022_benchmarks/benchmarks/rl_benchmarks/vnnlib/lunarlander_case_safe_32.vnnlib,22.906986602,sat,6.052098455
rl_benchmarks,vnncomp2022_benchmarks/benchmarks/rl_benchmarks/onnx/lunarlander.onnx,vnncomp2022_benchmarks/benchmarks/rl_benchmarks/vnnlib/lunarlander_case_safe_33.vnnlib,22.939784773,sat,6.017902548
rl_benchmarks,vnncomp2022_benchmarks/benchmarks/rl_benchmarks/onnx/lunarlander.onnx,vnncomp2022_benchmarks/benchmarks/rl_benchmarks/vnnlib/lunarlander_case_safe_34.vnnlib,23.011691474,sat,6.053670571
rl_benchmarks,vnncomp2022_benchmarks/benchmarks/rl_benchmarks/onnx/lunarlander.onnx,vnncomp2022_benchmarks/benchmarks/rl_benchmarks/vnnlib/lunarlander_case_unsafe_35.vnnlib,22.979177568,sat,5.993211994
rl_benchmarks,vnncomp2022_benchmarks/benchmarks/rl_benchmarks/onnx/lunarlander.onnx,vnncomp2022_benchmarks/benchmarks/rl_benchmarks/vnnlib/lunarlander_case_safe_36.vnnlib,22.920396566,sat,6.050288704
rl_benchmarks,vnncomp2022_benchmarks/benchmarks/rl_benchmarks/onnx/lunarlander.onnx,vnncomp2022_benchmarks/benchmarks/rl_benchmarks/vnnlib/lunarlander_case_safe_37.vnnlib,22.912460242,sat,6.047101143
rl_benchmarks,vnncomp2022_benchmarks/benchmarks/rl_benchmarks/onnx/lunarlander.onnx,vnncomp2022_benchmarks/benchmarks/rl_benchmarks/vnnlib/lunarlander_case_safe_38.vnnlib,22.946406096,sat,6.059317035
rl_benchmarks,vnncomp2022_benchmarks/benchmarks/rl_benchmarks/onnx/lunarlander.onnx,vnncomp2022_benchmarks/benchmarks/rl_benchmarks/vnnlib/lunarlander_case_safe_39.vnnlib,22.939310315,sat,6.043535403
rl_benchmarks,vnncomp2022_benchmarks/benchmarks/rl_benchmarks/onnx/lunarlander.onnx,vnncomp2022_benchmarks/benchmarks/rl_benchmarks/vnnlib/lunarlander_case_safe_40.vnnlib,22.903259038,sat,6.020692626
rl_benchmarks,vnncomp2022_benchmarks/benchmarks/rl_benchmarks/onnx/lunarlander.onnx,vnncomp2022_benchmarks/benchmarks/rl_benchmarks/vnnlib/lunarlander_case_safe_41.vnnlib,23.004543971,sat,6.073008953
rl_benchmarks,vnncomp2022_benchmarks/benchmarks/rl_benchmarks/onnx/lunarlander.onnx,vnncomp2022_benchmarks/benchmarks/rl_benchmarks/vnnlib/lunarlander_case_safe_42.vnnlib,22.965417463,sat,6.019270881
rl_benchmarks,vnncomp2022_benchmarks/benchmarks/rl_benchmarks/onnx/lunarlander.onnx,vnncomp2022_benchmarks/benchmarks/rl_benchmarks/vnnlib/lunarlander_case_safe_43.vnnlib,22.927487176,sat,6.081636526
rl_benchmarks,vnncomp2022_benchmarks/benchmarks/rl_benchmarks/onnx/lunarlander.onnx,vnncomp2022_benchmarks/benchmarks/rl_benchmarks/vnnlib/lunarlander_case_safe_44.vnnlib,22.856910129,sat,6.097403404
rl_benchmarks,vnncomp2022_benchmarks/benchmarks/rl_benchmarks/onnx/lunarlander.onnx,vnncomp2022_benchmarks/benchmarks/rl_benchmarks/vnnlib/lunarlander_case_unsafe_45.vnnlib,22.952865803,sat,6.087508237
rl_benchmarks,vnncomp2022_benchmarks/benchmarks/rl_benchmarks/onnx/lunarlander.onnx,vnncomp2022_benchmarks/benchmarks/rl_benchmarks/vnnlib/lunarlander_case_safe_46.vnnlib,22.958593859,sat,6.029568185
rl_benchmarks,vnncomp2022_benchmarks/benchmarks/rl_benchmarks/onnx/lunarlander.onnx,vnncomp2022_benchmarks/benchmarks/rl_benchmarks/vnnlib/lunarlander_case_safe_47.vnnlib,22.862484770,sat,6.022472955
rl_benchmarks,vnncomp2022_benchmarks/benchmarks/rl_benchmarks/onnx/lunarlander.onnx,vnncomp2022_benchmarks/benchmarks/rl_benchmarks/vnnlib/lunarlander_case_safe_48.vnnlib,22.929486155,sat,6.066988584
rl_benchmarks,vnncomp2022_benchmarks/benchmarks/rl_benchmarks/onnx/lunarlander.onnx,vnncomp2022_benchmarks/benchmarks/rl_benchmarks/vnnlib/lunarlander_case_safe_49.vnnlib,23.018110184,sat,6.062835998
rl_benchmarks,vnncomp2022_benchmarks/benchmarks/rl_benchmarks/onnx/lunarlander.onnx,vnncomp2022_benchmarks/benchmarks/rl_benchmarks/vnnlib/lunarlander_case_safe_50.vnnlib,22.874229007,sat,6.078327015
rl_benchmarks,vnncomp2022_benchmarks/benchmarks/rl_benchmarks/onnx/lunarlander.onnx,vnncomp2022_benchmarks/benchmarks/rl_benchmarks/vnnlib/lunarlander_case_unsafe_51.vnnlib,22.944581924,sat,6.047733280
rl_benchmarks,vnncomp2022_benchmarks/benchmarks/rl_benchmarks/onnx/lunarlander.onnx,vnncomp2022_benchmarks/benchmarks/rl_benchmarks/vnnlib/lunarlander_case_safe_52.vnnlib,22.992290012,unsat,6.089656720
rl_benchmarks,vnncomp2022_benchmarks/benchmarks/rl_benchmarks/onnx/lunarlander.onnx,vnncomp2022_benchmarks/benchmarks/rl_benchmarks/vnnlib/lunarlander_case_safe_53.vnnlib,22.941373041,sat,6.109504682
rl_benchmarks,vnncomp2022_benchmarks/benchmarks/rl_benchmarks/onnx/lunarlander.onnx,vnncomp2022_benchmarks/benchmarks/rl_benchmarks/vnnlib/lunarlander_case_unsafe_54.vnnlib,22.968564992,unsat,6.036026980
rl_benchmarks,vnncomp2022_benchmarks/benchmarks/rl_benchmarks/onnx/lunarlander.onnx,vnncomp2022_benchmarks/benchmarks/rl_benchmarks/vnnlib/lunarlander_case_safe_55.vnnlib,23.009025301,sat,6.075730784
rl_benchmarks,vnncomp2022_benchmarks/benchmarks/rl_benchmarks/onnx/lunarlander.onnx,vnncomp2022_benchmarks/benchmarks/rl_benchmarks/vnnlib/lunarlander_case_safe_56.vnnlib,23.045228786,sat,6.060498496
rl_benchmarks,vnncomp2022_benchmarks/benchmarks/rl_benchmarks/onnx/lunarlander.onnx,vnncomp2022_benchmarks/benchmarks/rl_benchmarks/vnnlib/lunarlander_case_safe_57.vnnlib,22.965777938,sat,6.088855017
rl_benchmarks,vnncomp2022_benchmarks/benchmarks/rl_benchmarks/onnx/lunarlander.onnx,vnncomp2022_benchmarks/benchmarks/rl_benchmarks/vnnlib/lunarlander_case_safe_58.vnnlib,22.979004306,sat,6.053407539
rl_benchmarks,vnncomp2022_benchmarks/benchmarks/rl_benchmarks/onnx/lunarlander.onnx,vnncomp2022_benchmarks/benchmarks/rl_benchmarks/vnnlib/lunarlander_case_safe_59.vnnlib,22.918940886,sat,6.066695996
rl_benchmarks,vnncomp2022_benchmarks/benchmarks/rl_benchmarks/onnx/lunarlander.onnx,vnncomp2022_benchmarks/benchmarks/rl_benchmarks/vnnlib/lunarlander_case_safe_60.vnnlib,22.970139733,sat,6.038782893
rl_benchmarks,vnncomp2022_benchmarks/benchmarks/rl_benchmarks/onnx/lunarlander.onnx,vnncomp2022_benchmarks/benchmarks/rl_benchmarks/vnnlib/lunarlander_case_unsafe_61.vnnlib,22.992790651,sat,6.063889643
rl_benchmarks,vnncomp2022_benchmarks/benchmarks/rl_benchmarks/onnx/lunarlander.onnx,vnncomp2022_benchmarks/benchmarks/rl_benchmarks/vnnlib/lunarlander_case_safe_62.vnnlib,22.915408173,sat,6.059920408
rl_benchmarks,vnncomp2022_benchmarks/benchmarks/rl_benchmarks/onnx/lunarlander.onnx,vnncomp2022_benchmarks/benchmarks/rl_benchmarks/vnnlib/lunarlander_case_safe_63.vnnlib,22.925722556,sat,6.033873657
rl_benchmarks,vnncomp2022_benchmarks/benchmarks/rl_benchmarks/onnx/lunarlander.onnx,vnncomp2022_benchmarks/benchmarks/rl_benchmarks/vnnlib/lunarlander_case_unsafe_64.vnnlib,22.898019521,unsat,6.015445527
rl_benchmarks,vnncomp2022_benchmarks/benchmarks/rl_benchmarks/onnx/lunarlander.onnx,vnncomp2022_benchmarks/benchmarks/rl_benchmarks/vnnlib/lunarlander_case_unsafe_65.vnnlib,22.961443925,sat,6.062069477
rl_benchmarks,vnncomp2022_benchmarks/benchmarks/rl_benchmarks/onnx/lunarlander.onnx,vnncomp2022_benchmarks/benchmarks/rl_benchmarks/vnnlib/lunarlander_case_safe_66.vnnlib,22.976154170,sat,6.084435721
rl_benchmarks,vnncomp2022_benchmarks/benchmarks/rl_benchmarks/onnx/lunarlander.onnx,vnncomp2022_benchmarks/benchmarks/rl_benchmarks/vnnlib/lunarlander_case_unsafe_67.vnnlib,22.901899716,unsat,6.016450166
rl_benchmarks,vnncomp2022_benchmarks/benchmarks/rl_benchmarks/onnx/lunarlander.onnx,vnncomp2022_benchmarks/benchmarks/rl_benchmarks/vnnlib/lunarlander_case_safe_68.vnnlib,22.955353560,sat,6.051339237
rl_benchmarks,vnncomp2022_benchmarks/benchmarks/rl_benchmarks/onnx/lunarlander.onnx,vnncomp2022_benchmarks/benchmarks/rl_benchmarks/vnnlib/lunarlander_case_unsafe_69.vnnlib,22.863048070,sat,6.010128915
rl_benchmarks,vnncomp2022_benchmarks/benchmarks/rl_benchmarks/onnx/lunarlander.onnx,vnncomp2022_benchmarks/benchmarks/rl_benchmarks/vnnlib/lunarlander_case_unsafe_70.vnnlib,22.984915116,sat,6.038061436
rl_benchmarks,vnncomp2022_benchmarks/benchmarks/rl_benchmarks/onnx/lunarlander.onnx,vnncomp2022_benchmarks/benchmarks/rl_benchmarks/vnnlib/lunarlander_case_safe_71.vnnlib,22.867542476,sat,6.054022846
rl_benchmarks,vnncomp2022_benchmarks/benchmarks/rl_benchmarks/onnx/lunarlander.onnx,vnncomp2022_benchmarks/benchmarks/rl_benchmarks/vnnlib/lunarlander_case_unsafe_72.vnnlib,22.904277975,unsat,6.007120844
rl_benchmarks,vnncomp2022_benchmarks/benchmarks/rl_benchmarks/onnx/lunarlander.onnx,vnncomp2022_benchmarks/benchmarks/rl_benchmarks/vnnlib/lunarlander_case_unsafe_73.vnnlib,22.975667389,sat,6.023127939
rl_benchmarks,vnncomp2022_benchmarks/benchmarks/rl_benchmarks/onnx/lunarlander.onnx,vnncomp2022_benchmarks/benchmarks/rl_benchmarks/vnnlib/lunarlander_case_safe_74.vnnlib,22.923223930,unsat,6.017762509
rl_benchmarks,vnncomp2022_benchmarks/benchmarks/rl_benchmarks/onnx/lunarlander.onnx,vnncomp2022_benchmarks/benchmarks/rl_benchmarks/vnnlib/lunarlander_case_unsafe_75.vnnlib,22.848151895,unsat,6.006036498
rl_benchmarks,vnncomp2022_benchmarks/benchmarks/rl_benchmarks/onnx/lunarlander.onnx,vnncomp2022_benchmarks/benchmarks/rl_benchmarks/vnnlib/lunarlander_case_unsafe_76.vnnlib,22.954990723,sat,6.024988712
rl_benchmarks,vnncomp2022_benchmarks/benchmarks/rl_benchmarks/onnx/lunarlander.onnx,vnncomp2022_benchmarks/benchmarks/rl_benchmarks/vnnlib/lunarlander_case_safe_77.vnnlib,22.998408435,sat,6.102762740
rl_benchmarks,vnncomp2022_benchmarks/benchmarks/rl_benchmarks/onnx/lunarlander.onnx,vnncomp2022_benchmarks/benchmarks/rl_benchmarks/vnnlib/lunarlander_case_unsafe_78.vnnlib,22.903382423,unsat,6.059936226
rl_benchmarks,vnncomp2022_benchmarks/benchmarks/rl_benchmarks/onnx/lunarlander.onnx,vnncomp2022_benchmarks/benchmarks/rl_benchmarks/vnnlib/lunarlander_case_safe_79.vnnlib,22.952742718,unsat,6.052611512
rl_benchmarks,vnncomp2022_benchmarks/benchmarks/rl_benchmarks/onnx/lunarlander.onnx,vnncomp2022_benchmarks/benchmarks/rl_benchmarks/vnnlib/lunarlander_case_safe_80.vnnlib,22.951237839,unsat,6.007469098
rl_benchmarks,vnncomp2022_benchmarks/benchmarks/rl_benchmarks/onnx/lunarlander.onnx,vnncomp2022_benchmarks/benchmarks/rl_benchmarks/vnnlib/lunarlander_case_safe_81.vnnlib,22.870694553,sat,6.055773959
rl_benchmarks,vnncomp2022_benchmarks/benchmarks/rl_benchmarks/onnx/lunarlander.onnx,vnncomp2022_benchmarks/benchmarks/rl_benchmarks/vnnlib/lunarlander_case_unsafe_82.vnnlib,22.988781845,unsat,6.027732684
rl_benchmarks,vnncomp2022_benchmarks/benchmarks/rl_benchmarks/onnx/lunarlander.onnx,vnncomp2022_benchmarks/benchmarks/rl_benchmarks/vnnlib/lunarlander_case_safe_83.vnnlib,22.978611363,unsat,6.007295392
rl_benchmarks,vnncomp2022_benchmarks/benchmarks/rl_benchmarks/onnx/lunarlander.onnx,vnncomp2022_benchmarks/benchmarks/rl_benchmarks/vnnlib/lunarlander_case_unsafe_84.vnnlib,22.920125836,sat,6.091344041
rl_benchmarks,vnncomp2022_benchmarks/benchmarks/rl_benchmarks/onnx/lunarlander.onnx,vnncomp2022_benchmarks/benchmarks/rl_benchmarks/vnnlib/lunarlander_case_unsafe_85.vnnlib,22.871701405,sat,6.022843740
rl_benchmarks,vnncomp2022_benchmarks/benchmarks/rl_benchmarks/onnx/lunarlander.onnx,vnncomp2022_benchmarks/benchmarks/rl_benchmarks/vnnlib/lunarlander_case_safe_86.vnnlib,22.919375873,sat,6.057510344
rl_benchmarks,vnncomp2022_benchmarks/benchmarks/rl_benchmarks/onnx/lunarlander.onnx,vnncomp2022_benchmarks/benchmarks/rl_benchmarks/vnnlib/lunarlander_case_safe_87.vnnlib,22.907908267,sat,6.041207689
rl_benchmarks,vnncomp2022_benchmarks/benchmarks/rl_benchmarks/onnx/lunarlander.onnx,vnncomp2022_benchmarks/benchmarks/rl_benchmarks/vnnlib/lunarlander_case_safe_88.vnnlib,22.912533349,sat,6.056438292
rl_benchmarks,vnncomp2022_benchmarks/benchmarks/rl_benchmarks/onnx/lunarlander.onnx,vnncomp2022_benchmarks/benchmarks/rl_benchmarks/vnnlib/lunarlander_case_safe_89.vnnlib,22.928381956,unsat,5.988909303
rl_benchmarks,vnncomp2022_benchmarks/benchmarks/rl_benchmarks/onnx/lunarlander.onnx,vnncomp2022_benchmarks/benchmarks/rl_benchmarks/vnnlib/lunarlander_case_unsafe_90.vnnlib,22.977730490,unsat,5.998390867
rl_benchmarks,vnncomp2022_benchmarks/benchmarks/rl_benchmarks/onnx/lunarlander.onnx,vnncomp2022_benchmarks/benchmarks/rl_benchmarks/vnnlib/lunarlander_case_unsafe_91.vnnlib,22.939799627,unsat,6.005907047
rl_benchmarks,vnncomp2022_benchmarks/benchmarks/rl_benchmarks/onnx/lunarlander.onnx,vnncomp2022_benchmarks/benchmarks/rl_benchmarks/vnnlib/lunarlander_case_unsafe_92.vnnlib,22.968535676,unsat,6.037191630
rl_benchmarks,vnncomp2022_benchmarks/benchmarks/rl_benchmarks/onnx/lunarlander.onnx,vnncomp2022_benchmarks/benchmarks/rl_benchmarks/vnnlib/lunarlander_case_unsafe_93.vnnlib,22.982175752,sat,6.056141824
rl_benchmarks,vnncomp2022_benchmarks/benchmarks/rl_benchmarks/onnx/lunarlander.onnx,vnncomp2022_benchmarks/benchmarks/rl_benchmarks/vnnlib/lunarlander_case_unsafe_94.vnnlib,22.946977697,unsat,6.037040284
rl_benchmarks,vnncomp2022_benchmarks/benchmarks/rl_benchmarks/onnx/lunarlander.onnx,vnncomp2022_benchmarks/benchmarks/rl_benchmarks/vnnlib/lunarlander_case_unsafe_95.vnnlib,22.978200787,sat,6.045149377
rl_benchmarks,vnncomp2022_benchmarks/benchmarks/rl_benchmarks/onnx/lunarlander.onnx,vnncomp2022_benchmarks/benchmarks/rl_benchmarks/vnnlib/lunarlander_case_unsafe_96.vnnlib,22.939578510,sat,6.034185396
rl_benchmarks,vnncomp2022_benchmarks/benchmarks/rl_benchmarks/onnx/lunarlander.onnx,vnncomp2022_benchmarks/benchmarks/rl_benchmarks/vnnlib/lunarlander_case_unsafe_97.vnnlib,22.916961804,sat,6.054650916
rl_benchmarks,vnncomp2022_benchmarks/benchmarks/rl_benchmarks/onnx/lunarlander.onnx,vnncomp2022_benchmarks/benchmarks/rl_benchmarks/vnnlib/lunarlander_case_unsafe_98.vnnlib,22.981148517,sat,6.060350167
rl_benchmarks,vnncomp2022_benchmarks/benchmarks/rl_benchmarks/onnx/lunarlander.onnx,vnncomp2022_benchmarks/benchmarks/rl_benchmarks/vnnlib/lunarlander_case_unsafe_99.vnnlib,22.953021841,sat,6.057876286
rl_benchmarks,vnncomp2022_benchmarks/benchmarks/rl_benchmarks/onnx/dubinsrejoin.onnx,vnncomp2022_benchmarks/benchmarks/rl_benchmarks/vnnlib/dubinsrejoin_case_safe_0.vnnlib,22.789897518,unsat,5.924921089
rl_benchmarks,vnncomp2022_benchmarks/benchmarks/rl_benchmarks/onnx/dubinsrejoin.onnx,vnncomp2022_benchmarks/benchmarks/rl_benchmarks/vnnlib/dubinsrejoin_case_safe_1.vnnlib,22.839573490,unsat,5.892647561
rl_benchmarks,vnncomp2022_benchmarks/benchmarks/rl_benchmarks/onnx/dubinsrejoin.onnx,vnncomp2022_benchmarks/benchmarks/rl_benchmarks/vnnlib/dubinsrejoin_case_unsafe_2.vnnlib,22.795917536,unsat,5.938190123
rl_benchmarks,vnncomp2022_benchmarks/benchmarks/rl_benchmarks/onnx/dubinsrejoin.onnx,vnncomp2022_benchmarks/benchmarks/rl_benchmarks/vnnlib/dubinsrejoin_case_safe_3.vnnlib,22.782241701,unsat,5.927785526
rl_benchmarks,vnncomp2022_benchmarks/benchmarks/rl_benchmarks/onnx/dubinsrejoin.onnx,vnncomp2022_benchmarks/benchmarks/rl_benchmarks/vnnlib/dubinsrejoin_case_unsafe_4.vnnlib,22.757175315,unsat,5.913368206
rl_benchmarks,vnncomp2022_benchmarks/benchmarks/rl_benchmarks/onnx/dubinsrejoin.onnx,vnncomp2022_benchmarks/benchmarks/rl_benchmarks/vnnlib/dubinsrejoin_case_unsafe_5.vnnlib,22.813167587,unsat,5.868731108
rl_benchmarks,vnncomp2022_benchmarks/benchmarks/rl_benchmarks/onnx/dubinsrejoin.onnx,vnncomp2022_benchmarks/benchmarks/rl_benchmarks/vnnlib/dubinsrejoin_case_safe_6.vnnlib,22.717013984,unsat,5.865405673
rl_benchmarks,vnncomp2022_benchmarks/benchmarks/rl_benchmarks/onnx/dubinsrejoin.onnx,vnncomp2022_benchmarks/benchmarks/rl_benchmarks/vnnlib/dubinsrejoin_case_unsafe_7.vnnlib,22.700780953,unsat,5.878336437
rl_benchmarks,vnncomp2022_benchmarks/benchmarks/rl_benchmarks/onnx/dubinsrejoin.onnx,vnncomp2022_benchmarks/benchmarks/rl_benchmarks/vnnlib/dubinsrejoin_case_unsafe_8.vnnlib,22.759915864,unsat,5.857152141
rl_benchmarks,vnncomp2022_benchmarks/benchmarks/rl_benchmarks/onnx/dubinsrejoin.onnx,vnncomp2022_benchmarks/benchmarks/rl_benchmarks/vnnlib/dubinsrejoin_case_unsafe_9.vnnlib,22.792905547,unsat,5.842153272
rl_benchmarks,vnncomp2022_benchmarks/benchmarks/rl_benchmarks/onnx/dubinsrejoin.onnx,vnncomp2022_benchmarks/benchmarks/rl_benchmarks/vnnlib/dubinsrejoin_case_safe_10.vnnlib,22.773979925,unsat,5.899961975
rl_benchmarks,vnncomp2022_benchmarks/benchmarks/rl_benchmarks/onnx/dubinsrejoin.onnx,vnncomp2022_benchmarks/benchmarks/rl_benchmarks/vnnlib/dubinsrejoin_case_unsafe_11.vnnlib,22.840476085,unsat,5.884442627
rl_benchmarks,vnncomp2022_benchmarks/benchmarks/rl_benchmarks/onnx/dubinsrejoin.onnx,vnncomp2022_benchmarks/benchmarks/rl_benchmarks/vnnlib/dubinsrejoin_case_safe_12.vnnlib,22.807547650,unsat,5.892038644
rl_benchmarks,vnncomp2022_benchmarks/benchmarks/rl_benchmarks/onnx/dubinsrejoin.onnx,vnncomp2022_benchmarks/benchmarks/rl_benchmarks/vnnlib/dubinsrejoin_case_safe_13.vnnlib,22.751408306,unsat,5.862055403
rl_benchmarks,vnncomp2022_benchmarks/benchmarks/rl_benchmarks/onnx/dubinsrejoin.onnx,vnncomp2022_benchmarks/benchmarks/rl_benchmarks/vnnlib/dubinsrejoin_case_safe_14.vnnlib,22.758914883,unsat,5.862954378
rl_benchmarks,vnncomp2022_benchmarks/benchmarks/rl_benchmarks/onnx/dubinsrejoin.onnx,vnncomp2022_benchmarks/benchmarks/rl_benchmarks/vnnlib/dubinsrejoin_case_safe_15.vnnlib,22.831267254,unsat,5.848426851
rl_benchmarks,vnncomp2022_benchmarks/benchmarks/rl_benchmarks/onnx/dubinsrejoin.onnx,vnncomp2022_benchmarks/benchmarks/rl_benchmarks/vnnlib/dubinsrejoin_case_safe_16.vnnlib,22.725639960,unsat,5.915436218
rl_benchmarks,vnncomp2022_benchmarks/benchmarks/rl_benchmarks/onnx/dubinsrejoin.onnx,vnncomp2022_benchmarks/benchmarks/rl_benchmarks/vnnlib/dubinsrejoin_case_safe_17.vnnlib,22.774956224,unsat,5.928412636
rl_benchmarks,vnncomp2022_benchmarks/benchmarks/rl_benchmarks/onnx/dubinsrejoin.onnx,vnncomp2022_benchmarks/benchmarks/rl_benchmarks/vnnlib/dubinsrejoin_case_unsafe_18.vnnlib,23.145529971,unsat,6.252231878
rl_benchmarks,vnncomp2022_benchmarks/benchmarks/rl_benchmarks/onnx/dubinsrejoin.onnx,vnncomp2022_benchmarks/benchmarks/rl_benchmarks/vnnlib/dubinsrejoin_case_unsafe_19.vnnlib,22.788691850,unsat,5.868392606
rl_benchmarks,vnncomp2022_benchmarks/benchmarks/rl_benchmarks/onnx/dubinsrejoin.onnx,vnncomp2022_benchmarks/benchmarks/rl_benchmarks/vnnlib/dubinsrejoin_case_unsafe_20.vnnlib,22.762851446,unsat,5.912820350
rl_benchmarks,vnncomp2022_benchmarks/benchmarks/rl_benchmarks/onnx/dubinsrejoin.onnx,vnncomp2022_benchmarks/benchmarks/rl_benchmarks/vnnlib/dubinsrejoin_case_unsafe_21.vnnlib,23.193683331,unsat,6.237359352
rl_benchmarks,vnncomp2022_benchmarks/benchmarks/rl_benchmarks/onnx/dubinsrejoin.onnx,vnncomp2022_benchmarks/benchmarks/rl_benchmarks/vnnlib/dubinsrejoin_case_unsafe_22.vnnlib,22.750414202,unsat,5.908509394
rl_benchmarks,vnncomp2022_benchmarks/benchmarks/rl_benchmarks/onnx/dubinsrejoin.onnx,vnncomp2022_benchmarks/benchmarks/rl_benchmarks/vnnlib/dubinsrejoin_case_unsafe_23.vnnlib,22.743434874,unsat,5.925784740
rl_benchmarks,vnncomp2022_benchmarks/benchmarks/rl_benchmarks/onnx/dubinsrejoin.onnx,vnncomp2022_benchmarks/benchmarks/rl_benchmarks/vnnlib/dubinsrejoin_case_unsafe_24.vnnlib,22.868348854,unsat,5.922546565
rl_benchmarks,vnncomp2022_benchmarks/benchmarks/rl_benchmarks/onnx/dubinsrejoin.onnx,vnncomp2022_benchmarks/benchmarks/rl_benchmarks/vnnlib/dubinsrejoin_case_unsafe_25.vnnlib,23.280393168,unsat,6.412708593
rl_benchmarks,vnncomp2022_benchmarks/benchmarks/rl_benchmarks/onnx/dubinsrejoin.onnx,vnncomp2022_benchmarks/benchmarks/rl_benchmarks/vnnlib/dubinsrejoin_case_unsafe_26.vnnlib,22.844778382,unsat,5.937923962
rl_benchmarks,vnncomp2022_benchmarks/benchmarks/rl_benchmarks/onnx/dubinsrejoin.onnx,vnncomp2022_benchmarks/benchmarks/rl_benchmarks/vnnlib/dubinsrejoin_case_unsafe_27.vnnlib,22.758437862,unsat,5.894086483
rl_benchmarks,vnncomp2022_benchmarks/benchmarks/rl_benchmarks/onnx/dubinsrejoin.onnx,vnncomp2022_benchmarks/benchmarks/rl_benchmarks/vnnlib/dubinsrejoin_case_unsafe_28.vnnlib,22.813674442,unsat,5.859379943
rl_benchmarks,vnncomp2022_benchmarks/benchmarks/rl_benchmarks/onnx/dubinsrejoin.onnx,vnncomp2022_benchmarks/benchmarks/rl_benchmarks/vnnlib/dubinsrejoin_case_unsafe_29.vnnlib,22.863291020,unsat,5.901181620
rl_benchmarks,vnncomp2022_benchmarks/benchmarks/rl_benchmarks/onnx/dubinsrejoin.onnx,vnncomp2022_benchmarks/benchmarks/rl_benchmarks/vnnlib/dubinsrejoin_case_unsafe_30.vnnlib,22.785930486,unsat,5.894180731
rl_benchmarks,vnncomp2022_benchmarks/benchmarks/rl_benchmarks/onnx/dubinsrejoin.onnx,vnncomp2022_benchmarks/benchmarks/rl_benchmarks/vnnlib/dubinsrejoin_case_unsafe_31.vnnlib,22.811963187,unsat,5.871200192
rl_benchmarks,vnncomp2022_benchmarks/benchmarks/rl_benchmarks/onnx/dubinsrejoin.onnx,vnncomp2022_benchmarks/benchmarks/rl_benchmarks/vnnlib/dubinsrejoin_case_unsafe_32.vnnlib,22.827102592,unsat,5.882891508
rl_benchmarks,vnncomp2022_benchmarks/benchmarks/rl_benchmarks/onnx/dubinsrejoin.onnx,vnncomp2022_benchmarks/benchmarks/rl_benchmarks/vnnlib/dubinsrejoin_case_unsafe_33.vnnlib,22.804445497,unsat,5.877939694
rl_benchmarks,vnncomp2022_benchmarks/benchmarks/rl_benchmarks/onnx/dubinsrejoin.onnx,vnncomp2022_benchmarks/benchmarks/rl_benchmarks/vnnlib/dubinsrejoin_case_unsafe_34.vnnlib,22.793723949,unsat,5.911613920
rl_benchmarks,vnncomp2022_benchmarks/benchmarks/rl_benchmarks/onnx/dubinsrejoin.onnx,vnncomp2022_benchmarks/benchmarks/rl_benchmarks/vnnlib/dubinsrejoin_case_unsafe_35.vnnlib,22.883306061,unsat,5.901859068
rl_benchmarks,vnncomp2022_benchmarks/benchmarks/rl_benchmarks/onnx/dubinsrejoin.onnx,vnncomp2022_benchmarks/benchmarks/rl_benchmarks/vnnlib/dubinsrejoin_case_unsafe_36.vnnlib,22.830528407,unsat,5.903747619
rl_benchmarks,vnncomp2022_benchmarks/benchmarks/rl_benchmarks/onnx/dubinsrejoin.onnx,vnncomp2022_benchmarks/benchmarks/rl_benchmarks/vnnlib/dubinsrejoin_case_unsafe_37.vnnlib,22.767498459,unsat,5.910391762
rl_benchmarks,vnncomp2022_benchmarks/benchmarks/rl_benchmarks/onnx/dubinsrejoin.onnx,vnncomp2022_benchmarks/benchmarks/rl_benchmarks/vnnlib/dubinsrejoin_case_unsafe_38.vnnlib,22.792363270,unsat,5.923712145
rl_benchmarks,vnncomp2022_benchmarks/benchmarks/rl_benchmarks/onnx/dubinsrejoin.onnx,vnncomp2022_benchmarks/benchmarks/rl_benchmarks/vnnlib/dubinsrejoin_case_unsafe_39.vnnlib,22.809743023,unsat,5.858218627
rl_benchmarks,vnncomp2022_benchmarks/benchmarks/rl_benchmarks/onnx/dubinsrejoin.onnx,vnncomp2022_benchmarks/benchmarks/rl_benchmarks/vnnlib/dubinsrejoin_case_unsafe_40.vnnlib,22.862534579,unsat,5.920378281
rl_benchmarks,vnncomp2022_benchmarks/benchmarks/rl_benchmarks/onnx/dubinsrejoin.onnx,vnncomp2022_benchmarks/benchmarks/rl_benchmarks/vnnlib/dubinsrejoin_case_unsafe_41.vnnlib,22.789851535,unsat,5.898874679
rl_benchmarks,vnncomp2022_benchmarks/benchmarks/rl_benchmarks/onnx/dubinsrejoin.onnx,vnncomp2022_benchmarks/benchmarks/rl_benchmarks/vnnlib/dubinsrejoin_case_unsafe_42.vnnlib,22.731648099,unsat,5.902576129
rl_benchmarks,vnncomp2022_benchmarks/benchmarks/rl_benchmarks/onnx/dubinsrejoin.onnx,vnncomp2022_benchmarks/benchmarks/rl_benchmarks/vnnlib/dubinsrejoin_case_unsafe_43.vnnlib,23.133394101,unsat,6.249129982
rl_benchmarks,vnncomp2022_benchmarks/benchmarks/rl_benchmarks/onnx/dubinsrejoin.onnx,vnncomp2022_benchmarks/benchmarks/rl_benchmarks/vnnlib/dubinsrejoin_case_unsafe_44.vnnlib,22.719581750,unsat,5.918906210
rl_benchmarks,vnncomp2022_benchmarks/benchmarks/rl_benchmarks/onnx/dubinsrejoin.onnx,vnncomp2022_benchmarks/benchmarks/rl_benchmarks/vnnlib/dubinsrejoin_case_unsafe_45.vnnlib,22.820843326,unsat,5.891644952
rl_benchmarks,vnncomp2022_benchmarks/benchmarks/rl_benchmarks/onnx/dubinsrejoin.onnx,vnncomp2022_benchmarks/benchmarks/rl_benchmarks/vnnlib/dubinsrejoin_case_unsafe_46.vnnlib,22.780666345,unsat,5.871588435
rl_benchmarks,vnncomp2022_benchmarks/benchmarks/rl_benchmarks/onnx/dubinsrejoin.onnx,vnncomp2022_benchmarks/benchmarks/rl_benchmarks/vnnlib/dubinsrejoin_case_unsafe_47.vnnlib,22.762563352,unsat,5.877447186
rl_benchmarks,vnncomp2022_benchmarks/benchmarks/rl_benchmarks/onnx/dubinsrejoin.onnx,vnncomp2022_benchmarks/benchmarks/rl_benchmarks/vnnlib/dubinsrejoin_case_unsafe_48.vnnlib,22.845936672,unsat,5.911980612
rl_benchmarks,vnncomp2022_benchmarks/benchmarks/rl_benchmarks/onnx/dubinsrejoin.onnx,vnncomp2022_benchmarks/benchmarks/rl_benchmarks/vnnlib/dubinsrejoin_case_unsafe_49.vnnlib,22.757765682,unsat,5.890154469
rl_benchmarks,vnncomp2022_benchmarks/benchmarks/rl_benchmarks/onnx/dubinsrejoin.onnx,vnncomp2022_benchmarks/benchmarks/rl_benchmarks/vnnlib/dubinsrejoin_case_unsafe_50.vnnlib,22.822506158,unsat,5.934293262
rl_benchmarks,vnncomp2022_benchmarks/benchmarks/rl_benchmarks/onnx/dubinsrejoin.onnx,vnncomp2022_benchmarks/benchmarks/rl_benchmarks/vnnlib/dubinsrejoin_case_unsafe_51.vnnlib,22.771441101,unsat,5.937284769
rl_benchmarks,vnncomp2022_benchmarks/benchmarks/rl_benchmarks/onnx/dubinsrejoin.onnx,vnncomp2022_benchmarks/benchmarks/rl_benchmarks/vnnlib/dubinsrejoin_case_unsafe_52.vnnlib,22.743521614,unsat,5.948385443
rl_benchmarks,vnncomp2022_benchmarks/benchmarks/rl_benchmarks/onnx/dubinsrejoin.onnx,vnncomp2022_benchmarks/benchmarks/rl_benchmarks/vnnlib/dubinsrejoin_case_unsafe_53.vnnlib,23.303996673,unsat,6.430009502
rl_benchmarks,vnncomp2022_benchmarks/benchmarks/rl_benchmarks/onnx/dubinsrejoin.onnx,vnncomp2022_benchmarks/benchmarks/rl_benchmarks/vnnlib/dubinsrejoin_case_unsafe_54.vnnlib,22.773860254,unsat,5.872909198
rl_benchmarks,vnncomp2022_benchmarks/benchmarks/rl_benchmarks/onnx/dubinsrejoin.onnx,vnncomp2022_benchmarks/benchmarks/rl_benchmarks/vnnlib/dubinsrejoin_case_unsafe_55.vnnlib,23.242109376,unsat,6.410800389
rl_benchmarks,vnncomp2022_benchmarks/benchmarks/rl_benchmarks/onnx/dubinsrejoin.onnx,vnncomp2022_benchmarks/benchmarks/rl_benchmarks/vnnlib/dubinsrejoin_case_unsafe_56.vnnlib,22.793886928,unsat,5.860725908
rl_benchmarks,vnncomp2022_benchmarks/benchmarks/rl_benchmarks/onnx/dubinsrejoin.onnx,vnncomp2022_benchmarks/benchmarks/rl_benchmarks/vnnlib/dubinsrejoin_case_unsafe_57.vnnlib,23.133081428,unsat,6.189420559
rl_benchmarks,vnncomp2022_benchmarks/benchmarks/rl_benchmarks/onnx/dubinsrejoin.onnx,vnncomp2022_benchmarks/benchmarks/rl_benchmarks/vnnlib/dubinsrejoin_case_unsafe_58.vnnlib,22.767869176,unsat,5.926808046
rl_benchmarks,vnncomp2022_benchmarks/benchmarks/rl_benchmarks/onnx/dubinsrejoin.onnx,vnncomp2022_benchmarks/benchmarks/rl_benchmarks/vnnlib/dubinsrejoin_case_unsafe_59.vnnlib,23.015081831,sat,6.233326356
rl_benchmarks,vnncomp2022_benchmarks/benchmarks/rl_benchmarks/onnx/dubinsrejoin.onnx,vnncomp2022_benchmarks/benchmarks/rl_benchmarks/vnnlib/dubinsrejoin_case_unsafe_60.vnnlib,22.816750323,unsat,5.886586184
rl_benchmarks,vnncomp2022_benchmarks/benchmarks/rl_benchmarks/onnx/dubinsrejoin.onnx,vnncomp2022_benchmarks/benchmarks/rl_benchmarks/vnnlib/dubinsrejoin_case_unsafe_61.vnnlib,22.768209790,sat,5.868796508
rl_benchmarks,vnncomp2022_benchmarks/benchmarks/rl_benchmarks/onnx/dubinsrejoin.onnx,vnncomp2022_benchmarks/benchmarks/rl_benchmarks/vnnlib/dubinsrejoin_case_unsafe_62.vnnlib,23.124381070,unsat,6.256756173
rl_benchmarks,vnncomp2022_benchmarks/benchmarks/rl_benchmarks/onnx/dubinsrejoin.onnx,vnncomp2022_benchmarks/benchmarks/rl_benchmarks/vnnlib/dubinsrejoin_case_unsafe_63.vnnlib,23.115876699,unsat,6.202712429
rl_benchmarks,vnncomp2022_benchmarks/benchmarks/rl_benchmarks/onnx/dubinsrejoin.onnx,vnncomp2022_benchmarks/benchmarks/rl_benchmarks/vnnlib/dubinsrejoin_case_unsafe_64.vnnlib,22.710293717,unsat,5.898819067
rl_benchmarks,vnncomp2022_benchmarks/benchmarks/rl_benchmarks/onnx/dubinsrejoin.onnx,vnncomp2022_benchmarks/benchmarks/rl_benchmarks/vnnlib/dubinsrejoin_case_unsafe_65.vnnlib,22.800857813,unsat,5.928153563
rl_benchmarks,vnncomp2022_benchmarks/benchmarks/rl_benchmarks/onnx/dubinsrejoin.onnx,vnncomp2022_benchmarks/benchmarks/rl_benchmarks/vnnlib/dubinsrejoin_case_unsafe_66.vnnlib,23.198819894,unsat,6.359884657
rl_benchmarks,vnncomp2022_benchmarks/benchmarks/rl_benchmarks/onnx/dubinsrejoin.onnx,vnncomp2022_benchmarks/benchmarks/rl_benchmarks/vnnlib/dubinsrejoin_case_unsafe_67.vnnlib,23.122473487,sat,6.171311362
rl_benchmarks,vnncomp2022_benchmarks/benchmarks/rl_benchmarks/onnx/dubinsrejoin.onnx,vnncomp2022_benchmarks/benchmarks/rl_benchmarks/vnnlib/dubinsrejoin_case_unsafe_68.vnnlib,23.174338442,sat,6.203415702
rl_benchmarks,vnncomp2022_benchmarks/benchmarks/rl_benchmarks/onnx/dubinsrejoin.onnx,vnncomp2022_benchmarks/benchmarks/rl_benchmarks/vnnlib/dubinsrejoin_case_unsafe_69.vnnlib,22.760176547,sat,5.929202183
rl_benchmarks,vnncomp2022_benchmarks/benchmarks/rl_benchmarks/onnx/dubinsrejoin.onnx,vnncomp2022_benchmarks/benchmarks/rl_benchmarks/vnnlib/dubinsrejoin_case_unsafe_70.vnnlib,22.778628893,unsat,5.879853669
rl_benchmarks,vnncomp2022_benchmarks/benchmarks/rl_benchmarks/onnx/dubinsrejoin.onnx,vnncomp2022_benchmarks/benchmarks/rl_benchmarks/vnnlib/dubinsrejoin_case_unsafe_71.vnnlib,23.089346295,sat,6.207687850
rl_benchmarks,vnncomp2022_benchmarks/benchmarks/rl_benchmarks/onnx/dubinsrejoin.onnx,vnncomp2022_benchmarks/benchmarks/rl_benchmarks/vnnlib/dubinsrejoin_case_unsafe_72.vnnlib,23.129102728,unsat,6.315997046
rl_benchmarks,vnncomp2022_benchmarks/benchmarks/rl_benchmarks/onnx/dubinsrejoin.onnx,vnncomp2022_benchmarks/benchmarks/rl_benchmarks/vnnlib/dubinsrejoin_case_unsafe_73.vnnlib,23.054970244,sat,6.237387844
rl_benchmarks,vnncomp2022_benchmarks/benchmarks/rl_benchmarks/onnx/dubinsrejoin.onnx,vnncomp2022_benchmarks/benchmarks/rl_benchmarks/vnnlib/dubinsrejoin_case_unsafe_74.vnnlib,22.798653718,unsat,5.883647470
rl_benchmarks,vnncomp2022_benchmarks/benchmarks/rl_benchmarks/onnx/dubinsrejoin.onnx,vnncomp2022_benchmarks/benchmarks/rl_benchmarks/vnnlib/dubinsrejoin_case_unsafe_75.vnnlib,22.839160728,sat,5.882762966
rl_benchmarks,vnncomp2022_benchmarks/benchmarks/rl_benchmarks/onnx/dubinsrejoin.onnx,vnncomp2022_benchmarks/benchmarks/rl_benchmarks/vnnlib/dubinsrejoin_case_unsafe_76.vnnlib,23.191970135,unsat,6.184186926
rl_benchmarks,vnncomp2022_benchmarks/benchmarks/rl_benchmarks/onnx/dubinsrejoin.onnx,vnncomp2022_benchmarks/benchmarks/rl_benchmarks/vnnlib/dubinsrejoin_case_unsafe_77.vnnlib,22.783755894,unsat,5.881281143
rl_benchmarks,vnncomp2022_benchmarks/benchmarks/rl_benchmarks/onnx/dubinsrejoin.onnx,vnncomp2022_benchmarks/benchmarks/rl_benchmarks/vnnlib/dubinsrejoin_case_unsafe_78.vnnlib,23.193748391,sat,6.192231514
rl_benchmarks,vnncomp2022_benchmarks/benchmarks/rl_benchmarks/onnx/dubinsrejoin.onnx,vnncomp2022_benchmarks/benchmarks/rl_benchmarks/vnnlib/dubinsrejoin_case_unsafe_79.vnnlib,22.783641320,unsat,5.917988181
rl_benchmarks,vnncomp2022_benchmarks/benchmarks/rl_benchmarks/onnx/dubinsrejoin.onnx,vnncomp2022_benchmarks/benchmarks/rl_benchmarks/vnnlib/dubinsrejoin_case_unsafe_80.vnnlib,22.894100024,sat,5.919745128
rl_benchmarks,vnncomp2022_benchmarks/benchmarks/rl_benchmarks/onnx/dubinsrejoin.onnx,vnncomp2022_benchmarks/benchmarks/rl_benchmarks/vnnlib/dubinsrejoin_case_unsafe_81.vnnlib,22.728732795,unsat,5.874402251
rl_benchmarks,vnncomp2022_benchmarks/benchmarks/rl_benchmarks/onnx/dubinsrejoin.onnx,vnncomp2022_benchmarks/benchmarks/rl_benchmarks/vnnlib/dubinsrejoin_case_unsafe_82.vnnlib,22.763514003,sat,5.882669385
rl_benchmarks,vnncomp2022_benchmarks/benchmarks/rl_benchmarks/onnx/dubinsrejoin.onnx,vnncomp2022_benchmarks/benchmarks/rl_benchmarks/vnnlib/dubinsrejoin_case_unsafe_83.vnnlib,22.821368462,unsat,5.910723526
rl_benchmarks,vnncomp2022_benchmarks/benchmarks/rl_benchmarks/onnx/dubinsrejoin.onnx,vnncomp2022_benchmarks/benchmarks/rl_benchmarks/vnnlib/dubinsrejoin_case_unsafe_84.vnnlib,23.191955621,sat,6.259897343
rl_benchmarks,vnncomp2022_benchmarks/benchmarks/rl_benchmarks/onnx/dubinsrejoin.onnx,vnncomp2022_benchmarks/benchmarks/rl_benchmarks/vnnlib/dubinsrejoin_case_unsafe_85.vnnlib,23.218623297,unsat,6.242989487
rl_benchmarks,vnncomp2022_benchmarks/benchmarks/rl_benchmarks/onnx/dubinsrejoin.onnx,vnncomp2022_benchmarks/benchmarks/rl_benchmarks/vnnlib/dubinsrejoin_case_unsafe_86.vnnlib,22.789440107,unsat,5.919275536
rl_benchmarks,vnncomp2022_benchmarks/benchmarks/rl_benchmarks/onnx/dubinsrejoin.onnx,vnncomp2022_benchmarks/benchmarks/rl_benchmarks/vnnlib/dubinsrejoin_case_unsafe_87.vnnlib,23.120489186,sat,6.232063142
rl_benchmarks,vnncomp2022_benchmarks/benchmarks/rl_benchmarks/onnx/dubinsrejoin.onnx,vnncomp2022_benchmarks/benchmarks/rl_benchmarks/vnnlib/dubinsrejoin_case_unsafe_88.vnnlib,22.852588541,sat,5.886768842
rl_benchmarks,vnncomp2022_benchmarks/benchmarks/rl_benchmarks/onnx/dubinsrejoin.onnx,vnncomp2022_benchmarks/benchmarks/rl_benchmarks/vnnlib/dubinsrejoin_case_unsafe_89.vnnlib,23.139473520,sat,6.189808758
rl_benchmarks,vnncomp2022_benchmarks/benchmarks/rl_benchmarks/onnx/dubinsrejoin.onnx,vnncomp2022_benchmarks/benchmarks/rl_benchmarks/vnnlib/dubinsrejoin_case_unsafe_90.vnnlib,22.797871374,unsat,5.920988756
rl_benchmarks,vnncomp2022_benchmarks/benchmarks/rl_benchmarks/onnx/dubinsrejoin.onnx,vnncomp2022_benchmarks/benchmarks/rl_benchmarks/vnnlib/dubinsrejoin_case_unsafe_91.vnnlib,22.712487604,unsat,5.869868247
rl_benchmarks,vnncomp2022_benchmarks/benchmarks/rl_benchmarks/onnx/dubinsrejoin.onnx,vnncomp2022_benchmarks/benchmarks/rl_benchmarks/vnnlib/dubinsrejoin_case_unsafe_92.vnnlib,22.798034299,unsat,5.934824153
rl_benchmarks,vnncomp2022_benchmarks/benchmarks/rl_benchmarks/onnx/dubinsrejoin.onnx,vnncomp2022_benchmarks/benchmarks/rl_benchmarks/vnnlib/dubinsrejoin_case_unsafe_93.vnnlib,23.007045556,sat,6.194871467
rl_benchmarks,vnncomp2022_benchmarks/benchmarks/rl_benchmarks/onnx/dubinsrejoin.onnx,vnncomp2022_benchmarks/benchmarks/rl_benchmarks/vnnlib/dubinsrejoin_case_unsafe_94.vnnlib,22.832420031,sat,5.918215975
rl_benchmarks,vnncomp2022_benchmarks/benchmarks/rl_benchmarks/onnx/dubinsrejoin.onnx,vnncomp2022_benchmarks/benchmarks/rl_benchmarks/vnnlib/dubinsrejoin_case_unsafe_95.vnnlib,22.814729170,sat,5.912916734
rl_benchmarks,vnncomp2022_benchmarks/benchmarks/test/test_nano.onnx,vnncomp2022_benchmarks/benchmarks/test/test_nano.vnnlib,22.858749288,unsat,5.983095166
