cifar2020,./benchmarks/cifar2020/onnx/cifar10_2_255_simplified.onnx,./benchmarks/cifar2020/vnnlib/cifar10_spec_idx_0_eps_0.00784_n1.vnnlib,.017690978,timeout,306.540152052
cifar2020,./benchmarks/cifar2020/onnx/cifar10_2_255_simplified.onnx,./benchmarks/cifar2020/vnnlib/cifar10_spec_idx_1_eps_0.00784_n1.vnnlib,.017196106,unsat,126.548114627
cifar2020,./benchmarks/cifar2020/onnx/cifar10_2_255_simplified.onnx,./benchmarks/cifar2020/vnnlib/cifar10_spec_idx_2_eps_0.00784_n1.vnnlib,.017721235,timeout,306.548385789
cifar2020,./benchmarks/cifar2020/onnx/cifar10_2_255_simplified.onnx,./benchmarks/cifar2020/vnnlib/cifar10_spec_idx_3_eps_0.00784_n1.vnnlib,.017638383,timeout,306.744850855
cifar2020,./benchmarks/cifar2020/onnx/cifar10_2_255_simplified.onnx,./benchmarks/cifar2020/vnnlib/cifar10_spec_idx_4_eps_0.00784_n1.vnnlib,.018960728,timeout,306.913935923
cifar2020,./benchmarks/cifar2020/onnx/cifar10_2_255_simplified.onnx,./benchmarks/cifar2020/vnnlib/cifar10_spec_idx_5_eps_0.00784_n1.vnnlib,.017174455,timeout,306.565833110
cifar2020,./benchmarks/cifar2020/onnx/cifar10_2_255_simplified.onnx,./benchmarks/cifar2020/vnnlib/cifar10_spec_idx_6_eps_0.00784_n1.vnnlib,.017506761,timeout,306.559455277
cifar2020,./benchmarks/cifar2020/onnx/cifar10_2_255_simplified.onnx,./benchmarks/cifar2020/vnnlib/cifar10_spec_idx_8_eps_0.00784_n1.vnnlib,.017600713,timeout,306.576315427
cifar2020,./benchmarks/cifar2020/onnx/cifar10_2_255_simplified.onnx,./benchmarks/cifar2020/vnnlib/cifar10_spec_idx_9_eps_0.00784_n1.vnnlib,.017745854,timeout,306.642118948
cifar2020,./benchmarks/cifar2020/onnx/cifar10_2_255_simplified.onnx,./benchmarks/cifar2020/vnnlib/cifar10_spec_idx_10_eps_0.00784_n1.vnnlib,.017808843,timeout,306.718490715
cifar2020,./benchmarks/cifar2020/onnx/cifar10_2_255_simplified.onnx,./benchmarks/cifar2020/vnnlib/cifar10_spec_idx_11_eps_0.00784_n1.vnnlib,.017291230,timeout,306.582227433
cifar2020,./benchmarks/cifar2020/onnx/cifar10_2_255_simplified.onnx,./benchmarks/cifar2020/vnnlib/cifar10_spec_idx_12_eps_0.00784_n1.vnnlib,.016686547,timeout,306.764142246
cifar2020,./benchmarks/cifar2020/onnx/cifar10_2_255_simplified.onnx,./benchmarks/cifar2020/vnnlib/cifar10_spec_idx_13_eps_0.00784_n1.vnnlib,.016612695,unsat,93.984698618
cifar2020,./benchmarks/cifar2020/onnx/cifar10_2_255_simplified.onnx,./benchmarks/cifar2020/vnnlib/cifar10_spec_idx_14_eps_0.00784_n1.vnnlib,.017093466,timeout,306.732914369
cifar2020,./benchmarks/cifar2020/onnx/cifar10_2_255_simplified.onnx,./benchmarks/cifar2020/vnnlib/cifar10_spec_idx_15_eps_0.00784_n1.vnnlib,.016517000,timeout,306.795957557
cifar2020,./benchmarks/cifar2020/onnx/cifar10_2_255_simplified.onnx,./benchmarks/cifar2020/vnnlib/cifar10_spec_idx_16_eps_0.00784_n1.vnnlib,.016760561,timeout,306.680759656
cifar2020,./benchmarks/cifar2020/onnx/cifar10_2_255_simplified.onnx,./benchmarks/cifar2020/vnnlib/cifar10_spec_idx_17_eps_0.00784_n1.vnnlib,.017492871,timeout,306.714916698
cifar2020,./benchmarks/cifar2020/onnx/cifar10_2_255_simplified.onnx,./benchmarks/cifar2020/vnnlib/cifar10_spec_idx_18_eps_0.00784_n1.vnnlib,.017016477,timeout,306.528539331
cifar2020,./benchmarks/cifar2020/onnx/cifar10_2_255_simplified.onnx,./benchmarks/cifar2020/vnnlib/cifar10_spec_idx_19_eps_0.00784_n1.vnnlib,.017783287,timeout,306.766876646
cifar2020,./benchmarks/cifar2020/onnx/cifar10_2_255_simplified.onnx,./benchmarks/cifar2020/vnnlib/cifar10_spec_idx_20_eps_0.00784_n1.vnnlib,.017697778,timeout,306.745177214
cifar2020,./benchmarks/cifar2020/onnx/cifar10_2_255_simplified.onnx,./benchmarks/cifar2020/vnnlib/cifar10_spec_idx_21_eps_0.00784_n1.vnnlib,.017583090,unsat,31.886798398
cifar2020,./benchmarks/cifar2020/onnx/cifar10_2_255_simplified.onnx,./benchmarks/cifar2020/vnnlib/cifar10_spec_idx_23_eps_0.00784_n1.vnnlib,.017525302,unsat,198.381966738
cifar2020,./benchmarks/cifar2020/onnx/cifar10_2_255_simplified.onnx,./benchmarks/cifar2020/vnnlib/cifar10_spec_idx_25_eps_0.00784_n1.vnnlib,.017476076,timeout,306.804854344
cifar2020,./benchmarks/cifar2020/onnx/cifar10_2_255_simplified.onnx,./benchmarks/cifar2020/vnnlib/cifar10_spec_idx_26_eps_0.00784_n1.vnnlib,.017319868,timeout,306.786585398
cifar2020,./benchmarks/cifar2020/onnx/cifar10_2_255_simplified.onnx,./benchmarks/cifar2020/vnnlib/cifar10_spec_idx_27_eps_0.00784_n1.vnnlib,.016916044,timeout,306.698666091
cifar2020,./benchmarks/cifar2020/onnx/cifar10_2_255_simplified.onnx,./benchmarks/cifar2020/vnnlib/cifar10_spec_idx_28_eps_0.00784_n1.vnnlib,.016127396,timeout,306.589562068
cifar2020,./benchmarks/cifar2020/onnx/cifar10_2_255_simplified.onnx,./benchmarks/cifar2020/vnnlib/cifar10_spec_idx_29_eps_0.00784_n1.vnnlib,.017301010,timeout,307.056625552
cifar2020,./benchmarks/cifar2020/onnx/cifar10_2_255_simplified.onnx,./benchmarks/cifar2020/vnnlib/cifar10_spec_idx_30_eps_0.00784_n1.vnnlib,.018001930,timeout,306.790736379
cifar2020,./benchmarks/cifar2020/onnx/cifar10_2_255_simplified.onnx,./benchmarks/cifar2020/vnnlib/cifar10_spec_idx_31_eps_0.00784_n1.vnnlib,.017882218,timeout,307.078952935
cifar2020,./benchmarks/cifar2020/onnx/cifar10_2_255_simplified.onnx,./benchmarks/cifar2020/vnnlib/cifar10_spec_idx_32_eps_0.00784_n1.vnnlib,.018214397,timeout,307.043713240
cifar2020,./benchmarks/cifar2020/onnx/cifar10_2_255_simplified.onnx,./benchmarks/cifar2020/vnnlib/cifar10_spec_idx_33_eps_0.00784_n1.vnnlib,.018165447,timeout,306.771174548
cifar2020,./benchmarks/cifar2020/onnx/cifar10_2_255_simplified.onnx,./benchmarks/cifar2020/vnnlib/cifar10_spec_idx_34_eps_0.00784_n1.vnnlib,.017840307,timeout,306.888454804
cifar2020,./benchmarks/cifar2020/onnx/cifar10_2_255_simplified.onnx,./benchmarks/cifar2020/vnnlib/cifar10_spec_idx_36_eps_0.00784_n1.vnnlib,.017278789,timeout,306.732868670
cifar2020,./benchmarks/cifar2020/onnx/cifar10_2_255_simplified.onnx,./benchmarks/cifar2020/vnnlib/cifar10_spec_idx_37_eps_0.00784_n1.vnnlib,.017701886,timeout,306.994024300
cifar2020,./benchmarks/cifar2020/onnx/cifar10_2_255_simplified.onnx,./benchmarks/cifar2020/vnnlib/cifar10_spec_idx_38_eps_0.00784_n1.vnnlib,.016543381,timeout,306.776264515
cifar2020,./benchmarks/cifar2020/onnx/cifar10_2_255_simplified.onnx,./benchmarks/cifar2020/vnnlib/cifar10_spec_idx_39_eps_0.00784_n1.vnnlib,.017520676,timeout,306.629741192
cifar2020,./benchmarks/cifar2020/onnx/cifar10_2_255_simplified.onnx,./benchmarks/cifar2020/vnnlib/cifar10_spec_idx_40_eps_0.00784_n1.vnnlib,.016271913,timeout,306.764615991
cifar2020,./benchmarks/cifar2020/onnx/cifar10_2_255_simplified.onnx,./benchmarks/cifar2020/vnnlib/cifar10_spec_idx_41_eps_0.00784_n1.vnnlib,.017909452,timeout,306.651048268
cifar2020,./benchmarks/cifar2020/onnx/cifar10_2_255_simplified.onnx,./benchmarks/cifar2020/vnnlib/cifar10_spec_idx_42_eps_0.00784_n1.vnnlib,.016896663,timeout,306.897847418
cifar2020,./benchmarks/cifar2020/onnx/cifar10_2_255_simplified.onnx,./benchmarks/cifar2020/vnnlib/cifar10_spec_idx_43_eps_0.00784_n1.vnnlib,.016608483,timeout,306.614054102
cifar2020,./benchmarks/cifar2020/onnx/cifar10_2_255_simplified.onnx,./benchmarks/cifar2020/vnnlib/cifar10_spec_idx_44_eps_0.00784_n1.vnnlib,.016573591,unsat,88.590594134
cifar2020,./benchmarks/cifar2020/onnx/cifar10_2_255_simplified.onnx,./benchmarks/cifar2020/vnnlib/cifar10_spec_idx_45_eps_0.00784_n1.vnnlib,.016803678,unsat,302.192169479
cifar2020,./benchmarks/cifar2020/onnx/cifar10_2_255_simplified.onnx,./benchmarks/cifar2020/vnnlib/cifar10_spec_idx_46_eps_0.00784_n1.vnnlib,.017189056,timeout,306.861840162
cifar2020,./benchmarks/cifar2020/onnx/cifar10_2_255_simplified.onnx,./benchmarks/cifar2020/vnnlib/cifar10_spec_idx_48_eps_0.00784_n1.vnnlib,.016766962,timeout,306.904320301
cifar2020,./benchmarks/cifar2020/onnx/cifar10_2_255_simplified.onnx,./benchmarks/cifar2020/vnnlib/cifar10_spec_idx_50_eps_0.00784_n1.vnnlib,.016671550,timeout,306.770431210
cifar2020,./benchmarks/cifar2020/onnx/cifar10_2_255_simplified.onnx,./benchmarks/cifar2020/vnnlib/cifar10_spec_idx_51_eps_0.00784_n1.vnnlib,.016905882,timeout,306.622760788
cifar2020,./benchmarks/cifar2020/onnx/cifar10_2_255_simplified.onnx,./benchmarks/cifar2020/vnnlib/cifar10_spec_idx_53_eps_0.00784_n1.vnnlib,.016629741,timeout,306.589161079
cifar2020,./benchmarks/cifar2020/onnx/cifar10_2_255_simplified.onnx,./benchmarks/cifar2020/vnnlib/cifar10_spec_idx_54_eps_0.00784_n1.vnnlib,.016819298,timeout,306.860614475
cifar2020,./benchmarks/cifar2020/onnx/cifar10_2_255_simplified.onnx,./benchmarks/cifar2020/vnnlib/cifar10_spec_idx_55_eps_0.00784_n1.vnnlib,.016700043,timeout,306.763127373
cifar2020,./benchmarks/cifar2020/onnx/cifar10_2_255_simplified.onnx,./benchmarks/cifar2020/vnnlib/cifar10_spec_idx_60_eps_0.00784_n1.vnnlib,.016572016,unsat,200.433634619
cifar2020,./benchmarks/cifar2020/onnx/cifar10_2_255_simplified.onnx,./benchmarks/cifar2020/vnnlib/cifar10_spec_idx_62_eps_0.00784_n1.vnnlib,.017567616,timeout,306.690834441
cifar2020,./benchmarks/cifar2020/onnx/cifar10_2_255_simplified.onnx,./benchmarks/cifar2020/vnnlib/cifar10_spec_idx_64_eps_0.00784_n1.vnnlib,.017953247,timeout,306.771484735
cifar2020,./benchmarks/cifar2020/onnx/cifar10_2_255_simplified.onnx,./benchmarks/cifar2020/vnnlib/cifar10_spec_idx_65_eps_0.00784_n1.vnnlib,.019721714,timeout,306.610827835
cifar2020,./benchmarks/cifar2020/onnx/cifar10_2_255_simplified.onnx,./benchmarks/cifar2020/vnnlib/cifar10_spec_idx_66_eps_0.00784_n1.vnnlib,.016726413,timeout,306.949976750
cifar2020,./benchmarks/cifar2020/onnx/cifar10_2_255_simplified.onnx,./benchmarks/cifar2020/vnnlib/cifar10_spec_idx_67_eps_0.00784_n1.vnnlib,.018135564,unsat,250.498790252
cifar2020,./benchmarks/cifar2020/onnx/cifar10_2_255_simplified.onnx,./benchmarks/cifar2020/vnnlib/cifar10_spec_idx_68_eps_0.00784_n1.vnnlib,.017886010,timeout,307.016317036
cifar2020,./benchmarks/cifar2020/onnx/cifar10_2_255_simplified.onnx,./benchmarks/cifar2020/vnnlib/cifar10_spec_idx_71_eps_0.00784_n1.vnnlib,.018799173,timeout,306.970219103
cifar2020,./benchmarks/cifar2020/onnx/cifar10_2_255_simplified.onnx,./benchmarks/cifar2020/vnnlib/cifar10_spec_idx_72_eps_0.00784_n1.vnnlib,.017938997,unsat,201.231603548
cifar2020,./benchmarks/cifar2020/onnx/cifar10_2_255_simplified.onnx,./benchmarks/cifar2020/vnnlib/cifar10_spec_idx_73_eps_0.00784_n1.vnnlib,.017229325,unsat,291.189646123
cifar2020,./benchmarks/cifar2020/onnx/cifar10_2_255_simplified.onnx,./benchmarks/cifar2020/vnnlib/cifar10_spec_idx_74_eps_0.00784_n1.vnnlib,.018332587,sat,15.577061239
cifar2020,./benchmarks/cifar2020/onnx/cifar10_2_255_simplified.onnx,./benchmarks/cifar2020/vnnlib/cifar10_spec_idx_75_eps_0.00784_n1.vnnlib,.017514886,unsat,213.131706403
cifar2020,./benchmarks/cifar2020/onnx/cifar10_2_255_simplified.onnx,./benchmarks/cifar2020/vnnlib/cifar10_spec_idx_76_eps_0.00784_n1.vnnlib,.016688718,timeout,306.651816979
cifar2020,./benchmarks/cifar2020/onnx/cifar10_2_255_simplified.onnx,./benchmarks/cifar2020/vnnlib/cifar10_spec_idx_77_eps_0.00784_n1.vnnlib,.016773746,timeout,306.540202662
cifar2020,./benchmarks/cifar2020/onnx/cifar10_2_255_simplified.onnx,./benchmarks/cifar2020/vnnlib/cifar10_spec_idx_78_eps_0.00784_n1.vnnlib,.017538397,timeout,306.522459816
cifar2020,./benchmarks/cifar2020/onnx/cifar10_2_255_simplified.onnx,./benchmarks/cifar2020/vnnlib/cifar10_spec_idx_79_eps_0.00784_n1.vnnlib,.016652820,unsat,50.255534688
cifar2020,./benchmarks/cifar2020/onnx/cifar10_2_255_simplified.onnx,./benchmarks/cifar2020/vnnlib/cifar10_spec_idx_80_eps_0.00784_n1.vnnlib,.017138839,timeout,306.620868843
cifar2020,./benchmarks/cifar2020/onnx/cifar10_2_255_simplified.onnx,./benchmarks/cifar2020/vnnlib/cifar10_spec_idx_81_eps_0.00784_n1.vnnlib,.017006315,unsat,91.755676847
cifar2020,./benchmarks/cifar2020/onnx/cifar10_2_255_simplified.onnx,./benchmarks/cifar2020/vnnlib/cifar10_spec_idx_82_eps_0.00784_n1.vnnlib,.016560409,unsat,94.453458845
cifar2020,./benchmarks/cifar2020/onnx/cifar10_2_255_simplified.onnx,./benchmarks/cifar2020/vnnlib/cifar10_spec_idx_83_eps_0.00784_n1.vnnlib,.018057183,unsat,202.454690201
cifar2020,./benchmarks/cifar2020/onnx/cifar10_2_255_simplified.onnx,./benchmarks/cifar2020/vnnlib/cifar10_spec_idx_84_eps_0.00784_n1.vnnlib,.017039389,timeout,306.713213319
cifar2020,./benchmarks/cifar2020/onnx/cifar10_2_255_simplified.onnx,./benchmarks/cifar2020/vnnlib/cifar10_spec_idx_86_eps_0.00784_n1.vnnlib,.017268005,timeout,306.695679524
cifar2020,./benchmarks/cifar2020/onnx/cifar10_2_255_simplified.onnx,./benchmarks/cifar2020/vnnlib/cifar10_spec_idx_88_eps_0.00784_n1.vnnlib,.016854103,timeout,306.780304666
cifar2020,./benchmarks/cifar2020/onnx/cifar10_2_255_simplified.onnx,./benchmarks/cifar2020/vnnlib/cifar10_spec_idx_89_eps_0.00784_n1.vnnlib,.017010117,timeout,306.651094899
cifar2020,./benchmarks/cifar2020/onnx/cifar10_2_255_simplified.onnx,./benchmarks/cifar2020/vnnlib/cifar10_spec_idx_90_eps_0.00784_n1.vnnlib,.016565682,unsat,264.580454515
cifar2020,./benchmarks/cifar2020/onnx/cifar10_2_255_simplified.onnx,./benchmarks/cifar2020/vnnlib/cifar10_spec_idx_92_eps_0.00784_n1.vnnlib,.016549698,unsat,40.756603337
cifar2020,./benchmarks/cifar2020/onnx/cifar10_2_255_simplified.onnx,./benchmarks/cifar2020/vnnlib/cifar10_spec_idx_93_eps_0.00784_n1.vnnlib,.017134461,timeout,306.551910212
cifar2020,./benchmarks/cifar2020/onnx/cifar10_2_255_simplified.onnx,./benchmarks/cifar2020/vnnlib/cifar10_spec_idx_94_eps_0.00784_n1.vnnlib,.016676599,timeout,306.756137486
cifar2020,./benchmarks/cifar2020/onnx/cifar10_2_255_simplified.onnx,./benchmarks/cifar2020/vnnlib/cifar10_spec_idx_95_eps_0.00784_n1.vnnlib,.017835671,timeout,306.743019214
cifar2020,./benchmarks/cifar2020/onnx/cifar10_2_255_simplified.onnx,./benchmarks/cifar2020/vnnlib/cifar10_spec_idx_96_eps_0.00784_n1.vnnlib,.017275873,timeout,306.680039729
cifar2020,./benchmarks/cifar2020/onnx/cifar10_2_255_simplified.onnx,./benchmarks/cifar2020/vnnlib/cifar10_spec_idx_97_eps_0.00784_n1.vnnlib,.016269673,unsat,118.060625991
cifar2020,./benchmarks/cifar2020/onnx/cifar10_2_255_simplified.onnx,./benchmarks/cifar2020/vnnlib/cifar10_spec_idx_98_eps_0.00784_n1.vnnlib,.018125433,unsat,35.333006182
cifar2020,./benchmarks/cifar2020/onnx/cifar10_2_255_simplified.onnx,./benchmarks/cifar2020/vnnlib/cifar10_spec_idx_99_eps_0.00784_n1.vnnlib,.018405483,timeout,306.869951076
cifar2020,./benchmarks/cifar2020/onnx/cifar10_8_255_simplified.onnx,./benchmarks/cifar2020/vnnlib/cifar10_spec_idx_1_eps_0.03137_n1.vnnlib,.017592650,unsat,231.484842536
cifar2020,./benchmarks/cifar2020/onnx/cifar10_8_255_simplified.onnx,./benchmarks/cifar2020/vnnlib/cifar10_spec_idx_2_eps_0.03137_n1.vnnlib,.017079934,timeout,306.702978294
cifar2020,./benchmarks/cifar2020/onnx/cifar10_8_255_simplified.onnx,./benchmarks/cifar2020/vnnlib/cifar10_spec_idx_4_eps_0.03137_n1.vnnlib,.017104148,timeout,306.712128679
cifar2020,./benchmarks/cifar2020/onnx/cifar10_8_255_simplified.onnx,./benchmarks/cifar2020/vnnlib/cifar10_spec_idx_5_eps_0.03137_n1.vnnlib,.016238324,timeout,306.663979732
cifar2020,./benchmarks/cifar2020/onnx/cifar10_8_255_simplified.onnx,./benchmarks/cifar2020/vnnlib/cifar10_spec_idx_9_eps_0.03137_n1.vnnlib,.016460353,timeout,306.586990854
cifar2020,./benchmarks/cifar2020/onnx/cifar10_8_255_simplified.onnx,./benchmarks/cifar2020/vnnlib/cifar10_spec_idx_10_eps_0.03137_n1.vnnlib,.016290260,timeout,306.476507795
cifar2020,./benchmarks/cifar2020/onnx/cifar10_8_255_simplified.onnx,./benchmarks/cifar2020/vnnlib/cifar10_spec_idx_11_eps_0.03137_n1.vnnlib,.015978207,timeout,306.588715307
cifar2020,./benchmarks/cifar2020/onnx/cifar10_8_255_simplified.onnx,./benchmarks/cifar2020/vnnlib/cifar10_spec_idx_13_eps_0.03137_n1.vnnlib,.016161342,unsat,111.230485129
cifar2020,./benchmarks/cifar2020/onnx/cifar10_8_255_simplified.onnx,./benchmarks/cifar2020/vnnlib/cifar10_spec_idx_14_eps_0.03137_n1.vnnlib,.016617697,timeout,306.608101853
cifar2020,./benchmarks/cifar2020/onnx/cifar10_8_255_simplified.onnx,./benchmarks/cifar2020/vnnlib/cifar10_spec_idx_15_eps_0.03137_n1.vnnlib,.017375644,timeout,306.663213804
cifar2020,./benchmarks/cifar2020/onnx/cifar10_8_255_simplified.onnx,./benchmarks/cifar2020/vnnlib/cifar10_spec_idx_16_eps_0.03137_n1.vnnlib,.016883685,unsat,154.672530680
cifar2020,./benchmarks/cifar2020/onnx/cifar10_8_255_simplified.onnx,./benchmarks/cifar2020/vnnlib/cifar10_spec_idx_18_eps_0.03137_n1.vnnlib,.017581823,unsat,38.273136030
cifar2020,./benchmarks/cifar2020/onnx/cifar10_8_255_simplified.onnx,./benchmarks/cifar2020/vnnlib/cifar10_spec_idx_19_eps_0.03137_n1.vnnlib,.016505231,timeout,306.649204121
cifar2020,./benchmarks/cifar2020/onnx/cifar10_8_255_simplified.onnx,./benchmarks/cifar2020/vnnlib/cifar10_spec_idx_21_eps_0.03137_n1.vnnlib,.016586500,unsat,26.444747955
cifar2020,./benchmarks/cifar2020/onnx/cifar10_8_255_simplified.onnx,./benchmarks/cifar2020/vnnlib/cifar10_spec_idx_23_eps_0.03137_n1.vnnlib,.016475767,timeout,306.562658548
cifar2020,./benchmarks/cifar2020/onnx/cifar10_8_255_simplified.onnx,./benchmarks/cifar2020/vnnlib/cifar10_spec_idx_28_eps_0.03137_n1.vnnlib,.016520920,timeout,306.554945001
cifar2020,./benchmarks/cifar2020/onnx/cifar10_8_255_simplified.onnx,./benchmarks/cifar2020/vnnlib/cifar10_spec_idx_29_eps_0.03137_n1.vnnlib,.016463367,unsat,155.732377723
cifar2020,./benchmarks/cifar2020/onnx/cifar10_8_255_simplified.onnx,./benchmarks/cifar2020/vnnlib/cifar10_spec_idx_30_eps_0.03137_n1.vnnlib,.017449993,unknown,305.912320552
cifar2020,./benchmarks/cifar2020/onnx/cifar10_8_255_simplified.onnx,./benchmarks/cifar2020/vnnlib/cifar10_spec_idx_32_eps_0.03137_n1.vnnlib,.016819177,timeout,306.936019395
cifar2020,./benchmarks/cifar2020/onnx/cifar10_8_255_simplified.onnx,./benchmarks/cifar2020/vnnlib/cifar10_spec_idx_33_eps_0.03137_n1.vnnlib,.017193782,unknown,267.853320108
cifar2020,./benchmarks/cifar2020/onnx/cifar10_8_255_simplified.onnx,./benchmarks/cifar2020/vnnlib/cifar10_spec_idx_34_eps_0.03137_n1.vnnlib,.017759714,unsat,216.558592648
cifar2020,./benchmarks/cifar2020/onnx/cifar10_8_255_simplified.onnx,./benchmarks/cifar2020/vnnlib/cifar10_spec_idx_38_eps_0.03137_n1.vnnlib,.017409605,timeout,306.601801694
cifar2020,./benchmarks/cifar2020/onnx/cifar10_8_255_simplified.onnx,./benchmarks/cifar2020/vnnlib/cifar10_spec_idx_39_eps_0.03137_n1.vnnlib,.017763027,timeout,306.637067284
cifar2020,./benchmarks/cifar2020/onnx/cifar10_8_255_simplified.onnx,./benchmarks/cifar2020/vnnlib/cifar10_spec_idx_41_eps_0.03137_n1.vnnlib,.017567305,unsat,31.495928196
cifar2020,./benchmarks/cifar2020/onnx/cifar10_8_255_simplified.onnx,./benchmarks/cifar2020/vnnlib/cifar10_spec_idx_44_eps_0.03137_n1.vnnlib,.017792361,unknown,142.261248827
cifar2020,./benchmarks/cifar2020/onnx/cifar10_8_255_simplified.onnx,./benchmarks/cifar2020/vnnlib/cifar10_spec_idx_45_eps_0.03137_n1.vnnlib,.017600685,timeout,306.530805136
cifar2020,./benchmarks/cifar2020/onnx/cifar10_8_255_simplified.onnx,./benchmarks/cifar2020/vnnlib/cifar10_spec_idx_49_eps_0.03137_n1.vnnlib,.017247942,timeout,306.645883308
cifar2020,./benchmarks/cifar2020/onnx/cifar10_8_255_simplified.onnx,./benchmarks/cifar2020/vnnlib/cifar10_spec_idx_50_eps_0.03137_n1.vnnlib,.016977192,unsat,75.329904633
cifar2020,./benchmarks/cifar2020/onnx/cifar10_8_255_simplified.onnx,./benchmarks/cifar2020/vnnlib/cifar10_spec_idx_51_eps_0.03137_n1.vnnlib,.017515639,timeout,306.570331705
cifar2020,./benchmarks/cifar2020/onnx/cifar10_8_255_simplified.onnx,./benchmarks/cifar2020/vnnlib/cifar10_spec_idx_54_eps_0.03137_n1.vnnlib,.017865596,unsat,209.513973188
cifar2020,./benchmarks/cifar2020/onnx/cifar10_8_255_simplified.onnx,./benchmarks/cifar2020/vnnlib/cifar10_spec_idx_55_eps_0.03137_n1.vnnlib,.016970258,timeout,306.542525281
cifar2020,./benchmarks/cifar2020/onnx/cifar10_8_255_simplified.onnx,./benchmarks/cifar2020/vnnlib/cifar10_spec_idx_60_eps_0.03137_n1.vnnlib,.016558360,sat,15.460030333
cifar2020,./benchmarks/cifar2020/onnx/cifar10_8_255_simplified.onnx,./benchmarks/cifar2020/vnnlib/cifar10_spec_idx_64_eps_0.03137_n1.vnnlib,.016082542,timeout,306.583425877
cifar2020,./benchmarks/cifar2020/onnx/cifar10_8_255_simplified.onnx,./benchmarks/cifar2020/vnnlib/cifar10_spec_idx_66_eps_0.03137_n1.vnnlib,.015590631,timeout,306.692006132
cifar2020,./benchmarks/cifar2020/onnx/cifar10_8_255_simplified.onnx,./benchmarks/cifar2020/vnnlib/cifar10_spec_idx_67_eps_0.03137_n1.vnnlib,.016712434,sat,15.611445226
cifar2020,./benchmarks/cifar2020/onnx/cifar10_8_255_simplified.onnx,./benchmarks/cifar2020/vnnlib/cifar10_spec_idx_71_eps_0.03137_n1.vnnlib,.015885487,timeout,306.524774630
cifar2020,./benchmarks/cifar2020/onnx/cifar10_8_255_simplified.onnx,./benchmarks/cifar2020/vnnlib/cifar10_spec_idx_72_eps_0.03137_n1.vnnlib,.016683565,timeout,306.503872738
cifar2020,./benchmarks/cifar2020/onnx/cifar10_8_255_simplified.onnx,./benchmarks/cifar2020/vnnlib/cifar10_spec_idx_73_eps_0.03137_n1.vnnlib,.016632460,timeout,306.619622944
cifar2020,./benchmarks/cifar2020/onnx/cifar10_8_255_simplified.onnx,./benchmarks/cifar2020/vnnlib/cifar10_spec_idx_74_eps_0.03137_n1.vnnlib,.017331845,unknown,225.315922491
cifar2020,./benchmarks/cifar2020/onnx/cifar10_8_255_simplified.onnx,./benchmarks/cifar2020/vnnlib/cifar10_spec_idx_76_eps_0.03137_n1.vnnlib,.017794358,timeout,306.554962703
cifar2020,./benchmarks/cifar2020/onnx/cifar10_8_255_simplified.onnx,./benchmarks/cifar2020/vnnlib/cifar10_spec_idx_79_eps_0.03137_n1.vnnlib,.017415753,sat,15.817675603
cifar2020,./benchmarks/cifar2020/onnx/cifar10_8_255_simplified.onnx,./benchmarks/cifar2020/vnnlib/cifar10_spec_idx_80_eps_0.03137_n1.vnnlib,.017407367,timeout,306.495568373
cifar2020,./benchmarks/cifar2020/onnx/cifar10_8_255_simplified.onnx,./benchmarks/cifar2020/vnnlib/cifar10_spec_idx_81_eps_0.03137_n1.vnnlib,.016676125,unsat,37.827837230
cifar2020,./benchmarks/cifar2020/onnx/cifar10_8_255_simplified.onnx,./benchmarks/cifar2020/vnnlib/cifar10_spec_idx_82_eps_0.03137_n1.vnnlib,.016430090,timeout,306.692891995
cifar2020,./benchmarks/cifar2020/onnx/cifar10_8_255_simplified.onnx,./benchmarks/cifar2020/vnnlib/cifar10_spec_idx_83_eps_0.03137_n1.vnnlib,.017460139,sat,15.660936207
cifar2020,./benchmarks/cifar2020/onnx/cifar10_8_255_simplified.onnx,./benchmarks/cifar2020/vnnlib/cifar10_spec_idx_84_eps_0.03137_n1.vnnlib,.016580173,unknown,290.574041481
cifar2020,./benchmarks/cifar2020/onnx/cifar10_8_255_simplified.onnx,./benchmarks/cifar2020/vnnlib/cifar10_spec_idx_86_eps_0.03137_n1.vnnlib,.017923715,timeout,306.703891024
cifar2020,./benchmarks/cifar2020/onnx/cifar10_8_255_simplified.onnx,./benchmarks/cifar2020/vnnlib/cifar10_spec_idx_88_eps_0.03137_n1.vnnlib,.017445674,timeout,306.615079633
cifar2020,./benchmarks/cifar2020/onnx/cifar10_8_255_simplified.onnx,./benchmarks/cifar2020/vnnlib/cifar10_spec_idx_89_eps_0.03137_n1.vnnlib,.017415121,timeout,306.655080580
cifar2020,./benchmarks/cifar2020/onnx/cifar10_8_255_simplified.onnx,./benchmarks/cifar2020/vnnlib/cifar10_spec_idx_90_eps_0.03137_n1.vnnlib,.018196392,timeout,306.630747982
cifar2020,./benchmarks/cifar2020/onnx/cifar10_8_255_simplified.onnx,./benchmarks/cifar2020/vnnlib/cifar10_spec_idx_92_eps_0.03137_n1.vnnlib,.017183022,unsat,73.384807222
cifar2020,./benchmarks/cifar2020/onnx/cifar10_8_255_simplified.onnx,./benchmarks/cifar2020/vnnlib/cifar10_spec_idx_95_eps_0.03137_n1.vnnlib,.017633505,sat,15.960496311
cifar2020,./benchmarks/cifar2020/onnx/cifar10_8_255_simplified.onnx,./benchmarks/cifar2020/vnnlib/cifar10_spec_idx_96_eps_0.03137_n1.vnnlib,.017107913,timeout,306.522540869
cifar2020,./benchmarks/cifar2020/onnx/cifar10_8_255_simplified.onnx,./benchmarks/cifar2020/vnnlib/cifar10_spec_idx_97_eps_0.03137_n1.vnnlib,.016874729,timeout,306.581061350
cifar2020,./benchmarks/cifar2020/onnx/cifar10_8_255_simplified.onnx,./benchmarks/cifar2020/vnnlib/cifar10_spec_idx_98_eps_0.03137_n1.vnnlib,.016709792,unsat,32.817589464
cifar2020,./benchmarks/cifar2020/onnx/cifar10_8_255_simplified.onnx,./benchmarks/cifar2020/vnnlib/cifar10_spec_idx_99_eps_0.03137_n1.vnnlib,.017816193,timeout,306.609885767
cifar2020,./benchmarks/cifar2020/onnx/convBigRELU__PGD.onnx,./benchmarks/cifar2020/vnnlib/cifar10_spec_idx_1_eps_0.00784.vnnlib,.017214446,no_result_in_file,6.642671804
cifar2020,./benchmarks/cifar2020/onnx/convBigRELU__PGD.onnx,./benchmarks/cifar2020/vnnlib/cifar10_spec_idx_2_eps_0.00784.vnnlib,.017506081,no_result_in_file,6.719609930
cifar2020,./benchmarks/cifar2020/onnx/convBigRELU__PGD.onnx,./benchmarks/cifar2020/vnnlib/cifar10_spec_idx_3_eps_0.00784.vnnlib,.017380341,no_result_in_file,6.690969104
cifar2020,./benchmarks/cifar2020/onnx/convBigRELU__PGD.onnx,./benchmarks/cifar2020/vnnlib/cifar10_spec_idx_4_eps_0.00784.vnnlib,.017611626,no_result_in_file,6.871339943
cifar2020,./benchmarks/cifar2020/onnx/convBigRELU__PGD.onnx,./benchmarks/cifar2020/vnnlib/cifar10_spec_idx_5_eps_0.00784.vnnlib,.017204389,no_result_in_file,6.732480219
cifar2020,./benchmarks/cifar2020/onnx/convBigRELU__PGD.onnx,./benchmarks/cifar2020/vnnlib/cifar10_spec_idx_9_eps_0.00784.vnnlib,.017787154,no_result_in_file,6.757489945
cifar2020,./benchmarks/cifar2020/onnx/convBigRELU__PGD.onnx,./benchmarks/cifar2020/vnnlib/cifar10_spec_idx_10_eps_0.00784.vnnlib,.016524125,no_result_in_file,6.755426698
cifar2020,./benchmarks/cifar2020/onnx/convBigRELU__PGD.onnx,./benchmarks/cifar2020/vnnlib/cifar10_spec_idx_11_eps_0.00784.vnnlib,.016663957,no_result_in_file,6.755058617
cifar2020,./benchmarks/cifar2020/onnx/convBigRELU__PGD.onnx,./benchmarks/cifar2020/vnnlib/cifar10_spec_idx_13_eps_0.00784.vnnlib,.016656669,no_result_in_file,6.768732464
cifar2020,./benchmarks/cifar2020/onnx/convBigRELU__PGD.onnx,./benchmarks/cifar2020/vnnlib/cifar10_spec_idx_14_eps_0.00784.vnnlib,.016937661,no_result_in_file,6.777441913
cifar2020,./benchmarks/cifar2020/onnx/convBigRELU__PGD.onnx,./benchmarks/cifar2020/vnnlib/cifar10_spec_idx_15_eps_0.00784.vnnlib,.016742239,no_result_in_file,6.781601411
cifar2020,./benchmarks/cifar2020/onnx/convBigRELU__PGD.onnx,./benchmarks/cifar2020/vnnlib/cifar10_spec_idx_18_eps_0.00784.vnnlib,.016439364,no_result_in_file,6.768389195
cifar2020,./benchmarks/cifar2020/onnx/convBigRELU__PGD.onnx,./benchmarks/cifar2020/vnnlib/cifar10_spec_idx_19_eps_0.00784.vnnlib,.016446707,no_result_in_file,6.823542139
cifar2020,./benchmarks/cifar2020/onnx/convBigRELU__PGD.onnx,./benchmarks/cifar2020/vnnlib/cifar10_spec_idx_20_eps_0.00784.vnnlib,.017905114,no_result_in_file,6.836629401
cifar2020,./benchmarks/cifar2020/onnx/convBigRELU__PGD.onnx,./benchmarks/cifar2020/vnnlib/cifar10_spec_idx_21_eps_0.00784.vnnlib,.017090663,no_result_in_file,6.822265833
cifar2020,./benchmarks/cifar2020/onnx/convBigRELU__PGD.onnx,./benchmarks/cifar2020/vnnlib/cifar10_spec_idx_23_eps_0.00784.vnnlib,.017357046,no_result_in_file,6.833072339
cifar2020,./benchmarks/cifar2020/onnx/convBigRELU__PGD.onnx,./benchmarks/cifar2020/vnnlib/cifar10_spec_idx_28_eps_0.00784.vnnlib,.017179612,no_result_in_file,6.909275626
cifar2020,./benchmarks/cifar2020/onnx/convBigRELU__PGD.onnx,./benchmarks/cifar2020/vnnlib/cifar10_spec_idx_29_eps_0.00784.vnnlib,.017552871,no_result_in_file,6.708702318
cifar2020,./benchmarks/cifar2020/onnx/convBigRELU__PGD.onnx,./benchmarks/cifar2020/vnnlib/cifar10_spec_idx_30_eps_0.00784.vnnlib,.017708939,no_result_in_file,6.775632531
cifar2020,./benchmarks/cifar2020/onnx/convBigRELU__PGD.onnx,./benchmarks/cifar2020/vnnlib/cifar10_spec_idx_32_eps_0.00784.vnnlib,.017260053,no_result_in_file,6.807142185
cifar2020,./benchmarks/cifar2020/onnx/convBigRELU__PGD.onnx,./benchmarks/cifar2020/vnnlib/cifar10_spec_idx_33_eps_0.00784.vnnlib,.017285942,no_result_in_file,6.855538821
cifar2020,./benchmarks/cifar2020/onnx/convBigRELU__PGD.onnx,./benchmarks/cifar2020/vnnlib/cifar10_spec_idx_34_eps_0.00784.vnnlib,.017621065,no_result_in_file,6.828299993
cifar2020,./benchmarks/cifar2020/onnx/convBigRELU__PGD.onnx,./benchmarks/cifar2020/vnnlib/cifar10_spec_idx_37_eps_0.00784.vnnlib,.017207923,no_result_in_file,6.855061185
cifar2020,./benchmarks/cifar2020/onnx/convBigRELU__PGD.onnx,./benchmarks/cifar2020/vnnlib/cifar10_spec_idx_38_eps_0.00784.vnnlib,.017267690,no_result_in_file,6.772169539
cifar2020,./benchmarks/cifar2020/onnx/convBigRELU__PGD.onnx,./benchmarks/cifar2020/vnnlib/cifar10_spec_idx_39_eps_0.00784.vnnlib,.017175874,no_result_in_file,6.855993202
cifar2020,./benchmarks/cifar2020/onnx/convBigRELU__PGD.onnx,./benchmarks/cifar2020/vnnlib/cifar10_spec_idx_40_eps_0.00784.vnnlib,.018462025,no_result_in_file,6.827205172
cifar2020,./benchmarks/cifar2020/onnx/convBigRELU__PGD.onnx,./benchmarks/cifar2020/vnnlib/cifar10_spec_idx_41_eps_0.00784.vnnlib,.017037258,no_result_in_file,6.868680880
cifar2020,./benchmarks/cifar2020/onnx/convBigRELU__PGD.onnx,./benchmarks/cifar2020/vnnlib/cifar10_spec_idx_43_eps_0.00784.vnnlib,.017358262,no_result_in_file,6.803532540
cifar2020,./benchmarks/cifar2020/onnx/convBigRELU__PGD.onnx,./benchmarks/cifar2020/vnnlib/cifar10_spec_idx_44_eps_0.00784.vnnlib,.017833282,no_result_in_file,6.848647753
cifar2020,./benchmarks/cifar2020/onnx/convBigRELU__PGD.onnx,./benchmarks/cifar2020/vnnlib/cifar10_spec_idx_45_eps_0.00784.vnnlib,.017154957,no_result_in_file,6.918356580
cifar2020,./benchmarks/cifar2020/onnx/convBigRELU__PGD.onnx,./benchmarks/cifar2020/vnnlib/cifar10_spec_idx_50_eps_0.00784.vnnlib,.017445367,no_result_in_file,6.751183192
cifar2020,./benchmarks/cifar2020/onnx/convBigRELU__PGD.onnx,./benchmarks/cifar2020/vnnlib/cifar10_spec_idx_51_eps_0.00784.vnnlib,.017624555,no_result_in_file,6.739533392
cifar2020,./benchmarks/cifar2020/onnx/convBigRELU__PGD.onnx,./benchmarks/cifar2020/vnnlib/cifar10_spec_idx_52_eps_0.00784.vnnlib,.016990357,no_result_in_file,6.852798679
cifar2020,./benchmarks/cifar2020/onnx/convBigRELU__PGD.onnx,./benchmarks/cifar2020/vnnlib/cifar10_spec_idx_54_eps_0.00784.vnnlib,.016425820,no_result_in_file,6.910973230
cifar2020,./benchmarks/cifar2020/onnx/convBigRELU__PGD.onnx,./benchmarks/cifar2020/vnnlib/cifar10_spec_idx_55_eps_0.00784.vnnlib,.016392124,no_result_in_file,6.891452006
cifar2020,./benchmarks/cifar2020/onnx/convBigRELU__PGD.onnx,./benchmarks/cifar2020/vnnlib/cifar10_spec_idx_60_eps_0.00784.vnnlib,.016658436,no_result_in_file,6.752310799
cifar2020,./benchmarks/cifar2020/onnx/convBigRELU__PGD.onnx,./benchmarks/cifar2020/vnnlib/cifar10_spec_idx_61_eps_0.00784.vnnlib,.016491292,no_result_in_file,6.684717658
cifar2020,./benchmarks/cifar2020/onnx/convBigRELU__PGD.onnx,./benchmarks/cifar2020/vnnlib/cifar10_spec_idx_62_eps_0.00784.vnnlib,.016514771,no_result_in_file,6.822204071
cifar2020,./benchmarks/cifar2020/onnx/convBigRELU__PGD.onnx,./benchmarks/cifar2020/vnnlib/cifar10_spec_idx_64_eps_0.00784.vnnlib,.016240509,no_result_in_file,6.815662520
cifar2020,./benchmarks/cifar2020/onnx/convBigRELU__PGD.onnx,./benchmarks/cifar2020/vnnlib/cifar10_spec_idx_66_eps_0.00784.vnnlib,.016345359,no_result_in_file,6.830411165
cifar2020,./benchmarks/cifar2020/onnx/convBigRELU__PGD.onnx,./benchmarks/cifar2020/vnnlib/cifar10_spec_idx_67_eps_0.00784.vnnlib,.016302853,no_result_in_file,6.858878645
cifar2020,./benchmarks/cifar2020/onnx/convBigRELU__PGD.onnx,./benchmarks/cifar2020/vnnlib/cifar10_spec_idx_71_eps_0.00784.vnnlib,.016576024,no_result_in_file,6.695944818
cifar2020,./benchmarks/cifar2020/onnx/convBigRELU__PGD.onnx,./benchmarks/cifar2020/vnnlib/cifar10_spec_idx_72_eps_0.00784.vnnlib,.016907456,no_result_in_file,6.861443965
cifar2020,./benchmarks/cifar2020/onnx/convBigRELU__PGD.onnx,./benchmarks/cifar2020/vnnlib/cifar10_spec_idx_73_eps_0.00784.vnnlib,.016775045,no_result_in_file,6.744225961
cifar2020,./benchmarks/cifar2020/onnx/convBigRELU__PGD.onnx,./benchmarks/cifar2020/vnnlib/cifar10_spec_idx_75_eps_0.00784.vnnlib,.016731250,no_result_in_file,6.845132278
cifar2020,./benchmarks/cifar2020/onnx/convBigRELU__PGD.onnx,./benchmarks/cifar2020/vnnlib/cifar10_spec_idx_76_eps_0.00784.vnnlib,.016400209,no_result_in_file,6.714489886
cifar2020,./benchmarks/cifar2020/onnx/convBigRELU__PGD.onnx,./benchmarks/cifar2020/vnnlib/cifar10_spec_idx_78_eps_0.00784.vnnlib,.016330552,no_result_in_file,6.756834455
cifar2020,./benchmarks/cifar2020/onnx/convBigRELU__PGD.onnx,./benchmarks/cifar2020/vnnlib/cifar10_spec_idx_79_eps_0.00784.vnnlib,.016485845,no_result_in_file,6.750568482
cifar2020,./benchmarks/cifar2020/onnx/convBigRELU__PGD.onnx,./benchmarks/cifar2020/vnnlib/cifar10_spec_idx_80_eps_0.00784.vnnlib,.016433694,no_result_in_file,6.698042285
cifar2020,./benchmarks/cifar2020/onnx/convBigRELU__PGD.onnx,./benchmarks/cifar2020/vnnlib/cifar10_spec_idx_81_eps_0.00784.vnnlib,.016514059,no_result_in_file,6.772472181
cifar2020,./benchmarks/cifar2020/onnx/convBigRELU__PGD.onnx,./benchmarks/cifar2020/vnnlib/cifar10_spec_idx_82_eps_0.00784.vnnlib,.016458067,no_result_in_file,6.725986849
cifar2020,./benchmarks/cifar2020/onnx/convBigRELU__PGD.onnx,./benchmarks/cifar2020/vnnlib/cifar10_spec_idx_83_eps_0.00784.vnnlib,.017225768,no_result_in_file,6.710604622
cifar2020,./benchmarks/cifar2020/onnx/convBigRELU__PGD.onnx,./benchmarks/cifar2020/vnnlib/cifar10_spec_idx_84_eps_0.00784.vnnlib,.016522604,no_result_in_file,6.817731339
cifar2020,./benchmarks/cifar2020/onnx/convBigRELU__PGD.onnx,./benchmarks/cifar2020/vnnlib/cifar10_spec_idx_86_eps_0.00784.vnnlib,.016491393,no_result_in_file,6.730884813
cifar2020,./benchmarks/cifar2020/onnx/convBigRELU__PGD.onnx,./benchmarks/cifar2020/vnnlib/cifar10_spec_idx_88_eps_0.00784.vnnlib,.016494208,no_result_in_file,6.809032369
cifar2020,./benchmarks/cifar2020/onnx/convBigRELU__PGD.onnx,./benchmarks/cifar2020/vnnlib/cifar10_spec_idx_89_eps_0.00784.vnnlib,.016378053,no_result_in_file,6.858933672
cifar2020,./benchmarks/cifar2020/onnx/convBigRELU__PGD.onnx,./benchmarks/cifar2020/vnnlib/cifar10_spec_idx_90_eps_0.00784.vnnlib,.016436098,no_result_in_file,6.776161275
cifar2020,./benchmarks/cifar2020/onnx/convBigRELU__PGD.onnx,./benchmarks/cifar2020/vnnlib/cifar10_spec_idx_92_eps_0.00784.vnnlib,.016572934,no_result_in_file,6.762352717
cifar2020,./benchmarks/cifar2020/onnx/convBigRELU__PGD.onnx,./benchmarks/cifar2020/vnnlib/cifar10_spec_idx_93_eps_0.00784.vnnlib,.016801055,no_result_in_file,6.661983686
cifar2020,./benchmarks/cifar2020/onnx/convBigRELU__PGD.onnx,./benchmarks/cifar2020/vnnlib/cifar10_spec_idx_94_eps_0.00784.vnnlib,.016408330,no_result_in_file,6.763847594
cifar2020,./benchmarks/cifar2020/onnx/convBigRELU__PGD.onnx,./benchmarks/cifar2020/vnnlib/cifar10_spec_idx_95_eps_0.00784.vnnlib,.016517471,no_result_in_file,6.663122366
cifar2020,./benchmarks/cifar2020/onnx/convBigRELU__PGD.onnx,./benchmarks/cifar2020/vnnlib/cifar10_spec_idx_96_eps_0.00784.vnnlib,.016727698,no_result_in_file,6.734799621
cifar2020,./benchmarks/cifar2020/onnx/convBigRELU__PGD.onnx,./benchmarks/cifar2020/vnnlib/cifar10_spec_idx_97_eps_0.00784.vnnlib,.016490252,no_result_in_file,6.815112028
cifar2020,./benchmarks/cifar2020/onnx/convBigRELU__PGD.onnx,./benchmarks/cifar2020/vnnlib/cifar10_spec_idx_98_eps_0.00784.vnnlib,.016651812,no_result_in_file,6.704199429
cifar2020,./benchmarks/cifar2020/onnx/convBigRELU__PGD.onnx,./benchmarks/cifar2020/vnnlib/cifar10_spec_idx_99_eps_0.00784.vnnlib,.017167536,no_result_in_file,6.819188825
cifar2020,./benchmarks/test/test_nano.onnx,./benchmarks/test/test_nano.vnnlib,.016564746,no_result_in_file,6.769480606
