nn4sys,vnncomp2023_benchmarks/benchmarks/nn4sys/onnx/pensieve_mid_simple.onnx,vnncomp2023_benchmarks/benchmarks/nn4sys/vnnlib/pensieve_simple_0.vnnlib,1.770879686,error_exit_code_1,.925232639
nn4sys,vnncomp2023_benchmarks/benchmarks/nn4sys/onnx/pensieve_mid_simple.onnx,vnncomp2023_benchmarks/benchmarks/nn4sys/vnnlib/pensieve_simple_1.vnnlib,1.734542467,error_exit_code_1,.878239602
nn4sys,vnncomp2023_benchmarks/benchmarks/nn4sys/onnx/pensieve_small_simple.onnx,vnncomp2023_benchmarks/benchmarks/nn4sys/vnnlib/pensieve_simple_2.vnnlib,1.724446189,error_exit_code_1,.868708518
nn4sys,vnncomp2023_benchmarks/benchmarks/nn4sys/onnx/pensieve_mid_simple.onnx,vnncomp2023_benchmarks/benchmarks/nn4sys/vnnlib/pensieve_simple_3.vnnlib,1.749462329,error_exit_code_1,.878573854
nn4sys,vnncomp2023_benchmarks/benchmarks/nn4sys/onnx/pensieve_small_simple.onnx,vnncomp2023_benchmarks/benchmarks/nn4sys/vnnlib/pensieve_simple_4.vnnlib,1.729040442,error_exit_code_1,.870652252
nn4sys,vnncomp2023_benchmarks/benchmarks/nn4sys/onnx/pensieve_small_parallel.onnx,vnncomp2023_benchmarks/benchmarks/nn4sys/vnnlib/pensieve_parallel_5.vnnlib,1.732969115,error_exit_code_1,.868952881
nn4sys,vnncomp2023_benchmarks/benchmarks/nn4sys/onnx/pensieve_big_parallel.onnx,vnncomp2023_benchmarks/benchmarks/nn4sys/vnnlib/pensieve_parallel_6.vnnlib,1.750836671,error_exit_code_1,.897827343
nn4sys,vnncomp2023_benchmarks/benchmarks/nn4sys/onnx/pensieve_mid_simple.onnx,vnncomp2023_benchmarks/benchmarks/nn4sys/vnnlib/pensieve_simple_7.vnnlib,1.736401654,error_exit_code_1,.879286856
nn4sys,vnncomp2023_benchmarks/benchmarks/nn4sys/onnx/pensieve_big_parallel.onnx,vnncomp2023_benchmarks/benchmarks/nn4sys/vnnlib/pensieve_parallel_8.vnnlib,1.735159616,error_exit_code_1,.894632930
nn4sys,vnncomp2023_benchmarks/benchmarks/nn4sys/onnx/pensieve_small_simple.onnx,vnncomp2023_benchmarks/benchmarks/nn4sys/vnnlib/pensieve_simple_9.vnnlib,1.731136291,error_exit_code_1,.861822161
nn4sys,vnncomp2023_benchmarks/benchmarks/nn4sys/onnx/pensieve_big_parallel.onnx,vnncomp2023_benchmarks/benchmarks/nn4sys/vnnlib/pensieve_parallel_10.vnnlib,1.754798265,error_exit_code_1,.914993822
nn4sys,vnncomp2023_benchmarks/benchmarks/nn4sys/onnx/pensieve_mid_simple.onnx,vnncomp2023_benchmarks/benchmarks/nn4sys/vnnlib/pensieve_simple_11.vnnlib,1.743607139,error_exit_code_1,.880327390
nn4sys,vnncomp2023_benchmarks/benchmarks/nn4sys/onnx/pensieve_small_simple.onnx,vnncomp2023_benchmarks/benchmarks/nn4sys/vnnlib/pensieve_simple_12.vnnlib,1.732004228,error_exit_code_1,.868120768
nn4sys,vnncomp2023_benchmarks/benchmarks/nn4sys/onnx/pensieve_small_simple.onnx,vnncomp2023_benchmarks/benchmarks/nn4sys/vnnlib/pensieve_simple_13.vnnlib,1.759803527,error_exit_code_1,.871798180
nn4sys,vnncomp2023_benchmarks/benchmarks/nn4sys/onnx/pensieve_big_parallel.onnx,vnncomp2023_benchmarks/benchmarks/nn4sys/vnnlib/pensieve_parallel_14.vnnlib,1.757441832,error_exit_code_1,.902013921
nn4sys,vnncomp2023_benchmarks/benchmarks/nn4sys/onnx/pensieve_small_simple.onnx,vnncomp2023_benchmarks/benchmarks/nn4sys/vnnlib/pensieve_simple_15.vnnlib,1.736431113,error_exit_code_1,.908287885
nn4sys,vnncomp2023_benchmarks/benchmarks/nn4sys/onnx/pensieve_big_parallel.onnx,vnncomp2023_benchmarks/benchmarks/nn4sys/vnnlib/pensieve_parallel_16.vnnlib,1.790142812,error_exit_code_1,.903474153
nn4sys,vnncomp2023_benchmarks/benchmarks/nn4sys/onnx/pensieve_mid_simple.onnx,vnncomp2023_benchmarks/benchmarks/nn4sys/vnnlib/pensieve_simple_17.vnnlib,1.752981936,error_exit_code_1,.878146711
nn4sys,vnncomp2023_benchmarks/benchmarks/nn4sys/onnx/pensieve_small_simple.onnx,vnncomp2023_benchmarks/benchmarks/nn4sys/vnnlib/pensieve_simple_18.vnnlib,1.731640945,error_exit_code_1,.896958283
nn4sys,vnncomp2023_benchmarks/benchmarks/nn4sys/onnx/pensieve_small_simple.onnx,vnncomp2023_benchmarks/benchmarks/nn4sys/vnnlib/pensieve_simple_19.vnnlib,1.732750812,error_exit_code_1,.867067624
nn4sys,vnncomp2023_benchmarks/benchmarks/nn4sys/onnx/pensieve_small_simple.onnx,vnncomp2023_benchmarks/benchmarks/nn4sys/vnnlib/pensieve_simple_20.vnnlib,1.734650113,error_exit_code_1,.867285950
nn4sys,vnncomp2023_benchmarks/benchmarks/nn4sys/onnx/pensieve_big_simple.onnx,vnncomp2023_benchmarks/benchmarks/nn4sys/vnnlib/pensieve_simple_21.vnnlib,1.740189865,error_exit_code_1,.896718058
nn4sys,vnncomp2023_benchmarks/benchmarks/nn4sys/onnx/pensieve_small_simple.onnx,vnncomp2023_benchmarks/benchmarks/nn4sys/vnnlib/pensieve_simple_22.vnnlib,1.738072844,error_exit_code_1,.877401732
nn4sys,vnncomp2023_benchmarks/benchmarks/nn4sys/onnx/pensieve_big_parallel.onnx,vnncomp2023_benchmarks/benchmarks/nn4sys/vnnlib/pensieve_parallel_23.vnnlib,1.753351314,error_exit_code_1,.910236933
nn4sys,vnncomp2023_benchmarks/benchmarks/nn4sys/onnx/pensieve_small_parallel.onnx,vnncomp2023_benchmarks/benchmarks/nn4sys/vnnlib/pensieve_parallel_24.vnnlib,1.745127881,error_exit_code_1,.870028205
nn4sys,vnncomp2023_benchmarks/benchmarks/nn4sys/onnx/pensieve_mid_simple.onnx,vnncomp2023_benchmarks/benchmarks/nn4sys/vnnlib/pensieve_simple_25.vnnlib,1.751333284,error_exit_code_1,.876782051
nn4sys,vnncomp2023_benchmarks/benchmarks/nn4sys/onnx/pensieve_big_parallel.onnx,vnncomp2023_benchmarks/benchmarks/nn4sys/vnnlib/pensieve_parallel_26.vnnlib,1.743252624,error_exit_code_1,.900508108
nn4sys,vnncomp2023_benchmarks/benchmarks/nn4sys/onnx/pensieve_mid_simple.onnx,vnncomp2023_benchmarks/benchmarks/nn4sys/vnnlib/pensieve_simple_27.vnnlib,1.771792194,error_exit_code_1,.891671981
nn4sys,vnncomp2023_benchmarks/benchmarks/nn4sys/onnx/pensieve_small_parallel.onnx,vnncomp2023_benchmarks/benchmarks/nn4sys/vnnlib/pensieve_parallel_28.vnnlib,1.784770120,error_exit_code_1,.874129974
nn4sys,vnncomp2023_benchmarks/benchmarks/nn4sys/onnx/pensieve_small_simple.onnx,vnncomp2023_benchmarks/benchmarks/nn4sys/vnnlib/pensieve_simple_29.vnnlib,1.723906410,error_exit_code_1,.861374199
nn4sys,vnncomp2023_benchmarks/benchmarks/nn4sys/onnx/pensieve_small_simple.onnx,vnncomp2023_benchmarks/benchmarks/nn4sys/vnnlib/pensieve_simple_30.vnnlib,1.745034890,error_exit_code_1,.871465492
nn4sys,vnncomp2023_benchmarks/benchmarks/nn4sys/onnx/pensieve_mid_simple.onnx,vnncomp2023_benchmarks/benchmarks/nn4sys/vnnlib/pensieve_simple_31.vnnlib,1.740034800,error_exit_code_1,.881841317
nn4sys,vnncomp2023_benchmarks/benchmarks/nn4sys/onnx/pensieve_big_simple.onnx,vnncomp2023_benchmarks/benchmarks/nn4sys/vnnlib/pensieve_simple_32.vnnlib,1.755045444,error_exit_code_1,.919042006
nn4sys,vnncomp2023_benchmarks/benchmarks/nn4sys/onnx/pensieve_big_simple.onnx,vnncomp2023_benchmarks/benchmarks/nn4sys/vnnlib/pensieve_simple_33.vnnlib,1.775439386,error_exit_code_1,.938047297
nn4sys,vnncomp2023_benchmarks/benchmarks/nn4sys/onnx/pensieve_big_simple.onnx,vnncomp2023_benchmarks/benchmarks/nn4sys/vnnlib/pensieve_simple_34.vnnlib,1.745251801,error_exit_code_1,.947939921
nn4sys,vnncomp2023_benchmarks/benchmarks/nn4sys/onnx/pensieve_big_parallel.onnx,vnncomp2023_benchmarks/benchmarks/nn4sys/vnnlib/pensieve_parallel_35.vnnlib,1.747343932,error_exit_code_1,.910607320
nn4sys,vnncomp2023_benchmarks/benchmarks/nn4sys/onnx/pensieve_big_parallel.onnx,vnncomp2023_benchmarks/benchmarks/nn4sys/vnnlib/pensieve_parallel_36.vnnlib,1.739473418,error_exit_code_1,.904048441
nn4sys,vnncomp2023_benchmarks/benchmarks/nn4sys/onnx/pensieve_big_parallel.onnx,vnncomp2023_benchmarks/benchmarks/nn4sys/vnnlib/pensieve_parallel_37.vnnlib,1.747545813,error_exit_code_1,.910397321
nn4sys,vnncomp2023_benchmarks/benchmarks/nn4sys/onnx/pensieve_big_parallel.onnx,vnncomp2023_benchmarks/benchmarks/nn4sys/vnnlib/pensieve_parallel_38.vnnlib,1.799804689,error_exit_code_1,.914868821
nn4sys,vnncomp2023_benchmarks/benchmarks/nn4sys/onnx/pensieve_big_parallel.onnx,vnncomp2023_benchmarks/benchmarks/nn4sys/vnnlib/pensieve_parallel_39.vnnlib,1.752780816,error_exit_code_1,.901044489
nn4sys,vnncomp2023_benchmarks/benchmarks/nn4sys/onnx/pensieve_big_parallel.onnx,vnncomp2023_benchmarks/benchmarks/nn4sys/vnnlib/pensieve_parallel_40.vnnlib,1.740490527,error_exit_code_1,.915172018
nn4sys,vnncomp2023_benchmarks/benchmarks/nn4sys/onnx/pensieve_big_parallel.onnx,vnncomp2023_benchmarks/benchmarks/nn4sys/vnnlib/pensieve_parallel_41.vnnlib,1.736412076,error_exit_code_1,.901318307
nn4sys,vnncomp2023_benchmarks/benchmarks/nn4sys/onnx/pensieve_big_parallel.onnx,vnncomp2023_benchmarks/benchmarks/nn4sys/vnnlib/pensieve_parallel_42.vnnlib,1.744406000,error_exit_code_1,.905434637
nn4sys,vnncomp2023_benchmarks/benchmarks/nn4sys/onnx/pensieve_big_parallel.onnx,vnncomp2023_benchmarks/benchmarks/nn4sys/vnnlib/pensieve_parallel_43.vnnlib,1.750202682,error_exit_code_1,.906879407
nn4sys,vnncomp2023_benchmarks/benchmarks/nn4sys/onnx/pensieve_big_parallel.onnx,vnncomp2023_benchmarks/benchmarks/nn4sys/vnnlib/pensieve_parallel_44.vnnlib,1.756987031,error_exit_code_1,.905543173
nn4sys,vnncomp2023_benchmarks/benchmarks/nn4sys/onnx/pensieve_big_parallel.onnx,vnncomp2023_benchmarks/benchmarks/nn4sys/vnnlib/pensieve_parallel_45.vnnlib,1.735130276,error_exit_code_1,.902937288
nn4sys,vnncomp2023_benchmarks/benchmarks/nn4sys/onnx/pensieve_big_parallel.onnx,vnncomp2023_benchmarks/benchmarks/nn4sys/vnnlib/pensieve_parallel_46.vnnlib,1.729465668,error_exit_code_1,.909797050
nn4sys,vnncomp2023_benchmarks/benchmarks/nn4sys/onnx/pensieve_big_parallel.onnx,vnncomp2023_benchmarks/benchmarks/nn4sys/vnnlib/pensieve_parallel_47.vnnlib,1.730749672,error_exit_code_1,.899626710
nn4sys,vnncomp2023_benchmarks/benchmarks/nn4sys/onnx/pensieve_big_parallel.onnx,vnncomp2023_benchmarks/benchmarks/nn4sys/vnnlib/pensieve_parallel_48.vnnlib,1.738642927,error_exit_code_1,.910496333
nn4sys,vnncomp2023_benchmarks/benchmarks/nn4sys/onnx/pensieve_big_parallel.onnx,vnncomp2023_benchmarks/benchmarks/nn4sys/vnnlib/pensieve_parallel_49.vnnlib,1.743801414,error_exit_code_1,.909281084
nn4sys,vnncomp2023_benchmarks/benchmarks/nn4sys/onnx/pensieve_big_parallel.onnx,vnncomp2023_benchmarks/benchmarks/nn4sys/vnnlib/pensieve_parallel_50.vnnlib,1.747772178,error_exit_code_1,.906348674
nn4sys,vnncomp2023_benchmarks/benchmarks/nn4sys/onnx/pensieve_big_parallel.onnx,vnncomp2023_benchmarks/benchmarks/nn4sys/vnnlib/pensieve_parallel_51.vnnlib,1.728766264,error_exit_code_1,.916176623
nn4sys,vnncomp2023_benchmarks/benchmarks/nn4sys/onnx/pensieve_big_parallel.onnx,vnncomp2023_benchmarks/benchmarks/nn4sys/vnnlib/pensieve_parallel_52.vnnlib,1.740891822,error_exit_code_1,.901963689
nn4sys,vnncomp2023_benchmarks/benchmarks/nn4sys/onnx/pensieve_big_parallel.onnx,vnncomp2023_benchmarks/benchmarks/nn4sys/vnnlib/pensieve_parallel_53.vnnlib,1.757872947,error_exit_code_1,.907778900
nn4sys,vnncomp2023_benchmarks/benchmarks/nn4sys/onnx/pensieve_big_parallel.onnx,vnncomp2023_benchmarks/benchmarks/nn4sys/vnnlib/pensieve_parallel_54.vnnlib,1.741481086,error_exit_code_1,.904925187
nn4sys,vnncomp2023_benchmarks/benchmarks/nn4sys/onnx/pensieve_big_parallel.onnx,vnncomp2023_benchmarks/benchmarks/nn4sys/vnnlib/pensieve_parallel_55.vnnlib,1.737665745,error_exit_code_1,.910560963
nn4sys,vnncomp2023_benchmarks/benchmarks/nn4sys/onnx/pensieve_big_parallel.onnx,vnncomp2023_benchmarks/benchmarks/nn4sys/vnnlib/pensieve_parallel_56.vnnlib,1.745875306,error_exit_code_1,.905684903
nn4sys,vnncomp2023_benchmarks/benchmarks/nn4sys/onnx/pensieve_big_parallel.onnx,vnncomp2023_benchmarks/benchmarks/nn4sys/vnnlib/pensieve_parallel_57.vnnlib,1.741396355,error_exit_code_1,.904321823
nn4sys,vnncomp2023_benchmarks/benchmarks/nn4sys/onnx/pensieve_big_parallel.onnx,vnncomp2023_benchmarks/benchmarks/nn4sys/vnnlib/pensieve_parallel_58.vnnlib,1.744434498,error_exit_code_1,.900446218
nn4sys,vnncomp2023_benchmarks/benchmarks/nn4sys/onnx/pensieve_big_parallel.onnx,vnncomp2023_benchmarks/benchmarks/nn4sys/vnnlib/pensieve_parallel_59.vnnlib,1.743622248,error_exit_code_1,.905139760
nn4sys,vnncomp2023_benchmarks/benchmarks/nn4sys/onnx/pensieve_big_parallel.onnx,vnncomp2023_benchmarks/benchmarks/nn4sys/vnnlib/pensieve_parallel_60.vnnlib,1.794048497,error_exit_code_1,.938711451
nn4sys,vnncomp2023_benchmarks/benchmarks/nn4sys/onnx/pensieve_big_parallel.onnx,vnncomp2023_benchmarks/benchmarks/nn4sys/vnnlib/pensieve_parallel_61.vnnlib,1.758531272,error_exit_code_1,.931314437
nn4sys,vnncomp2023_benchmarks/benchmarks/nn4sys/onnx/pensieve_big_parallel.onnx,vnncomp2023_benchmarks/benchmarks/nn4sys/vnnlib/pensieve_parallel_62.vnnlib,1.747953659,error_exit_code_1,.904757889
nn4sys,vnncomp2023_benchmarks/benchmarks/nn4sys/onnx/pensieve_big_parallel.onnx,vnncomp2023_benchmarks/benchmarks/nn4sys/vnnlib/pensieve_parallel_63.vnnlib,1.748085046,error_exit_code_1,.901836692
nn4sys,vnncomp2023_benchmarks/benchmarks/nn4sys/onnx/pensieve_big_parallel.onnx,vnncomp2023_benchmarks/benchmarks/nn4sys/vnnlib/pensieve_parallel_64.vnnlib,1.750968957,error_exit_code_1,.904627828
nn4sys,vnncomp2023_benchmarks/benchmarks/nn4sys/onnx/pensieve_big_parallel.onnx,vnncomp2023_benchmarks/benchmarks/nn4sys/vnnlib/pensieve_parallel_65.vnnlib,1.756391636,error_exit_code_1,.908460309
nn4sys,vnncomp2023_benchmarks/benchmarks/nn4sys/onnx/pensieve_big_parallel.onnx,vnncomp2023_benchmarks/benchmarks/nn4sys/vnnlib/pensieve_parallel_66.vnnlib,1.735161323,error_exit_code_1,.908276227
nn4sys,vnncomp2023_benchmarks/benchmarks/nn4sys/onnx/pensieve_big_parallel.onnx,vnncomp2023_benchmarks/benchmarks/nn4sys/vnnlib/pensieve_parallel_67.vnnlib,1.748745269,error_exit_code_1,.910529300
nn4sys,vnncomp2023_benchmarks/benchmarks/nn4sys/onnx/pensieve_big_parallel.onnx,vnncomp2023_benchmarks/benchmarks/nn4sys/vnnlib/pensieve_parallel_68.vnnlib,1.739459914,error_exit_code_1,.909178591
nn4sys,vnncomp2023_benchmarks/benchmarks/nn4sys/onnx/pensieve_big_parallel.onnx,vnncomp2023_benchmarks/benchmarks/nn4sys/vnnlib/pensieve_parallel_69.vnnlib,1.741891129,error_exit_code_1,.900757684
nn4sys,vnncomp2023_benchmarks/benchmarks/nn4sys/onnx/pensieve_big_parallel.onnx,vnncomp2023_benchmarks/benchmarks/nn4sys/vnnlib/pensieve_parallel_70.vnnlib,1.753386257,error_exit_code_1,.897403990
nn4sys,vnncomp2023_benchmarks/benchmarks/nn4sys/onnx/pensieve_big_parallel.onnx,vnncomp2023_benchmarks/benchmarks/nn4sys/vnnlib/pensieve_parallel_71.vnnlib,1.751983330,error_exit_code_1,.901849789
nn4sys,vnncomp2023_benchmarks/benchmarks/nn4sys/onnx/pensieve_big_parallel.onnx,vnncomp2023_benchmarks/benchmarks/nn4sys/vnnlib/pensieve_parallel_72.vnnlib,1.742113366,error_exit_code_1,.908232192
nn4sys,vnncomp2023_benchmarks/benchmarks/nn4sys/onnx/pensieve_big_parallel.onnx,vnncomp2023_benchmarks/benchmarks/nn4sys/vnnlib/pensieve_parallel_73.vnnlib,1.735937333,error_exit_code_1,.902926820
nn4sys,vnncomp2023_benchmarks/benchmarks/nn4sys/onnx/pensieve_big_parallel.onnx,vnncomp2023_benchmarks/benchmarks/nn4sys/vnnlib/pensieve_parallel_74.vnnlib,1.750119656,error_exit_code_1,.917213096
nn4sys,vnncomp2023_benchmarks/benchmarks/nn4sys/onnx/pensieve_big_parallel.onnx,vnncomp2023_benchmarks/benchmarks/nn4sys/vnnlib/pensieve_parallel_75.vnnlib,1.737747458,error_exit_code_1,.913623790
nn4sys,vnncomp2023_benchmarks/benchmarks/nn4sys/onnx/pensieve_big_parallel.onnx,vnncomp2023_benchmarks/benchmarks/nn4sys/vnnlib/pensieve_parallel_76.vnnlib,1.739497235,error_exit_code_1,.904564960
nn4sys,vnncomp2023_benchmarks/benchmarks/nn4sys/onnx/pensieve_big_parallel.onnx,vnncomp2023_benchmarks/benchmarks/nn4sys/vnnlib/pensieve_parallel_77.vnnlib,1.748328480,error_exit_code_1,.925156352
nn4sys,vnncomp2023_benchmarks/benchmarks/nn4sys/onnx/pensieve_big_parallel.onnx,vnncomp2023_benchmarks/benchmarks/nn4sys/vnnlib/pensieve_parallel_78.vnnlib,1.749824043,error_exit_code_1,.905095877
nn4sys,vnncomp2023_benchmarks/benchmarks/nn4sys/onnx/pensieve_big_parallel.onnx,vnncomp2023_benchmarks/benchmarks/nn4sys/vnnlib/pensieve_parallel_79.vnnlib,1.746304651,error_exit_code_1,.909224058
nn4sys,vnncomp2023_benchmarks/benchmarks/nn4sys/onnx/pensieve_big_parallel.onnx,vnncomp2023_benchmarks/benchmarks/nn4sys/vnnlib/pensieve_parallel_80.vnnlib,1.762735290,error_exit_code_1,.912915607
nn4sys,vnncomp2023_benchmarks/benchmarks/nn4sys/onnx/pensieve_big_parallel.onnx,vnncomp2023_benchmarks/benchmarks/nn4sys/vnnlib/pensieve_parallel_81.vnnlib,1.737666079,error_exit_code_1,.912824473
nn4sys,vnncomp2023_benchmarks/benchmarks/nn4sys/onnx/pensieve_big_parallel.onnx,vnncomp2023_benchmarks/benchmarks/nn4sys/vnnlib/pensieve_parallel_82.vnnlib,1.741921067,error_exit_code_1,.923013335
nn4sys,vnncomp2023_benchmarks/benchmarks/nn4sys/onnx/pensieve_big_parallel.onnx,vnncomp2023_benchmarks/benchmarks/nn4sys/vnnlib/pensieve_parallel_83.vnnlib,1.747788308,error_exit_code_1,.903189286
nn4sys,vnncomp2023_benchmarks/benchmarks/nn4sys/onnx/pensieve_big_parallel.onnx,vnncomp2023_benchmarks/benchmarks/nn4sys/vnnlib/pensieve_parallel_84.vnnlib,1.783643537,error_exit_code_1,.903541139
nn4sys,vnncomp2023_benchmarks/benchmarks/nn4sys/onnx/pensieve_big_parallel.onnx,vnncomp2023_benchmarks/benchmarks/nn4sys/vnnlib/pensieve_parallel_85.vnnlib,1.750287052,error_exit_code_1,.904058616
nn4sys,vnncomp2023_benchmarks/benchmarks/nn4sys/onnx/pensieve_big_parallel.onnx,vnncomp2023_benchmarks/benchmarks/nn4sys/vnnlib/pensieve_parallel_86.vnnlib,1.757410615,error_exit_code_1,.904117404
nn4sys,vnncomp2023_benchmarks/benchmarks/nn4sys/onnx/pensieve_big_parallel.onnx,vnncomp2023_benchmarks/benchmarks/nn4sys/vnnlib/pensieve_parallel_87.vnnlib,1.737958731,error_exit_code_1,.905713568
nn4sys,vnncomp2023_benchmarks/benchmarks/nn4sys/onnx/pensieve_big_parallel.onnx,vnncomp2023_benchmarks/benchmarks/nn4sys/vnnlib/pensieve_parallel_88.vnnlib,1.749637713,error_exit_code_1,.904175120
nn4sys,vnncomp2023_benchmarks/benchmarks/nn4sys/onnx/pensieve_big_parallel.onnx,vnncomp2023_benchmarks/benchmarks/nn4sys/vnnlib/pensieve_parallel_89.vnnlib,1.755026340,error_exit_code_1,.906028177
nn4sys,vnncomp2023_benchmarks/benchmarks/nn4sys/onnx/pensieve_big_parallel.onnx,vnncomp2023_benchmarks/benchmarks/nn4sys/vnnlib/pensieve_parallel_90.vnnlib,1.754564860,error_exit_code_1,.909694250
nn4sys,vnncomp2023_benchmarks/benchmarks/nn4sys/onnx/pensieve_big_parallel.onnx,vnncomp2023_benchmarks/benchmarks/nn4sys/vnnlib/pensieve_parallel_91.vnnlib,1.743604814,error_exit_code_1,.905998396
nn4sys,vnncomp2023_benchmarks/benchmarks/nn4sys/onnx/pensieve_big_parallel.onnx,vnncomp2023_benchmarks/benchmarks/nn4sys/vnnlib/pensieve_parallel_92.vnnlib,1.735826119,error_exit_code_1,.906996621
nn4sys,vnncomp2023_benchmarks/benchmarks/nn4sys/onnx/pensieve_big_parallel.onnx,vnncomp2023_benchmarks/benchmarks/nn4sys/vnnlib/pensieve_parallel_93.vnnlib,1.753472747,error_exit_code_1,.910243025
nn4sys,vnncomp2023_benchmarks/benchmarks/nn4sys/onnx/pensieve_big_parallel.onnx,vnncomp2023_benchmarks/benchmarks/nn4sys/vnnlib/pensieve_parallel_94.vnnlib,1.741309718,error_exit_code_1,.905761535
nn4sys,vnncomp2023_benchmarks/benchmarks/nn4sys/onnx/pensieve_big_parallel.onnx,vnncomp2023_benchmarks/benchmarks/nn4sys/vnnlib/pensieve_parallel_95.vnnlib,1.762484961,error_exit_code_1,.901410150
nn4sys,vnncomp2023_benchmarks/benchmarks/nn4sys/onnx/pensieve_big_parallel.onnx,vnncomp2023_benchmarks/benchmarks/nn4sys/vnnlib/pensieve_parallel_96.vnnlib,1.742050411,error_exit_code_1,.904155446
nn4sys,vnncomp2023_benchmarks/benchmarks/nn4sys/onnx/pensieve_big_parallel.onnx,vnncomp2023_benchmarks/benchmarks/nn4sys/vnnlib/pensieve_parallel_97.vnnlib,1.746227005,error_exit_code_1,.899657630
nn4sys,vnncomp2023_benchmarks/benchmarks/nn4sys/onnx/pensieve_big_parallel.onnx,vnncomp2023_benchmarks/benchmarks/nn4sys/vnnlib/pensieve_parallel_98.vnnlib,1.736943256,error_exit_code_1,.909266744
nn4sys,vnncomp2023_benchmarks/benchmarks/nn4sys/onnx/pensieve_big_parallel.onnx,vnncomp2023_benchmarks/benchmarks/nn4sys/vnnlib/pensieve_parallel_99.vnnlib,1.736470775,error_exit_code_1,.910850841
nn4sys,vnncomp2023_benchmarks/benchmarks/nn4sys/onnx/pensieve_big_parallel.onnx,vnncomp2023_benchmarks/benchmarks/nn4sys/vnnlib/pensieve_parallel_100.vnnlib,1.756524633,error_exit_code_1,.916635621
nn4sys,vnncomp2023_benchmarks/benchmarks/nn4sys/onnx/pensieve_big_parallel.onnx,vnncomp2023_benchmarks/benchmarks/nn4sys/vnnlib/pensieve_parallel_101.vnnlib,1.736397367,error_exit_code_1,.910455527
nn4sys,vnncomp2023_benchmarks/benchmarks/nn4sys/onnx/pensieve_big_parallel.onnx,vnncomp2023_benchmarks/benchmarks/nn4sys/vnnlib/pensieve_parallel_102.vnnlib,1.760597535,error_exit_code_1,.903575003
nn4sys,vnncomp2023_benchmarks/benchmarks/nn4sys/onnx/pensieve_big_parallel.onnx,vnncomp2023_benchmarks/benchmarks/nn4sys/vnnlib/pensieve_parallel_103.vnnlib,1.750364273,error_exit_code_1,.907460414
nn4sys,vnncomp2023_benchmarks/benchmarks/nn4sys/onnx/pensieve_big_parallel.onnx,vnncomp2023_benchmarks/benchmarks/nn4sys/vnnlib/pensieve_parallel_104.vnnlib,1.744410357,error_exit_code_1,.907833427
nn4sys,vnncomp2023_benchmarks/benchmarks/nn4sys/onnx/lindex.onnx,vnncomp2023_benchmarks/benchmarks/nn4sys/vnnlib/lindex_1.vnnlib,1.775078059,unsat,.906362555
nn4sys,vnncomp2023_benchmarks/benchmarks/nn4sys/onnx/lindex_deep.onnx,vnncomp2023_benchmarks/benchmarks/nn4sys/vnnlib/lindex_1.vnnlib,1.740431994,unsat,.919200801
nn4sys,vnncomp2023_benchmarks/benchmarks/nn4sys/onnx/lindex.onnx,vnncomp2023_benchmarks/benchmarks/nn4sys/vnnlib/lindex_200.vnnlib,1.763477495,unsat,1.311828995
nn4sys,vnncomp2023_benchmarks/benchmarks/nn4sys/onnx/lindex_deep.onnx,vnncomp2023_benchmarks/benchmarks/nn4sys/vnnlib/lindex_200.vnnlib,1.732187676,unsat,1.400036013
nn4sys,vnncomp2023_benchmarks/benchmarks/nn4sys/onnx/lindex.onnx,vnncomp2023_benchmarks/benchmarks/nn4sys/vnnlib/lindex_400.vnnlib,1.745144095,unsat,1.713592555
nn4sys,vnncomp2023_benchmarks/benchmarks/nn4sys/onnx/lindex_deep.onnx,vnncomp2023_benchmarks/benchmarks/nn4sys/vnnlib/lindex_400.vnnlib,1.740270859,unsat,1.816203779
nn4sys,vnncomp2023_benchmarks/benchmarks/nn4sys/onnx/lindex.onnx,vnncomp2023_benchmarks/benchmarks/nn4sys/vnnlib/lindex_600.vnnlib,1.736126632,unsat,2.108655845
nn4sys,vnncomp2023_benchmarks/benchmarks/nn4sys/onnx/lindex_deep.onnx,vnncomp2023_benchmarks/benchmarks/nn4sys/vnnlib/lindex_600.vnnlib,1.742895371,unsat,2.250502450
nn4sys,vnncomp2023_benchmarks/benchmarks/nn4sys/onnx/lindex.onnx,vnncomp2023_benchmarks/benchmarks/nn4sys/vnnlib/lindex_800.vnnlib,1.726712432,unsat,2.497440732
nn4sys,vnncomp2023_benchmarks/benchmarks/nn4sys/onnx/lindex_deep.onnx,vnncomp2023_benchmarks/benchmarks/nn4sys/vnnlib/lindex_800.vnnlib,1.749473474,unsat,2.668931795
nn4sys,vnncomp2023_benchmarks/benchmarks/nn4sys/onnx/lindex.onnx,vnncomp2023_benchmarks/benchmarks/nn4sys/vnnlib/lindex_1000.vnnlib,1.730891129,unsat,2.883468799
nn4sys,vnncomp2023_benchmarks/benchmarks/nn4sys/onnx/lindex_deep.onnx,vnncomp2023_benchmarks/benchmarks/nn4sys/vnnlib/lindex_1000.vnnlib,1.736641831,unsat,3.114185490
nn4sys,vnncomp2023_benchmarks/benchmarks/nn4sys/onnx/lindex.onnx,vnncomp2023_benchmarks/benchmarks/nn4sys/vnnlib/lindex_3000.vnnlib,1.760944273,unsat,6.846719932
nn4sys,vnncomp2023_benchmarks/benchmarks/nn4sys/onnx/lindex_deep.onnx,vnncomp2023_benchmarks/benchmarks/nn4sys/vnnlib/lindex_3000.vnnlib,1.738043808,unsat,7.811456759
nn4sys,vnncomp2023_benchmarks/benchmarks/nn4sys/onnx/lindex.onnx,vnncomp2023_benchmarks/benchmarks/nn4sys/vnnlib/lindex_5000.vnnlib,1.771171849,unsat,10.761956491
nn4sys,vnncomp2023_benchmarks/benchmarks/nn4sys/onnx/lindex_deep.onnx,vnncomp2023_benchmarks/benchmarks/nn4sys/vnnlib/lindex_5000.vnnlib,1.737101113,unsat,11.875660275
nn4sys,vnncomp2023_benchmarks/benchmarks/nn4sys/onnx/lindex.onnx,vnncomp2023_benchmarks/benchmarks/nn4sys/vnnlib/lindex_7000.vnnlib,1.753888529,unsat,14.814077002
nn4sys,vnncomp2023_benchmarks/benchmarks/nn4sys/onnx/lindex_deep.onnx,vnncomp2023_benchmarks/benchmarks/nn4sys/vnnlib/lindex_7000.vnnlib,1.771425232,unsat,16.247181441
nn4sys,vnncomp2023_benchmarks/benchmarks/nn4sys/onnx/lindex.onnx,vnncomp2023_benchmarks/benchmarks/nn4sys/vnnlib/lindex_9000.vnnlib,1.740760274,unsat,18.616496216
nn4sys,vnncomp2023_benchmarks/benchmarks/nn4sys/onnx/lindex_deep.onnx,vnncomp2023_benchmarks/benchmarks/nn4sys/vnnlib/lindex_9000.vnnlib,1.729319855,unsat,20.861480672
nn4sys,vnncomp2023_benchmarks/benchmarks/nn4sys/onnx/lindex.onnx,vnncomp2023_benchmarks/benchmarks/nn4sys/vnnlib/lindex_10000.vnnlib,1.742659707,unsat,21.199672581
nn4sys,vnncomp2023_benchmarks/benchmarks/nn4sys/onnx/lindex_deep.onnx,vnncomp2023_benchmarks/benchmarks/nn4sys/vnnlib/lindex_10000.vnnlib,1.730204957,unsat,22.708732670
nn4sys,vnncomp2023_benchmarks/benchmarks/nn4sys/onnx/lindex.onnx,vnncomp2023_benchmarks/benchmarks/nn4sys/vnnlib/lindex_60000.vnnlib,1.729781140,run_instance_timeout,100.002722270
nn4sys,vnncomp2023_benchmarks/benchmarks/nn4sys/onnx/lindex_deep.onnx,vnncomp2023_benchmarks/benchmarks/nn4sys/vnnlib/lindex_60000.vnnlib,1.749971480,timeout,95.500773369
nn4sys,vnncomp2023_benchmarks/benchmarks/nn4sys/onnx/mscn_128d.onnx,vnncomp2023_benchmarks/benchmarks/nn4sys/vnnlib/cardinality_0_1_128.vnnlib,1.734924971,error_exit_code_1,.856273678
nn4sys,vnncomp2023_benchmarks/benchmarks/nn4sys/onnx/mscn_128d.onnx,vnncomp2023_benchmarks/benchmarks/nn4sys/vnnlib/cardinality_0_500_128.vnnlib,1.732727359,error_exit_code_1,2.349824109
nn4sys,vnncomp2023_benchmarks/benchmarks/nn4sys/onnx/mscn_128d.onnx,vnncomp2023_benchmarks/benchmarks/nn4sys/vnnlib/cardinality_0_750_128.vnnlib,1.775373065,error_exit_code_1,3.127611114
nn4sys,vnncomp2023_benchmarks/benchmarks/nn4sys/onnx/mscn_128d.onnx,vnncomp2023_benchmarks/benchmarks/nn4sys/vnnlib/cardinality_0_1000_128.vnnlib,1.739058458,error_exit_code_1,3.952693200
nn4sys,vnncomp2023_benchmarks/benchmarks/nn4sys/onnx/mscn_128d.onnx,vnncomp2023_benchmarks/benchmarks/nn4sys/vnnlib/cardinality_0_2120_128.vnnlib,1.751242346,error_exit_code_1,7.751004777
nn4sys,vnncomp2023_benchmarks/benchmarks/nn4sys/onnx/mscn_128d.onnx,vnncomp2023_benchmarks/benchmarks/nn4sys/vnnlib/cardinality_0_2680_128.vnnlib,1.742569439,error_exit_code_1,9.517069579
nn4sys,vnncomp2023_benchmarks/benchmarks/nn4sys/onnx/mscn_128d.onnx,vnncomp2023_benchmarks/benchmarks/nn4sys/vnnlib/cardinality_0_3240_128.vnnlib,1.736403789,error_exit_code_1,11.263823105
nn4sys,vnncomp2023_benchmarks/benchmarks/nn4sys/onnx/mscn_128d.onnx,vnncomp2023_benchmarks/benchmarks/nn4sys/vnnlib/cardinality_0_3800_128.vnnlib,1.740780239,error_exit_code_1,13.177909588
nn4sys,vnncomp2023_benchmarks/benchmarks/nn4sys/onnx/mscn_128d_dual.onnx,vnncomp2023_benchmarks/benchmarks/nn4sys/vnnlib/cardinality_1_1_128_dual.vnnlib,1.776701793,error_exit_code_1,.907468806
nn4sys,vnncomp2023_benchmarks/benchmarks/nn4sys/onnx/mscn_128d_dual.onnx,vnncomp2023_benchmarks/benchmarks/nn4sys/vnnlib/cardinality_1_240_128_dual.vnnlib,1.718283164,error_exit_code_1,1.577936713
nn4sys,vnncomp2023_benchmarks/benchmarks/nn4sys/onnx/mscn_128d_dual.onnx,vnncomp2023_benchmarks/benchmarks/nn4sys/vnnlib/cardinality_1_360_128_dual.vnnlib,1.749245785,error_exit_code_1,2.007588916
nn4sys,vnncomp2023_benchmarks/benchmarks/nn4sys/onnx/mscn_128d_dual.onnx,vnncomp2023_benchmarks/benchmarks/nn4sys/vnnlib/cardinality_1_480_128_dual.vnnlib,1.735897349,error_exit_code_1,2.352102647
nn4sys,vnncomp2023_benchmarks/benchmarks/nn4sys/onnx/mscn_128d_dual.onnx,vnncomp2023_benchmarks/benchmarks/nn4sys/vnnlib/cardinality_1_600_128_dual.vnnlib,1.760226922,error_exit_code_1,2.768860322
nn4sys,vnncomp2023_benchmarks/benchmarks/nn4sys/onnx/mscn_128d_dual.onnx,vnncomp2023_benchmarks/benchmarks/nn4sys/vnnlib/cardinality_1_720_128_dual.vnnlib,1.746706253,error_exit_code_1,3.103110315
nn4sys,vnncomp2023_benchmarks/benchmarks/nn4sys/onnx/mscn_128d_dual.onnx,vnncomp2023_benchmarks/benchmarks/nn4sys/vnnlib/cardinality_1_840_128_dual.vnnlib,1.735153577,error_exit_code_1,3.488715122
nn4sys,vnncomp2023_benchmarks/benchmarks/nn4sys/onnx/mscn_128d_dual.onnx,vnncomp2023_benchmarks/benchmarks/nn4sys/vnnlib/cardinality_1_960_128_dual.vnnlib,1.766732689,error_exit_code_1,3.966989222
nn4sys,vnncomp2023_benchmarks/benchmarks/nn4sys/onnx/mscn_128d_dual.onnx,vnncomp2023_benchmarks/benchmarks/nn4sys/vnnlib/cardinality_1_2260_128_dual.vnnlib,1.741048289,error_exit_code_1,8.153552371
nn4sys,vnncomp2023_benchmarks/benchmarks/nn4sys/onnx/mscn_128d_dual.onnx,vnncomp2023_benchmarks/benchmarks/nn4sys/vnnlib/cardinality_1_2890_128_dual.vnnlib,1.756278613,error_exit_code_1,10.218450074
nn4sys,vnncomp2023_benchmarks/benchmarks/nn4sys/onnx/mscn_128d_dual.onnx,vnncomp2023_benchmarks/benchmarks/nn4sys/vnnlib/cardinality_1_3520_128_dual.vnnlib,1.728682664,error_exit_code_1,12.403749293
nn4sys,vnncomp2023_benchmarks/benchmarks/nn4sys/onnx/mscn_128d_dual.onnx,vnncomp2023_benchmarks/benchmarks/nn4sys/vnnlib/cardinality_1_4150_128_dual.vnnlib,1.740055588,error_exit_code_1,14.441124641
nn4sys,vnncomp2023_benchmarks/benchmarks/nn4sys/onnx/mscn_128d_dual.onnx,vnncomp2023_benchmarks/benchmarks/nn4sys/vnnlib/cardinality_1_4780_128_dual.vnnlib,1.751525395,error_exit_code_1,16.751789448
nn4sys,vnncomp2023_benchmarks/benchmarks/nn4sys/onnx/mscn_128d_dual.onnx,vnncomp2023_benchmarks/benchmarks/nn4sys/vnnlib/cardinality_1_5410_128_dual.vnnlib,1.732245069,error_exit_code_1,18.706543508
nn4sys,vnncomp2023_benchmarks/benchmarks/nn4sys/onnx/mscn_128d_dual.onnx,vnncomp2023_benchmarks/benchmarks/nn4sys/vnnlib/cardinality_1_6040_128_dual.vnnlib,1.732231958,error_exit_code_1,20.947829136
nn4sys,vnncomp2023_benchmarks/benchmarks/nn4sys/onnx/mscn_128d_dual.onnx,vnncomp2023_benchmarks/benchmarks/nn4sys/vnnlib/cardinality_1_6670_128_dual.vnnlib,1.731054399,error_exit_code_1,23.221191032
nn4sys,vnncomp2023_benchmarks/benchmarks/nn4sys/onnx/mscn_128d_dual.onnx,vnncomp2023_benchmarks/benchmarks/nn4sys/vnnlib/cardinality_1_7300_128_dual.vnnlib,1.730589280,error_exit_code_1,25.537653789
nn4sys,vnncomp2023_benchmarks/benchmarks/nn4sys/onnx/mscn_128d_dual.onnx,vnncomp2023_benchmarks/benchmarks/nn4sys/vnnlib/cardinality_1_7930_128_dual.vnnlib,1.742640496,error_exit_code_1,27.318616195
nn4sys,vnncomp2023_benchmarks/benchmarks/nn4sys/onnx/mscn_128d_dual.onnx,vnncomp2023_benchmarks/benchmarks/nn4sys/vnnlib/cardinality_1_8560_128_dual.vnnlib,1.744400226,error_exit_code_1,29.724638813
nn4sys,vnncomp2023_benchmarks/benchmarks/nn4sys/onnx/mscn_128d_dual.onnx,vnncomp2023_benchmarks/benchmarks/nn4sys/vnnlib/cardinality_1_9190_128_dual.vnnlib,1.729998304,error_exit_code_1,31.794419038
nn4sys,vnncomp2023_benchmarks/benchmarks/nn4sys/onnx/mscn_128d_dual.onnx,vnncomp2023_benchmarks/benchmarks/nn4sys/vnnlib/cardinality_1_9820_128_dual.vnnlib,1.739814620,error_exit_code_1,34.271051482
nn4sys,vnncomp2023_benchmarks/benchmarks/nn4sys/onnx/mscn_128d_dual.onnx,vnncomp2023_benchmarks/benchmarks/nn4sys/vnnlib/cardinality_1_10450_128_dual.vnnlib,1.733337185,error_exit_code_1,36.154159400
nn4sys,vnncomp2023_benchmarks/benchmarks/nn4sys/onnx/mscn_128d_dual.onnx,vnncomp2023_benchmarks/benchmarks/nn4sys/vnnlib/cardinality_1_11080_128_dual.vnnlib,1.736488565,error_exit_code_1,37.887328324
nn4sys,vnncomp2023_benchmarks/benchmarks/nn4sys/onnx/mscn_2048d.onnx,vnncomp2023_benchmarks/benchmarks/nn4sys/vnnlib/cardinality_0_1_2048.vnnlib,2.127970817,error_exit_code_1,2.936284234
nn4sys,vnncomp2023_benchmarks/benchmarks/nn4sys/onnx/mscn_2048d.onnx,vnncomp2023_benchmarks/benchmarks/nn4sys/vnnlib/cardinality_0_500_2048.vnnlib,1.882815436,error_exit_code_1,4.442869422
nn4sys,vnncomp2023_benchmarks/benchmarks/nn4sys/onnx/mscn_2048d.onnx,vnncomp2023_benchmarks/benchmarks/nn4sys/vnnlib/cardinality_0_750_2048.vnnlib,1.899378232,error_exit_code_1,5.184381886
nn4sys,vnncomp2023_benchmarks/benchmarks/nn4sys/onnx/mscn_2048d.onnx,vnncomp2023_benchmarks/benchmarks/nn4sys/vnnlib/cardinality_0_1000_2048.vnnlib,1.860218832,error_exit_code_1,6.008233834
nn4sys,vnncomp2023_benchmarks/benchmarks/nn4sys/onnx/mscn_2048d.onnx,vnncomp2023_benchmarks/benchmarks/nn4sys/vnnlib/cardinality_0_2120_2048.vnnlib,1.865885971,error_exit_code_1,9.604380544
nn4sys,vnncomp2023_benchmarks/benchmarks/nn4sys/onnx/mscn_2048d.onnx,vnncomp2023_benchmarks/benchmarks/nn4sys/vnnlib/cardinality_0_2680_2048.vnnlib,1.865558896,error_exit_code_1,11.581836385
nn4sys,vnncomp2023_benchmarks/benchmarks/nn4sys/onnx/mscn_2048d.onnx,vnncomp2023_benchmarks/benchmarks/nn4sys/vnnlib/cardinality_0_3240_2048.vnnlib,1.889657079,error_exit_code_1,13.261521989
nn4sys,vnncomp2023_benchmarks/benchmarks/nn4sys/onnx/mscn_2048d.onnx,vnncomp2023_benchmarks/benchmarks/nn4sys/vnnlib/cardinality_0_3800_2048.vnnlib,1.870511220,error_exit_code_1,15.029180637
nn4sys,vnncomp2023_benchmarks/benchmarks/nn4sys/onnx/mscn_2048d.onnx,vnncomp2023_benchmarks/benchmarks/nn4sys/vnnlib/cardinality_0_4360_2048.vnnlib,1.864490058,error_exit_code_1,17.176283157
nn4sys,vnncomp2023_benchmarks/benchmarks/nn4sys/onnx/mscn_2048d.onnx,vnncomp2023_benchmarks/benchmarks/nn4sys/vnnlib/cardinality_0_4920_2048.vnnlib,1.870323263,error_exit_code_1,18.945453241
nn4sys,vnncomp2023_benchmarks/benchmarks/nn4sys/onnx/mscn_2048d.onnx,vnncomp2023_benchmarks/benchmarks/nn4sys/vnnlib/cardinality_0_5480_2048.vnnlib,1.888761187,error_exit_code_1,21.021988415
nn4sys,vnncomp2023_benchmarks/benchmarks/nn4sys/onnx/mscn_2048d_dual.onnx,vnncomp2023_benchmarks/benchmarks/nn4sys/vnnlib/cardinality_1_1_2048_dual.vnnlib,2.497814463,error_exit_code_1,4.053824762
nn4sys,vnncomp2023_benchmarks/benchmarks/nn4sys/onnx/mscn_2048d_dual.onnx,vnncomp2023_benchmarks/benchmarks/nn4sys/vnnlib/cardinality_1_240_2048_dual.vnnlib,1.975477047,error_exit_code_1,4.730019163
nn4sys,vnncomp2023_benchmarks/benchmarks/nn4sys/onnx/mscn_2048d_dual.onnx,vnncomp2023_benchmarks/benchmarks/nn4sys/vnnlib/cardinality_1_360_2048_dual.vnnlib,1.926768997,error_exit_code_1,5.102731525
nn4sys,vnncomp2023_benchmarks/benchmarks/nn4sys/onnx/mscn_2048d_dual.onnx,vnncomp2023_benchmarks/benchmarks/nn4sys/vnnlib/cardinality_1_480_2048_dual.vnnlib,1.931219299,error_exit_code_1,5.585796610
nn4sys,vnncomp2023_benchmarks/benchmarks/nn4sys/onnx/mscn_2048d_dual.onnx,vnncomp2023_benchmarks/benchmarks/nn4sys/vnnlib/cardinality_1_600_2048_dual.vnnlib,1.973512462,error_exit_code_1,5.864441439
nn4sys,vnncomp2023_benchmarks/benchmarks/nn4sys/onnx/mscn_2048d_dual.onnx,vnncomp2023_benchmarks/benchmarks/nn4sys/vnnlib/cardinality_1_720_2048_dual.vnnlib,1.963127883,error_exit_code_1,6.200365822
nn4sys,vnncomp2023_benchmarks/benchmarks/nn4sys/onnx/mscn_2048d_dual.onnx,vnncomp2023_benchmarks/benchmarks/nn4sys/vnnlib/cardinality_1_840_2048_dual.vnnlib,1.976717368,error_exit_code_1,6.660830393
nn4sys,vnncomp2023_benchmarks/benchmarks/nn4sys/onnx/mscn_2048d_dual.onnx,vnncomp2023_benchmarks/benchmarks/nn4sys/vnnlib/cardinality_1_960_2048_dual.vnnlib,1.954242025,error_exit_code_1,7.054459513
nn4sys,vnncomp2023_benchmarks/benchmarks/nn4sys/onnx/mscn_2048d_dual.onnx,vnncomp2023_benchmarks/benchmarks/nn4sys/vnnlib/cardinality_1_2260_2048_dual.vnnlib,1.971510344,error_exit_code_1,11.387192806
nn4sys,vnncomp2023_benchmarks/benchmarks/nn4sys/onnx/mscn_2048d_dual.onnx,vnncomp2023_benchmarks/benchmarks/nn4sys/vnnlib/cardinality_1_2890_2048_dual.vnnlib,1.933421364,error_exit_code_1,13.705297425
nn4sys,vnncomp2023_benchmarks/benchmarks/nn4sys/onnx/mscn_2048d_dual.onnx,vnncomp2023_benchmarks/benchmarks/nn4sys/vnnlib/cardinality_1_3520_2048_dual.vnnlib,1.951978254,error_exit_code_1,15.599334257
nn4sys,vnncomp2023_benchmarks/benchmarks/nn4sys/onnx/mscn_2048d_dual.onnx,vnncomp2023_benchmarks/benchmarks/nn4sys/vnnlib/cardinality_1_4150_2048_dual.vnnlib,1.939460702,error_exit_code_1,17.455996798
nn4sys,vnncomp2023_benchmarks/benchmarks/nn4sys/onnx/mscn_2048d_dual.onnx,vnncomp2023_benchmarks/benchmarks/nn4sys/vnnlib/cardinality_1_4780_2048_dual.vnnlib,1.935746274,error_exit_code_1,19.785063146
nn4sys,vnncomp2023_benchmarks/benchmarks/nn4sys/onnx/mscn_2048d_dual.onnx,vnncomp2023_benchmarks/benchmarks/nn4sys/vnnlib/cardinality_1_5410_2048_dual.vnnlib,1.971327000,error_exit_code_1,21.738364411
nn4sys,vnncomp2023_benchmarks/benchmarks/nn4sys/onnx/mscn_2048d_dual.onnx,vnncomp2023_benchmarks/benchmarks/nn4sys/vnnlib/cardinality_1_6040_2048_dual.vnnlib,1.965702824,error_exit_code_1,24.041770616
nn4sys,vnncomp2023_benchmarks/benchmarks/nn4sys/onnx/mscn_2048d_dual.onnx,vnncomp2023_benchmarks/benchmarks/nn4sys/vnnlib/cardinality_1_6670_2048_dual.vnnlib,1.962423791,error_exit_code_1,26.194985661
nn4sys,vnncomp2023_benchmarks/benchmarks/nn4sys/onnx/mscn_2048d_dual.onnx,vnncomp2023_benchmarks/benchmarks/nn4sys/vnnlib/cardinality_1_7300_2048_dual.vnnlib,1.974078686,error_exit_code_1,28.498530071
nn4sys,vnncomp2023_benchmarks/benchmarks/nn4sys/onnx/mscn_2048d_dual.onnx,vnncomp2023_benchmarks/benchmarks/nn4sys/vnnlib/cardinality_1_7930_2048_dual.vnnlib,1.935363814,error_exit_code_1,30.533215541
nn4sys,vnncomp2023_benchmarks/benchmarks/nn4sys/onnx/mscn_2048d_dual.onnx,vnncomp2023_benchmarks/benchmarks/nn4sys/vnnlib/cardinality_1_8560_2048_dual.vnnlib,1.970656878,error_exit_code_1,32.455352649
nn4sys,vnncomp2023_benchmarks/benchmarks/nn4sys/onnx/mscn_2048d_dual.onnx,vnncomp2023_benchmarks/benchmarks/nn4sys/vnnlib/cardinality_1_9190_2048_dual.vnnlib,1.966419211,error_exit_code_1,35.072794341
nn4sys,vnncomp2023_benchmarks/benchmarks/nn4sys/onnx/mscn_2048d_dual.onnx,vnncomp2023_benchmarks/benchmarks/nn4sys/vnnlib/cardinality_1_9820_2048_dual.vnnlib,1.972660204,error_exit_code_1,37.002369159
nn4sys,vnncomp2023_benchmarks/benchmarks/nn4sys/onnx/mscn_2048d_dual.onnx,vnncomp2023_benchmarks/benchmarks/nn4sys/vnnlib/cardinality_1_10450_2048_dual.vnnlib,1.968024001,error_exit_code_1,39.167843542
nn4sys,vnncomp2023_benchmarks/benchmarks/nn4sys/onnx/mscn_2048d_dual.onnx,vnncomp2023_benchmarks/benchmarks/nn4sys/vnnlib/cardinality_1_11080_2048_dual.vnnlib,1.962313269,error_exit_code_1,41.309905418
nn4sys,vnncomp2023_benchmarks/benchmarks/test/test_nano.onnx,vnncomp2023_benchmarks/benchmarks/test/test_nano.vnnlib,1.714985513,unsat,.963886865
