nn4sys,vnncomp2023_benchmarks/benchmarks/nn4sys/onnx/pensieve_mid_simple.onnx,vnncomp2023_benchmarks/benchmarks/nn4sys/vnnlib/pensieve_simple_0.vnnlib,8.213968772,unsat,8.094595183
nn4sys,vnncomp2023_benchmarks/benchmarks/nn4sys/onnx/pensieve_mid_simple.onnx,vnncomp2023_benchmarks/benchmarks/nn4sys/vnnlib/pensieve_simple_1.vnnlib,5.680570098,unsat,8.096634275
nn4sys,vnncomp2023_benchmarks/benchmarks/nn4sys/onnx/pensieve_small_simple.onnx,vnncomp2023_benchmarks/benchmarks/nn4sys/vnnlib/pensieve_simple_2.vnnlib,7.123800668,unsat,8.097805113
nn4sys,vnncomp2023_benchmarks/benchmarks/nn4sys/onnx/pensieve_mid_simple.onnx,vnncomp2023_benchmarks/benchmarks/nn4sys/vnnlib/pensieve_simple_3.vnnlib,5.684902671,unsat,8.098892159
nn4sys,vnncomp2023_benchmarks/benchmarks/nn4sys/onnx/pensieve_small_simple.onnx,vnncomp2023_benchmarks/benchmarks/nn4sys/vnnlib/pensieve_simple_4.vnnlib,4.664488967,unsat,8.095875464
nn4sys,vnncomp2023_benchmarks/benchmarks/nn4sys/onnx/pensieve_small_parallel.onnx,vnncomp2023_benchmarks/benchmarks/nn4sys/vnnlib/pensieve_parallel_5.vnnlib,7.003775970,run_instance_timeout,90.003273420
nn4sys,vnncomp2023_benchmarks/benchmarks/nn4sys/onnx/pensieve_big_parallel.onnx,vnncomp2023_benchmarks/benchmarks/nn4sys/vnnlib/pensieve_parallel_6.vnnlib,8.311045755,run_instance_timeout,90.003433894
nn4sys,vnncomp2023_benchmarks/benchmarks/nn4sys/onnx/pensieve_mid_simple.onnx,vnncomp2023_benchmarks/benchmarks/nn4sys/vnnlib/pensieve_simple_7.vnnlib,5.665105803,unsat,8.094454273
nn4sys,vnncomp2023_benchmarks/benchmarks/nn4sys/onnx/pensieve_big_parallel.onnx,vnncomp2023_benchmarks/benchmarks/nn4sys/vnnlib/pensieve_parallel_8.vnnlib,5.704179932,run_instance_timeout,90.003614178
nn4sys,vnncomp2023_benchmarks/benchmarks/nn4sys/onnx/pensieve_small_simple.onnx,vnncomp2023_benchmarks/benchmarks/nn4sys/vnnlib/pensieve_simple_9.vnnlib,4.706838386,unsat,8.094523283
nn4sys,vnncomp2023_benchmarks/benchmarks/nn4sys/onnx/pensieve_big_parallel.onnx,vnncomp2023_benchmarks/benchmarks/nn4sys/vnnlib/pensieve_parallel_10.vnnlib,5.760419572,run_instance_timeout,90.003554189
nn4sys,vnncomp2023_benchmarks/benchmarks/nn4sys/onnx/pensieve_mid_simple.onnx,vnncomp2023_benchmarks/benchmarks/nn4sys/vnnlib/pensieve_simple_11.vnnlib,5.623483993,unsat,8.094638271
nn4sys,vnncomp2023_benchmarks/benchmarks/nn4sys/onnx/pensieve_small_simple.onnx,vnncomp2023_benchmarks/benchmarks/nn4sys/vnnlib/pensieve_simple_12.vnnlib,4.689610622,unsat,8.096349214
nn4sys,vnncomp2023_benchmarks/benchmarks/nn4sys/onnx/pensieve_small_simple.onnx,vnncomp2023_benchmarks/benchmarks/nn4sys/vnnlib/pensieve_simple_13.vnnlib,4.622143390,unsat,8.098526167
nn4sys,vnncomp2023_benchmarks/benchmarks/nn4sys/onnx/pensieve_big_parallel.onnx,vnncomp2023_benchmarks/benchmarks/nn4sys/vnnlib/pensieve_parallel_14.vnnlib,5.772126374,run_instance_timeout,90.003352512
nn4sys,vnncomp2023_benchmarks/benchmarks/nn4sys/onnx/pensieve_small_simple.onnx,vnncomp2023_benchmarks/benchmarks/nn4sys/vnnlib/pensieve_simple_15.vnnlib,4.690001845,unsat,8.094801841
nn4sys,vnncomp2023_benchmarks/benchmarks/nn4sys/onnx/pensieve_big_parallel.onnx,vnncomp2023_benchmarks/benchmarks/nn4sys/vnnlib/pensieve_parallel_16.vnnlib,5.710870636,run_instance_timeout,90.003298509
nn4sys,vnncomp2023_benchmarks/benchmarks/nn4sys/onnx/pensieve_mid_simple.onnx,vnncomp2023_benchmarks/benchmarks/nn4sys/vnnlib/pensieve_simple_17.vnnlib,5.620149169,unsat,8.097340516
nn4sys,vnncomp2023_benchmarks/benchmarks/nn4sys/onnx/pensieve_small_simple.onnx,vnncomp2023_benchmarks/benchmarks/nn4sys/vnnlib/pensieve_simple_18.vnnlib,4.654259331,unsat,8.098339667
nn4sys,vnncomp2023_benchmarks/benchmarks/nn4sys/onnx/pensieve_small_simple.onnx,vnncomp2023_benchmarks/benchmarks/nn4sys/vnnlib/pensieve_simple_19.vnnlib,4.685046554,unsat,8.097940549
nn4sys,vnncomp2023_benchmarks/benchmarks/nn4sys/onnx/pensieve_small_simple.onnx,vnncomp2023_benchmarks/benchmarks/nn4sys/vnnlib/pensieve_simple_20.vnnlib,4.664621608,unsat,8.095415085
nn4sys,vnncomp2023_benchmarks/benchmarks/nn4sys/onnx/pensieve_big_simple.onnx,vnncomp2023_benchmarks/benchmarks/nn4sys/vnnlib/pensieve_simple_21.vnnlib,9.879475407,unsat,9.103863463
nn4sys,vnncomp2023_benchmarks/benchmarks/nn4sys/onnx/pensieve_small_simple.onnx,vnncomp2023_benchmarks/benchmarks/nn4sys/vnnlib/pensieve_simple_22.vnnlib,4.654178463,unsat,8.095862100
nn4sys,vnncomp2023_benchmarks/benchmarks/nn4sys/onnx/pensieve_big_parallel.onnx,vnncomp2023_benchmarks/benchmarks/nn4sys/vnnlib/pensieve_parallel_23.vnnlib,5.690859517,run_instance_timeout,90.003524047
nn4sys,vnncomp2023_benchmarks/benchmarks/nn4sys/onnx/pensieve_small_parallel.onnx,vnncomp2023_benchmarks/benchmarks/nn4sys/vnnlib/pensieve_parallel_24.vnnlib,4.482997699,run_instance_timeout,90.003499446
nn4sys,vnncomp2023_benchmarks/benchmarks/nn4sys/onnx/pensieve_mid_simple.onnx,vnncomp2023_benchmarks/benchmarks/nn4sys/vnnlib/pensieve_simple_25.vnnlib,5.619812615,unsat,8.097511990
nn4sys,vnncomp2023_benchmarks/benchmarks/nn4sys/onnx/pensieve_big_parallel.onnx,vnncomp2023_benchmarks/benchmarks/nn4sys/vnnlib/pensieve_parallel_26.vnnlib,5.783937300,run_instance_timeout,90.003458311
nn4sys,vnncomp2023_benchmarks/benchmarks/nn4sys/onnx/pensieve_mid_simple.onnx,vnncomp2023_benchmarks/benchmarks/nn4sys/vnnlib/pensieve_simple_27.vnnlib,5.601309546,unsat,8.094964628
nn4sys,vnncomp2023_benchmarks/benchmarks/nn4sys/onnx/pensieve_small_parallel.onnx,vnncomp2023_benchmarks/benchmarks/nn4sys/vnnlib/pensieve_parallel_28.vnnlib,4.462448887,run_instance_timeout,90.003183356
nn4sys,vnncomp2023_benchmarks/benchmarks/nn4sys/onnx/pensieve_small_simple.onnx,vnncomp2023_benchmarks/benchmarks/nn4sys/vnnlib/pensieve_simple_29.vnnlib,4.625904613,unsat,8.097357920
nn4sys,vnncomp2023_benchmarks/benchmarks/nn4sys/onnx/pensieve_small_simple.onnx,vnncomp2023_benchmarks/benchmarks/nn4sys/vnnlib/pensieve_simple_30.vnnlib,4.657829792,unsat,8.097739579
nn4sys,vnncomp2023_benchmarks/benchmarks/nn4sys/onnx/pensieve_mid_simple.onnx,vnncomp2023_benchmarks/benchmarks/nn4sys/vnnlib/pensieve_simple_31.vnnlib,5.692761400,unsat,8.096098823
nn4sys,vnncomp2023_benchmarks/benchmarks/nn4sys/onnx/pensieve_big_simple.onnx,vnncomp2023_benchmarks/benchmarks/nn4sys/vnnlib/pensieve_simple_32.vnnlib,7.254696469,unsat,9.105581810
nn4sys,vnncomp2023_benchmarks/benchmarks/nn4sys/onnx/pensieve_big_simple.onnx,vnncomp2023_benchmarks/benchmarks/nn4sys/vnnlib/pensieve_simple_33.vnnlib,7.320491558,unsat,9.102737199
nn4sys,vnncomp2023_benchmarks/benchmarks/nn4sys/onnx/pensieve_big_simple.onnx,vnncomp2023_benchmarks/benchmarks/nn4sys/vnnlib/pensieve_simple_34.vnnlib,7.243159154,unsat,9.104947866
nn4sys,vnncomp2023_benchmarks/benchmarks/nn4sys/onnx/pensieve_big_parallel.onnx,vnncomp2023_benchmarks/benchmarks/nn4sys/vnnlib/pensieve_parallel_35.vnnlib,5.789435780,run_instance_timeout,120.003610931
nn4sys,vnncomp2023_benchmarks/benchmarks/nn4sys/onnx/pensieve_big_parallel.onnx,vnncomp2023_benchmarks/benchmarks/nn4sys/vnnlib/pensieve_parallel_36.vnnlib,5.739979116,run_instance_timeout,120.003444990
nn4sys,vnncomp2023_benchmarks/benchmarks/nn4sys/onnx/pensieve_big_parallel.onnx,vnncomp2023_benchmarks/benchmarks/nn4sys/vnnlib/pensieve_parallel_37.vnnlib,5.872727261,run_instance_timeout,120.003312203
nn4sys,vnncomp2023_benchmarks/benchmarks/nn4sys/onnx/pensieve_big_parallel.onnx,vnncomp2023_benchmarks/benchmarks/nn4sys/vnnlib/pensieve_parallel_38.vnnlib,5.753861116,run_instance_timeout,120.003502514
nn4sys,vnncomp2023_benchmarks/benchmarks/nn4sys/onnx/pensieve_big_parallel.onnx,vnncomp2023_benchmarks/benchmarks/nn4sys/vnnlib/pensieve_parallel_39.vnnlib,5.818617975,run_instance_timeout,120.003656496
nn4sys,vnncomp2023_benchmarks/benchmarks/nn4sys/onnx/pensieve_big_parallel.onnx,vnncomp2023_benchmarks/benchmarks/nn4sys/vnnlib/pensieve_parallel_40.vnnlib,5.840416172,run_instance_timeout,120.003362445
nn4sys,vnncomp2023_benchmarks/benchmarks/nn4sys/onnx/pensieve_big_parallel.onnx,vnncomp2023_benchmarks/benchmarks/nn4sys/vnnlib/pensieve_parallel_41.vnnlib,5.779342464,run_instance_timeout,120.003329743
nn4sys,vnncomp2023_benchmarks/benchmarks/nn4sys/onnx/pensieve_big_parallel.onnx,vnncomp2023_benchmarks/benchmarks/nn4sys/vnnlib/pensieve_parallel_42.vnnlib,5.857007008,run_instance_timeout,120.003135159
nn4sys,vnncomp2023_benchmarks/benchmarks/nn4sys/onnx/pensieve_big_parallel.onnx,vnncomp2023_benchmarks/benchmarks/nn4sys/vnnlib/pensieve_parallel_43.vnnlib,5.710884718,run_instance_timeout,120.003349734
nn4sys,vnncomp2023_benchmarks/benchmarks/nn4sys/onnx/pensieve_big_parallel.onnx,vnncomp2023_benchmarks/benchmarks/nn4sys/vnnlib/pensieve_parallel_44.vnnlib,5.763299250,run_instance_timeout,120.003435431
nn4sys,vnncomp2023_benchmarks/benchmarks/nn4sys/onnx/pensieve_big_parallel.onnx,vnncomp2023_benchmarks/benchmarks/nn4sys/vnnlib/pensieve_parallel_45.vnnlib,5.921522052,run_instance_timeout,120.003537894
nn4sys,vnncomp2023_benchmarks/benchmarks/nn4sys/onnx/pensieve_big_parallel.onnx,vnncomp2023_benchmarks/benchmarks/nn4sys/vnnlib/pensieve_parallel_46.vnnlib,5.862339832,run_instance_timeout,120.003509712
nn4sys,vnncomp2023_benchmarks/benchmarks/nn4sys/onnx/pensieve_big_parallel.onnx,vnncomp2023_benchmarks/benchmarks/nn4sys/vnnlib/pensieve_parallel_47.vnnlib,5.840605352,run_instance_timeout,120.003465673
nn4sys,vnncomp2023_benchmarks/benchmarks/nn4sys/onnx/pensieve_big_parallel.onnx,vnncomp2023_benchmarks/benchmarks/nn4sys/vnnlib/pensieve_parallel_48.vnnlib,5.840932339,run_instance_timeout,120.003376373
nn4sys,vnncomp2023_benchmarks/benchmarks/nn4sys/onnx/pensieve_big_parallel.onnx,vnncomp2023_benchmarks/benchmarks/nn4sys/vnnlib/pensieve_parallel_49.vnnlib,5.800705612,run_instance_timeout,120.003491142
nn4sys,vnncomp2023_benchmarks/benchmarks/nn4sys/onnx/pensieve_big_parallel.onnx,vnncomp2023_benchmarks/benchmarks/nn4sys/vnnlib/pensieve_parallel_50.vnnlib,5.793807340,run_instance_timeout,120.003472838
nn4sys,vnncomp2023_benchmarks/benchmarks/nn4sys/onnx/pensieve_big_parallel.onnx,vnncomp2023_benchmarks/benchmarks/nn4sys/vnnlib/pensieve_parallel_51.vnnlib,5.771382697,run_instance_timeout,120.003388653
nn4sys,vnncomp2023_benchmarks/benchmarks/nn4sys/onnx/pensieve_big_parallel.onnx,vnncomp2023_benchmarks/benchmarks/nn4sys/vnnlib/pensieve_parallel_52.vnnlib,5.742661279,run_instance_timeout,120.003616033
nn4sys,vnncomp2023_benchmarks/benchmarks/nn4sys/onnx/pensieve_big_parallel.onnx,vnncomp2023_benchmarks/benchmarks/nn4sys/vnnlib/pensieve_parallel_53.vnnlib,5.806512661,run_instance_timeout,120.003565175
nn4sys,vnncomp2023_benchmarks/benchmarks/nn4sys/onnx/pensieve_big_parallel.onnx,vnncomp2023_benchmarks/benchmarks/nn4sys/vnnlib/pensieve_parallel_54.vnnlib,5.833012990,run_instance_timeout,120.003630641
nn4sys,vnncomp2023_benchmarks/benchmarks/nn4sys/onnx/pensieve_big_parallel.onnx,vnncomp2023_benchmarks/benchmarks/nn4sys/vnnlib/pensieve_parallel_55.vnnlib,5.694491081,run_instance_timeout,120.003328609
nn4sys,vnncomp2023_benchmarks/benchmarks/nn4sys/onnx/pensieve_big_parallel.onnx,vnncomp2023_benchmarks/benchmarks/nn4sys/vnnlib/pensieve_parallel_56.vnnlib,5.725365738,run_instance_timeout,120.003199499
nn4sys,vnncomp2023_benchmarks/benchmarks/nn4sys/onnx/pensieve_big_parallel.onnx,vnncomp2023_benchmarks/benchmarks/nn4sys/vnnlib/pensieve_parallel_57.vnnlib,5.854108829,run_instance_timeout,120.003331442
nn4sys,vnncomp2023_benchmarks/benchmarks/nn4sys/onnx/pensieve_big_parallel.onnx,vnncomp2023_benchmarks/benchmarks/nn4sys/vnnlib/pensieve_parallel_58.vnnlib,5.692167806,run_instance_timeout,120.003603366
nn4sys,vnncomp2023_benchmarks/benchmarks/nn4sys/onnx/pensieve_big_parallel.onnx,vnncomp2023_benchmarks/benchmarks/nn4sys/vnnlib/pensieve_parallel_59.vnnlib,5.868503599,run_instance_timeout,120.003482574
nn4sys,vnncomp2023_benchmarks/benchmarks/nn4sys/onnx/pensieve_big_parallel.onnx,vnncomp2023_benchmarks/benchmarks/nn4sys/vnnlib/pensieve_parallel_60.vnnlib,5.790773817,run_instance_timeout,120.003468472
nn4sys,vnncomp2023_benchmarks/benchmarks/nn4sys/onnx/pensieve_big_parallel.onnx,vnncomp2023_benchmarks/benchmarks/nn4sys/vnnlib/pensieve_parallel_61.vnnlib,5.735178749,run_instance_timeout,120.003438851
nn4sys,vnncomp2023_benchmarks/benchmarks/nn4sys/onnx/pensieve_big_parallel.onnx,vnncomp2023_benchmarks/benchmarks/nn4sys/vnnlib/pensieve_parallel_62.vnnlib,5.849234298,run_instance_timeout,120.003514977
nn4sys,vnncomp2023_benchmarks/benchmarks/nn4sys/onnx/pensieve_big_parallel.onnx,vnncomp2023_benchmarks/benchmarks/nn4sys/vnnlib/pensieve_parallel_63.vnnlib,5.713046016,run_instance_timeout,120.003517023
nn4sys,vnncomp2023_benchmarks/benchmarks/nn4sys/onnx/pensieve_big_parallel.onnx,vnncomp2023_benchmarks/benchmarks/nn4sys/vnnlib/pensieve_parallel_64.vnnlib,5.792358858,run_instance_timeout,120.003217608
nn4sys,vnncomp2023_benchmarks/benchmarks/nn4sys/onnx/pensieve_big_parallel.onnx,vnncomp2023_benchmarks/benchmarks/nn4sys/vnnlib/pensieve_parallel_65.vnnlib,5.703448383,run_instance_timeout,120.003571665
nn4sys,vnncomp2023_benchmarks/benchmarks/nn4sys/onnx/pensieve_big_parallel.onnx,vnncomp2023_benchmarks/benchmarks/nn4sys/vnnlib/pensieve_parallel_66.vnnlib,5.609255427,run_instance_timeout,120.003377631
nn4sys,vnncomp2023_benchmarks/benchmarks/nn4sys/onnx/pensieve_big_parallel.onnx,vnncomp2023_benchmarks/benchmarks/nn4sys/vnnlib/pensieve_parallel_67.vnnlib,5.766586136,run_instance_timeout,120.003402450
nn4sys,vnncomp2023_benchmarks/benchmarks/nn4sys/onnx/pensieve_big_parallel.onnx,vnncomp2023_benchmarks/benchmarks/nn4sys/vnnlib/pensieve_parallel_68.vnnlib,5.716649108,run_instance_timeout,120.003235637
nn4sys,vnncomp2023_benchmarks/benchmarks/nn4sys/onnx/pensieve_big_parallel.onnx,vnncomp2023_benchmarks/benchmarks/nn4sys/vnnlib/pensieve_parallel_69.vnnlib,5.740852160,run_instance_timeout,120.003173430
nn4sys,vnncomp2023_benchmarks/benchmarks/nn4sys/onnx/pensieve_big_parallel.onnx,vnncomp2023_benchmarks/benchmarks/nn4sys/vnnlib/pensieve_parallel_70.vnnlib,5.714532445,run_instance_timeout,200.003500345
nn4sys,vnncomp2023_benchmarks/benchmarks/nn4sys/onnx/pensieve_big_parallel.onnx,vnncomp2023_benchmarks/benchmarks/nn4sys/vnnlib/pensieve_parallel_71.vnnlib,5.684682911,run_instance_timeout,200.003435255
nn4sys,vnncomp2023_benchmarks/benchmarks/nn4sys/onnx/pensieve_big_parallel.onnx,vnncomp2023_benchmarks/benchmarks/nn4sys/vnnlib/pensieve_parallel_72.vnnlib,5.688310821,run_instance_timeout,200.003380011
nn4sys,vnncomp2023_benchmarks/benchmarks/nn4sys/onnx/pensieve_big_parallel.onnx,vnncomp2023_benchmarks/benchmarks/nn4sys/vnnlib/pensieve_parallel_73.vnnlib,5.661257311,run_instance_timeout,200.003362516
nn4sys,vnncomp2023_benchmarks/benchmarks/nn4sys/onnx/pensieve_big_parallel.onnx,vnncomp2023_benchmarks/benchmarks/nn4sys/vnnlib/pensieve_parallel_74.vnnlib,5.732526518,run_instance_timeout,200.003381942
nn4sys,vnncomp2023_benchmarks/benchmarks/nn4sys/onnx/pensieve_big_parallel.onnx,vnncomp2023_benchmarks/benchmarks/nn4sys/vnnlib/pensieve_parallel_75.vnnlib,5.665472871,run_instance_timeout,200.003285095
nn4sys,vnncomp2023_benchmarks/benchmarks/nn4sys/onnx/pensieve_big_parallel.onnx,vnncomp2023_benchmarks/benchmarks/nn4sys/vnnlib/pensieve_parallel_76.vnnlib,5.854031957,run_instance_timeout,200.003451080
nn4sys,vnncomp2023_benchmarks/benchmarks/nn4sys/onnx/pensieve_big_parallel.onnx,vnncomp2023_benchmarks/benchmarks/nn4sys/vnnlib/pensieve_parallel_77.vnnlib,5.850625453,run_instance_timeout,200.003220006
nn4sys,vnncomp2023_benchmarks/benchmarks/nn4sys/onnx/pensieve_big_parallel.onnx,vnncomp2023_benchmarks/benchmarks/nn4sys/vnnlib/pensieve_parallel_78.vnnlib,5.712337954,run_instance_timeout,200.003326599
nn4sys,vnncomp2023_benchmarks/benchmarks/nn4sys/onnx/pensieve_big_parallel.onnx,vnncomp2023_benchmarks/benchmarks/nn4sys/vnnlib/pensieve_parallel_79.vnnlib,5.741478433,run_instance_timeout,200.003470117
nn4sys,vnncomp2023_benchmarks/benchmarks/nn4sys/onnx/pensieve_big_parallel.onnx,vnncomp2023_benchmarks/benchmarks/nn4sys/vnnlib/pensieve_parallel_80.vnnlib,5.739180266,run_instance_timeout,200.003349140
nn4sys,vnncomp2023_benchmarks/benchmarks/nn4sys/onnx/pensieve_big_parallel.onnx,vnncomp2023_benchmarks/benchmarks/nn4sys/vnnlib/pensieve_parallel_81.vnnlib,5.635311804,run_instance_timeout,200.003319566
nn4sys,vnncomp2023_benchmarks/benchmarks/nn4sys/onnx/pensieve_big_parallel.onnx,vnncomp2023_benchmarks/benchmarks/nn4sys/vnnlib/pensieve_parallel_82.vnnlib,5.702852651,run_instance_timeout,200.003499572
nn4sys,vnncomp2023_benchmarks/benchmarks/nn4sys/onnx/pensieve_big_parallel.onnx,vnncomp2023_benchmarks/benchmarks/nn4sys/vnnlib/pensieve_parallel_83.vnnlib,5.598683547,run_instance_timeout,200.003554371
nn4sys,vnncomp2023_benchmarks/benchmarks/nn4sys/onnx/pensieve_big_parallel.onnx,vnncomp2023_benchmarks/benchmarks/nn4sys/vnnlib/pensieve_parallel_84.vnnlib,5.839900711,run_instance_timeout,200.003603469
nn4sys,vnncomp2023_benchmarks/benchmarks/nn4sys/onnx/pensieve_big_parallel.onnx,vnncomp2023_benchmarks/benchmarks/nn4sys/vnnlib/pensieve_parallel_85.vnnlib,5.726486296,run_instance_timeout,200.003594892
nn4sys,vnncomp2023_benchmarks/benchmarks/nn4sys/onnx/pensieve_big_parallel.onnx,vnncomp2023_benchmarks/benchmarks/nn4sys/vnnlib/pensieve_parallel_86.vnnlib,5.670076085,run_instance_timeout,200.003385267
nn4sys,vnncomp2023_benchmarks/benchmarks/nn4sys/onnx/pensieve_big_parallel.onnx,vnncomp2023_benchmarks/benchmarks/nn4sys/vnnlib/pensieve_parallel_87.vnnlib,5.650549186,run_instance_timeout,200.003381458
nn4sys,vnncomp2023_benchmarks/benchmarks/nn4sys/onnx/pensieve_big_parallel.onnx,vnncomp2023_benchmarks/benchmarks/nn4sys/vnnlib/pensieve_parallel_88.vnnlib,5.839974033,run_instance_timeout,200.003551596
nn4sys,vnncomp2023_benchmarks/benchmarks/nn4sys/onnx/pensieve_big_parallel.onnx,vnncomp2023_benchmarks/benchmarks/nn4sys/vnnlib/pensieve_parallel_89.vnnlib,5.657252596,run_instance_timeout,200.003388804
nn4sys,vnncomp2023_benchmarks/benchmarks/nn4sys/onnx/pensieve_big_parallel.onnx,vnncomp2023_benchmarks/benchmarks/nn4sys/vnnlib/pensieve_parallel_90.vnnlib,5.730067742,run_instance_timeout,200.003159629
nn4sys,vnncomp2023_benchmarks/benchmarks/nn4sys/onnx/pensieve_big_parallel.onnx,vnncomp2023_benchmarks/benchmarks/nn4sys/vnnlib/pensieve_parallel_91.vnnlib,5.773284064,run_instance_timeout,200.003278233
nn4sys,vnncomp2023_benchmarks/benchmarks/nn4sys/onnx/pensieve_big_parallel.onnx,vnncomp2023_benchmarks/benchmarks/nn4sys/vnnlib/pensieve_parallel_92.vnnlib,5.716682153,run_instance_timeout,200.003438457
nn4sys,vnncomp2023_benchmarks/benchmarks/nn4sys/onnx/pensieve_big_parallel.onnx,vnncomp2023_benchmarks/benchmarks/nn4sys/vnnlib/pensieve_parallel_93.vnnlib,5.736291604,run_instance_timeout,200.003449036
nn4sys,vnncomp2023_benchmarks/benchmarks/nn4sys/onnx/pensieve_big_parallel.onnx,vnncomp2023_benchmarks/benchmarks/nn4sys/vnnlib/pensieve_parallel_94.vnnlib,5.728848930,run_instance_timeout,200.003599462
nn4sys,vnncomp2023_benchmarks/benchmarks/nn4sys/onnx/pensieve_big_parallel.onnx,vnncomp2023_benchmarks/benchmarks/nn4sys/vnnlib/pensieve_parallel_95.vnnlib,5.768085415,run_instance_timeout,200.003512407
nn4sys,vnncomp2023_benchmarks/benchmarks/nn4sys/onnx/pensieve_big_parallel.onnx,vnncomp2023_benchmarks/benchmarks/nn4sys/vnnlib/pensieve_parallel_96.vnnlib,5.721396924,run_instance_timeout,200.003249463
nn4sys,vnncomp2023_benchmarks/benchmarks/nn4sys/onnx/pensieve_big_parallel.onnx,vnncomp2023_benchmarks/benchmarks/nn4sys/vnnlib/pensieve_parallel_97.vnnlib,5.687391552,run_instance_timeout,200.003552938
nn4sys,vnncomp2023_benchmarks/benchmarks/nn4sys/onnx/pensieve_big_parallel.onnx,vnncomp2023_benchmarks/benchmarks/nn4sys/vnnlib/pensieve_parallel_98.vnnlib,5.716462795,run_instance_timeout,200.003522376
nn4sys,vnncomp2023_benchmarks/benchmarks/nn4sys/onnx/pensieve_big_parallel.onnx,vnncomp2023_benchmarks/benchmarks/nn4sys/vnnlib/pensieve_parallel_99.vnnlib,5.734685153,run_instance_timeout,200.003441767
nn4sys,vnncomp2023_benchmarks/benchmarks/nn4sys/onnx/pensieve_big_parallel.onnx,vnncomp2023_benchmarks/benchmarks/nn4sys/vnnlib/pensieve_parallel_100.vnnlib,5.797501176,run_instance_timeout,200.003719327
nn4sys,vnncomp2023_benchmarks/benchmarks/nn4sys/onnx/pensieve_big_parallel.onnx,vnncomp2023_benchmarks/benchmarks/nn4sys/vnnlib/pensieve_parallel_101.vnnlib,5.791447538,run_instance_timeout,200.003461816
nn4sys,vnncomp2023_benchmarks/benchmarks/nn4sys/onnx/pensieve_big_parallel.onnx,vnncomp2023_benchmarks/benchmarks/nn4sys/vnnlib/pensieve_parallel_102.vnnlib,5.617339168,run_instance_timeout,200.003589094
nn4sys,vnncomp2023_benchmarks/benchmarks/nn4sys/onnx/pensieve_big_parallel.onnx,vnncomp2023_benchmarks/benchmarks/nn4sys/vnnlib/pensieve_parallel_103.vnnlib,5.693458106,run_instance_timeout,200.003590902
nn4sys,vnncomp2023_benchmarks/benchmarks/nn4sys/onnx/pensieve_big_parallel.onnx,vnncomp2023_benchmarks/benchmarks/nn4sys/vnnlib/pensieve_parallel_104.vnnlib,5.766118820,run_instance_timeout,200.003746969
nn4sys,vnncomp2023_benchmarks/benchmarks/nn4sys/onnx/lindex.onnx,vnncomp2023_benchmarks/benchmarks/nn4sys/vnnlib/lindex_1.vnnlib,6.594714722,unsat,7.094681315
nn4sys,vnncomp2023_benchmarks/benchmarks/nn4sys/onnx/lindex_deep.onnx,vnncomp2023_benchmarks/benchmarks/nn4sys/vnnlib/lindex_1.vnnlib,6.697291501,unsat,8.101594846
nn4sys,vnncomp2023_benchmarks/benchmarks/nn4sys/onnx/lindex.onnx,vnncomp2023_benchmarks/benchmarks/nn4sys/vnnlib/lindex_200.vnnlib,41.948668570,unsat,22.193493358
nn4sys,vnncomp2023_benchmarks/benchmarks/nn4sys/onnx/lindex_deep.onnx,vnncomp2023_benchmarks/benchmarks/nn4sys/vnnlib/lindex_200.vnnlib,80.058736307,unsat,45.336754579
nn4sys,vnncomp2023_benchmarks/benchmarks/nn4sys/onnx/lindex.onnx,vnncomp2023_benchmarks/benchmarks/nn4sys/vnnlib/lindex_400.vnnlib,79.700526746,unsat,37.288882901
nn4sys,vnncomp2023_benchmarks/benchmarks/nn4sys/onnx/lindex_deep.onnx,vnncomp2023_benchmarks/benchmarks/nn4sys/vnnlib/lindex_400.vnnlib,150.196222091,unsat,82.568073164
nn4sys,vnncomp2023_benchmarks/benchmarks/nn4sys/onnx/lindex.onnx,vnncomp2023_benchmarks/benchmarks/nn4sys/vnnlib/lindex_600.vnnlib,121.733668831,unsat,51.370802637
nn4sys,vnncomp2023_benchmarks/benchmarks/nn4sys/onnx/lindex_deep.onnx,vnncomp2023_benchmarks/benchmarks/nn4sys/vnnlib/lindex_600.vnnlib,233.527500997,run_instance_timeout,90.006096721
nn4sys,vnncomp2023_benchmarks/benchmarks/nn4sys/onnx/lindex.onnx,vnncomp2023_benchmarks/benchmarks/nn4sys/vnnlib/lindex_800.vnnlib,156.688994389,unsat,66.464966612
nn4sys,vnncomp2023_benchmarks/benchmarks/nn4sys/onnx/lindex_deep.onnx,vnncomp2023_benchmarks/benchmarks/nn4sys/vnnlib/lindex_800.vnnlib,296.302374466,run_instance_timeout,90.006667846
nn4sys,vnncomp2023_benchmarks/benchmarks/nn4sys/onnx/lindex.onnx,vnncomp2023_benchmarks/benchmarks/nn4sys/vnnlib/lindex_1000.vnnlib,192.463399610,unsat,80.546391529
nn4sys,vnncomp2023_benchmarks/benchmarks/nn4sys/onnx/lindex_deep.onnx,vnncomp2023_benchmarks/benchmarks/nn4sys/vnnlib/lindex_1000.vnnlib,369.539721192,run_instance_timeout,90.007919397
nn4sys,vnncomp2023_benchmarks/benchmarks/nn4sys/onnx/lindex.onnx,vnncomp2023_benchmarks/benchmarks/nn4sys/vnnlib/lindex_3000.vnnlib,555.946211653,run_instance_timeout,90.008037320
nn4sys,vnncomp2023_benchmarks/benchmarks/nn4sys/onnx/lindex_deep.onnx,vnncomp2023_benchmarks/benchmarks/nn4sys/vnnlib/lindex_3000.vnnlib,600.004067305,prepare_instance_timeout,-1
nn4sys,vnncomp2023_benchmarks/benchmarks/nn4sys/onnx/lindex.onnx,vnncomp2023_benchmarks/benchmarks/nn4sys/vnnlib/lindex_5000.vnnlib,600.004088502,prepare_instance_timeout,-1
nn4sys,vnncomp2023_benchmarks/benchmarks/nn4sys/onnx/lindex_deep.onnx,vnncomp2023_benchmarks/benchmarks/nn4sys/vnnlib/lindex_5000.vnnlib,600.004020203,prepare_instance_timeout,-1
nn4sys,vnncomp2023_benchmarks/benchmarks/nn4sys/onnx/lindex.onnx,vnncomp2023_benchmarks/benchmarks/nn4sys/vnnlib/lindex_7000.vnnlib,600.004160478,prepare_instance_timeout,-1
nn4sys,vnncomp2023_benchmarks/benchmarks/nn4sys/onnx/lindex_deep.onnx,vnncomp2023_benchmarks/benchmarks/nn4sys/vnnlib/lindex_7000.vnnlib,600.004102546,prepare_instance_timeout,-1
nn4sys,vnncomp2023_benchmarks/benchmarks/nn4sys/onnx/lindex.onnx,vnncomp2023_benchmarks/benchmarks/nn4sys/vnnlib/lindex_9000.vnnlib,600.004273927,prepare_instance_timeout,-1
nn4sys,vnncomp2023_benchmarks/benchmarks/nn4sys/onnx/lindex_deep.onnx,vnncomp2023_benchmarks/benchmarks/nn4sys/vnnlib/lindex_9000.vnnlib,600.004051905,prepare_instance_timeout,-1
nn4sys,vnncomp2023_benchmarks/benchmarks/nn4sys/onnx/lindex.onnx,vnncomp2023_benchmarks/benchmarks/nn4sys/vnnlib/lindex_10000.vnnlib,600.003908703,prepare_instance_timeout,-1
nn4sys,vnncomp2023_benchmarks/benchmarks/nn4sys/onnx/lindex_deep.onnx,vnncomp2023_benchmarks/benchmarks/nn4sys/vnnlib/lindex_10000.vnnlib,600.004239502,prepare_instance_timeout,-1
nn4sys,vnncomp2023_benchmarks/benchmarks/nn4sys/onnx/lindex.onnx,vnncomp2023_benchmarks/benchmarks/nn4sys/vnnlib/lindex_60000.vnnlib,600.003987819,prepare_instance_timeout,-1
nn4sys,vnncomp2023_benchmarks/benchmarks/nn4sys/onnx/lindex_deep.onnx,vnncomp2023_benchmarks/benchmarks/nn4sys/vnnlib/lindex_60000.vnnlib,600.003968610,prepare_instance_timeout,-1
nn4sys,vnncomp2023_benchmarks/benchmarks/nn4sys/onnx/mscn_128d.onnx,vnncomp2023_benchmarks/benchmarks/nn4sys/vnnlib/cardinality_0_1_128.vnnlib,6.593264005,run_instance_timeout,80.005276883
nn4sys,vnncomp2023_benchmarks/benchmarks/nn4sys/onnx/mscn_128d.onnx,vnncomp2023_benchmarks/benchmarks/nn4sys/vnnlib/cardinality_0_500_128.vnnlib,5.791974347,run_instance_timeout,80.005147987
nn4sys,vnncomp2023_benchmarks/benchmarks/nn4sys/onnx/mscn_128d.onnx,vnncomp2023_benchmarks/benchmarks/nn4sys/vnnlib/cardinality_0_750_128.vnnlib,6.568961051,run_instance_timeout,80.005172509
nn4sys,vnncomp2023_benchmarks/benchmarks/nn4sys/onnx/mscn_128d.onnx,vnncomp2023_benchmarks/benchmarks/nn4sys/vnnlib/cardinality_0_1000_128.vnnlib,7.465795937,run_instance_timeout,80.004983739
nn4sys,vnncomp2023_benchmarks/benchmarks/nn4sys/onnx/mscn_128d.onnx,vnncomp2023_benchmarks/benchmarks/nn4sys/vnnlib/cardinality_0_2120_128.vnnlib,11.434128644,run_instance_timeout,90.005029827
nn4sys,vnncomp2023_benchmarks/benchmarks/nn4sys/onnx/mscn_128d.onnx,vnncomp2023_benchmarks/benchmarks/nn4sys/vnnlib/cardinality_0_2680_128.vnnlib,13.581992855,run_instance_timeout,100.005822886
nn4sys,vnncomp2023_benchmarks/benchmarks/nn4sys/onnx/mscn_128d.onnx,vnncomp2023_benchmarks/benchmarks/nn4sys/vnnlib/cardinality_0_3240_128.vnnlib,15.558910730,run_instance_timeout,110.004811074
nn4sys,vnncomp2023_benchmarks/benchmarks/nn4sys/onnx/mscn_128d.onnx,vnncomp2023_benchmarks/benchmarks/nn4sys/vnnlib/cardinality_0_3800_128.vnnlib,17.782099756,run_instance_timeout,110.005257456
nn4sys,vnncomp2023_benchmarks/benchmarks/nn4sys/onnx/mscn_128d_dual.onnx,vnncomp2023_benchmarks/benchmarks/nn4sys/vnnlib/cardinality_1_1_128_dual.vnnlib,6.692185039,run_instance_timeout,80.005342238
nn4sys,vnncomp2023_benchmarks/benchmarks/nn4sys/onnx/mscn_128d_dual.onnx,vnncomp2023_benchmarks/benchmarks/nn4sys/vnnlib/cardinality_1_240_128_dual.vnnlib,5.015707408,run_instance_timeout,80.004976318
nn4sys,vnncomp2023_benchmarks/benchmarks/nn4sys/onnx/mscn_128d_dual.onnx,vnncomp2023_benchmarks/benchmarks/nn4sys/vnnlib/cardinality_1_360_128_dual.vnnlib,5.343530200,run_instance_timeout,100.005040825
nn4sys,vnncomp2023_benchmarks/benchmarks/nn4sys/onnx/mscn_128d_dual.onnx,vnncomp2023_benchmarks/benchmarks/nn4sys/vnnlib/cardinality_1_480_128_dual.vnnlib,5.762326311,run_instance_timeout,100.005197190
nn4sys,vnncomp2023_benchmarks/benchmarks/nn4sys/onnx/mscn_128d_dual.onnx,vnncomp2023_benchmarks/benchmarks/nn4sys/vnnlib/cardinality_1_600_128_dual.vnnlib,6.227678465,run_instance_timeout,100.005352448
nn4sys,vnncomp2023_benchmarks/benchmarks/nn4sys/onnx/mscn_128d_dual.onnx,vnncomp2023_benchmarks/benchmarks/nn4sys/vnnlib/cardinality_1_720_128_dual.vnnlib,6.587530400,run_instance_timeout,120.004953555
nn4sys,vnncomp2023_benchmarks/benchmarks/nn4sys/onnx/mscn_128d_dual.onnx,vnncomp2023_benchmarks/benchmarks/nn4sys/vnnlib/cardinality_1_840_128_dual.vnnlib,6.992295075,run_instance_timeout,120.004964201
nn4sys,vnncomp2023_benchmarks/benchmarks/nn4sys/onnx/mscn_128d_dual.onnx,vnncomp2023_benchmarks/benchmarks/nn4sys/vnnlib/cardinality_1_960_128_dual.vnnlib,7.564540626,run_instance_timeout,120.005452916
nn4sys,vnncomp2023_benchmarks/benchmarks/nn4sys/onnx/mscn_128d_dual.onnx,vnncomp2023_benchmarks/benchmarks/nn4sys/vnnlib/cardinality_1_2260_128_dual.vnnlib,12.456796269,run_instance_timeout,160.005241755
nn4sys,vnncomp2023_benchmarks/benchmarks/nn4sys/onnx/mscn_128d_dual.onnx,vnncomp2023_benchmarks/benchmarks/nn4sys/vnnlib/cardinality_1_2890_128_dual.vnnlib,14.863656444,run_instance_timeout,160.005369929
nn4sys,vnncomp2023_benchmarks/benchmarks/nn4sys/onnx/mscn_128d_dual.onnx,vnncomp2023_benchmarks/benchmarks/nn4sys/vnnlib/cardinality_1_3520_128_dual.vnnlib,17.120648166,run_instance_timeout,180.005068095
nn4sys,vnncomp2023_benchmarks/benchmarks/nn4sys/onnx/mscn_128d_dual.onnx,vnncomp2023_benchmarks/benchmarks/nn4sys/vnnlib/cardinality_1_4150_128_dual.vnnlib,19.448067588,run_instance_timeout,200.004945568
nn4sys,vnncomp2023_benchmarks/benchmarks/nn4sys/onnx/mscn_128d_dual.onnx,vnncomp2023_benchmarks/benchmarks/nn4sys/vnnlib/cardinality_1_4780_128_dual.vnnlib,21.789512311,run_instance_timeout,200.005327728
nn4sys,vnncomp2023_benchmarks/benchmarks/nn4sys/onnx/mscn_128d_dual.onnx,vnncomp2023_benchmarks/benchmarks/nn4sys/vnnlib/cardinality_1_5410_128_dual.vnnlib,24.205605374,run_instance_timeout,200.005134342
nn4sys,vnncomp2023_benchmarks/benchmarks/nn4sys/onnx/mscn_128d_dual.onnx,vnncomp2023_benchmarks/benchmarks/nn4sys/vnnlib/cardinality_1_6040_128_dual.vnnlib,26.280143146,run_instance_timeout,220.005069026
nn4sys,vnncomp2023_benchmarks/benchmarks/nn4sys/onnx/mscn_128d_dual.onnx,vnncomp2023_benchmarks/benchmarks/nn4sys/vnnlib/cardinality_1_6670_128_dual.vnnlib,28.881886297,run_instance_timeout,220.004732754
nn4sys,vnncomp2023_benchmarks/benchmarks/nn4sys/onnx/mscn_128d_dual.onnx,vnncomp2023_benchmarks/benchmarks/nn4sys/vnnlib/cardinality_1_7300_128_dual.vnnlib,31.229831476,run_instance_timeout,220.004919257
nn4sys,vnncomp2023_benchmarks/benchmarks/nn4sys/onnx/mscn_128d_dual.onnx,vnncomp2023_benchmarks/benchmarks/nn4sys/vnnlib/cardinality_1_7930_128_dual.vnnlib,34.273985764,run_instance_timeout,240.005376644
nn4sys,vnncomp2023_benchmarks/benchmarks/nn4sys/onnx/mscn_128d_dual.onnx,vnncomp2023_benchmarks/benchmarks/nn4sys/vnnlib/cardinality_1_8560_128_dual.vnnlib,36.438102300,run_instance_timeout,240.005001832
nn4sys,vnncomp2023_benchmarks/benchmarks/nn4sys/onnx/mscn_128d_dual.onnx,vnncomp2023_benchmarks/benchmarks/nn4sys/vnnlib/cardinality_1_9190_128_dual.vnnlib,38.965419170,run_instance_timeout,240.005366165
nn4sys,vnncomp2023_benchmarks/benchmarks/nn4sys/onnx/mscn_128d_dual.onnx,vnncomp2023_benchmarks/benchmarks/nn4sys/vnnlib/cardinality_1_9820_128_dual.vnnlib,40.824712130,run_instance_timeout,260.005024259
nn4sys,vnncomp2023_benchmarks/benchmarks/nn4sys/onnx/mscn_128d_dual.onnx,vnncomp2023_benchmarks/benchmarks/nn4sys/vnnlib/cardinality_1_10450_128_dual.vnnlib,43.771559011,run_instance_timeout,260.005200883
nn4sys,vnncomp2023_benchmarks/benchmarks/nn4sys/onnx/mscn_128d_dual.onnx,vnncomp2023_benchmarks/benchmarks/nn4sys/vnnlib/cardinality_1_11080_128_dual.vnnlib,46.116656962,run_instance_timeout,460.004473160
nn4sys,vnncomp2023_benchmarks/benchmarks/nn4sys/onnx/mscn_2048d.onnx,vnncomp2023_benchmarks/benchmarks/nn4sys/vnnlib/cardinality_0_1_2048.vnnlib,27.359905636,run_instance_timeout,80.005179896
nn4sys,vnncomp2023_benchmarks/benchmarks/nn4sys/onnx/mscn_2048d.onnx,vnncomp2023_benchmarks/benchmarks/nn4sys/vnnlib/cardinality_0_500_2048.vnnlib,18.941499964,run_instance_timeout,80.005098307
nn4sys,vnncomp2023_benchmarks/benchmarks/nn4sys/onnx/mscn_2048d.onnx,vnncomp2023_benchmarks/benchmarks/nn4sys/vnnlib/cardinality_0_750_2048.vnnlib,20.092975942,run_instance_timeout,100.005138669
nn4sys,vnncomp2023_benchmarks/benchmarks/nn4sys/onnx/mscn_2048d.onnx,vnncomp2023_benchmarks/benchmarks/nn4sys/vnnlib/cardinality_0_1000_2048.vnnlib,20.571199320,run_instance_timeout,100.005190882
nn4sys,vnncomp2023_benchmarks/benchmarks/nn4sys/onnx/mscn_2048d.onnx,vnncomp2023_benchmarks/benchmarks/nn4sys/vnnlib/cardinality_0_2120_2048.vnnlib,24.818255827,run_instance_timeout,120.005234480
nn4sys,vnncomp2023_benchmarks/benchmarks/nn4sys/onnx/mscn_2048d.onnx,vnncomp2023_benchmarks/benchmarks/nn4sys/vnnlib/cardinality_0_2680_2048.vnnlib,26.622691958,run_instance_timeout,140.005182025
nn4sys,vnncomp2023_benchmarks/benchmarks/nn4sys/onnx/mscn_2048d.onnx,vnncomp2023_benchmarks/benchmarks/nn4sys/vnnlib/cardinality_0_3240_2048.vnnlib,28.713515312,run_instance_timeout,160.005603786
nn4sys,vnncomp2023_benchmarks/benchmarks/nn4sys/onnx/mscn_2048d.onnx,vnncomp2023_benchmarks/benchmarks/nn4sys/vnnlib/cardinality_0_3800_2048.vnnlib,31.016356348,run_instance_timeout,160.005148296
nn4sys,vnncomp2023_benchmarks/benchmarks/nn4sys/onnx/mscn_2048d.onnx,vnncomp2023_benchmarks/benchmarks/nn4sys/vnnlib/cardinality_0_4360_2048.vnnlib,32.828810552,run_instance_timeout,180.005452094
nn4sys,vnncomp2023_benchmarks/benchmarks/nn4sys/onnx/mscn_2048d.onnx,vnncomp2023_benchmarks/benchmarks/nn4sys/vnnlib/cardinality_0_4920_2048.vnnlib,35.072136111,run_instance_timeout,180.005544057
nn4sys,vnncomp2023_benchmarks/benchmarks/nn4sys/onnx/mscn_2048d.onnx,vnncomp2023_benchmarks/benchmarks/nn4sys/vnnlib/cardinality_0_5480_2048.vnnlib,36.824028181,run_instance_timeout,200.005435422
nn4sys,vnncomp2023_benchmarks/benchmarks/nn4sys/onnx/mscn_2048d_dual.onnx,vnncomp2023_benchmarks/benchmarks/nn4sys/vnnlib/cardinality_1_1_2048_dual.vnnlib,29.484570087,run_instance_timeout,80.004995732
nn4sys,vnncomp2023_benchmarks/benchmarks/nn4sys/onnx/mscn_2048d_dual.onnx,vnncomp2023_benchmarks/benchmarks/nn4sys/vnnlib/cardinality_1_240_2048_dual.vnnlib,19.401205290,run_instance_timeout,200.005534655
nn4sys,vnncomp2023_benchmarks/benchmarks/nn4sys/onnx/mscn_2048d_dual.onnx,vnncomp2023_benchmarks/benchmarks/nn4sys/vnnlib/cardinality_1_360_2048_dual.vnnlib,21.260132634,run_instance_timeout,220.005093560
nn4sys,vnncomp2023_benchmarks/benchmarks/nn4sys/onnx/mscn_2048d_dual.onnx,vnncomp2023_benchmarks/benchmarks/nn4sys/vnnlib/cardinality_1_480_2048_dual.vnnlib,20.002455638,run_instance_timeout,240.005511194
nn4sys,vnncomp2023_benchmarks/benchmarks/nn4sys/onnx/mscn_2048d_dual.onnx,vnncomp2023_benchmarks/benchmarks/nn4sys/vnnlib/cardinality_1_600_2048_dual.vnnlib,20.595377149,run_instance_timeout,240.005589951
nn4sys,vnncomp2023_benchmarks/benchmarks/nn4sys/onnx/mscn_2048d_dual.onnx,vnncomp2023_benchmarks/benchmarks/nn4sys/vnnlib/cardinality_1_720_2048_dual.vnnlib,20.706639459,run_instance_timeout,260.005401940
nn4sys,vnncomp2023_benchmarks/benchmarks/nn4sys/onnx/mscn_2048d_dual.onnx,vnncomp2023_benchmarks/benchmarks/nn4sys/vnnlib/cardinality_1_840_2048_dual.vnnlib,21.688641920,run_instance_timeout,260.005313571
nn4sys,vnncomp2023_benchmarks/benchmarks/nn4sys/onnx/mscn_2048d_dual.onnx,vnncomp2023_benchmarks/benchmarks/nn4sys/vnnlib/cardinality_1_960_2048_dual.vnnlib,21.738380281,run_instance_timeout,260.005470160
nn4sys,vnncomp2023_benchmarks/benchmarks/nn4sys/onnx/mscn_2048d_dual.onnx,vnncomp2023_benchmarks/benchmarks/nn4sys/vnnlib/cardinality_1_2260_2048_dual.vnnlib,26.557034721,run_instance_timeout,360.005273109
nn4sys,vnncomp2023_benchmarks/benchmarks/nn4sys/onnx/mscn_2048d_dual.onnx,vnncomp2023_benchmarks/benchmarks/nn4sys/vnnlib/cardinality_1_2890_2048_dual.vnnlib,28.978929309,run_instance_timeout,400.004977634
nn4sys,vnncomp2023_benchmarks/benchmarks/nn4sys/onnx/mscn_2048d_dual.onnx,vnncomp2023_benchmarks/benchmarks/nn4sys/vnnlib/cardinality_1_3520_2048_dual.vnnlib,31.192032993,run_instance_timeout,440.005330922
nn4sys,vnncomp2023_benchmarks/benchmarks/nn4sys/onnx/mscn_2048d_dual.onnx,vnncomp2023_benchmarks/benchmarks/nn4sys/vnnlib/cardinality_1_4150_2048_dual.vnnlib,33.389002413,run_instance_timeout,480.005449619
nn4sys,vnncomp2023_benchmarks/benchmarks/nn4sys/onnx/mscn_2048d_dual.onnx,vnncomp2023_benchmarks/benchmarks/nn4sys/vnnlib/cardinality_1_4780_2048_dual.vnnlib,36.230949682,run_instance_timeout,500.005153297
nn4sys,vnncomp2023_benchmarks/benchmarks/nn4sys/onnx/mscn_2048d_dual.onnx,vnncomp2023_benchmarks/benchmarks/nn4sys/vnnlib/cardinality_1_5410_2048_dual.vnnlib,38.314093114,run_instance_timeout,520.005174179
nn4sys,vnncomp2023_benchmarks/benchmarks/nn4sys/onnx/mscn_2048d_dual.onnx,vnncomp2023_benchmarks/benchmarks/nn4sys/vnnlib/cardinality_1_6040_2048_dual.vnnlib,40.458228173,run_instance_timeout,560.005391971
nn4sys,vnncomp2023_benchmarks/benchmarks/nn4sys/onnx/mscn_2048d_dual.onnx,vnncomp2023_benchmarks/benchmarks/nn4sys/vnnlib/cardinality_1_6670_2048_dual.vnnlib,43.171383305,run_instance_timeout,580.005340678
nn4sys,vnncomp2023_benchmarks/benchmarks/nn4sys/onnx/mscn_2048d_dual.onnx,vnncomp2023_benchmarks/benchmarks/nn4sys/vnnlib/cardinality_1_7300_2048_dual.vnnlib,45.098558701,run_instance_timeout,580.005413692
nn4sys,vnncomp2023_benchmarks/benchmarks/nn4sys/onnx/mscn_2048d_dual.onnx,vnncomp2023_benchmarks/benchmarks/nn4sys/vnnlib/cardinality_1_7930_2048_dual.vnnlib,48.343482500,run_instance_timeout,600.005911208
nn4sys,vnncomp2023_benchmarks/benchmarks/nn4sys/onnx/mscn_2048d_dual.onnx,vnncomp2023_benchmarks/benchmarks/nn4sys/vnnlib/cardinality_1_8560_2048_dual.vnnlib,50.459262473,run_instance_timeout,620.005597937
nn4sys,vnncomp2023_benchmarks/benchmarks/nn4sys/onnx/mscn_2048d_dual.onnx,vnncomp2023_benchmarks/benchmarks/nn4sys/vnnlib/cardinality_1_9190_2048_dual.vnnlib,52.538502785,run_instance_timeout,640.005686464
nn4sys,vnncomp2023_benchmarks/benchmarks/nn4sys/onnx/mscn_2048d_dual.onnx,vnncomp2023_benchmarks/benchmarks/nn4sys/vnnlib/cardinality_1_9820_2048_dual.vnnlib,55.249182367,run_instance_timeout,640.005045658
nn4sys,vnncomp2023_benchmarks/benchmarks/nn4sys/onnx/mscn_2048d_dual.onnx,vnncomp2023_benchmarks/benchmarks/nn4sys/vnnlib/cardinality_1_10450_2048_dual.vnnlib,58.138623521,run_instance_timeout,660.005009472
nn4sys,vnncomp2023_benchmarks/benchmarks/nn4sys/onnx/mscn_2048d_dual.onnx,vnncomp2023_benchmarks/benchmarks/nn4sys/vnnlib/cardinality_1_11080_2048_dual.vnnlib,60.501086476,run_instance_timeout,860.005343590
nn4sys,vnncomp2023_benchmarks/benchmarks/test/test_nano.onnx,vnncomp2023_benchmarks/benchmarks/test/test_nano.vnnlib,6.426342434,run_instance_timeout,180.004904578
