cifar2020,vnncomp2022_benchmarks/benchmarks/cifar2020/onnx/cifar10_2_255_simplified.onnx,vnncomp2022_benchmarks/benchmarks/cifar2020/vnnlib/cifar10_spec_idx_0_eps_0.00784_n1.vnnlib,1.772095340,sat,159.713918283
cifar2020,vnncomp2022_benchmarks/benchmarks/cifar2020/onnx/cifar10_2_255_simplified.onnx,vnncomp2022_benchmarks/benchmarks/cifar2020/vnnlib/cifar10_spec_idx_1_eps_0.00784_n1.vnnlib,1.746036586,unsat,17.270838219
cifar2020,vnncomp2022_benchmarks/benchmarks/cifar2020/onnx/cifar10_2_255_simplified.onnx,vnncomp2022_benchmarks/benchmarks/cifar2020/vnnlib/cifar10_spec_idx_2_eps_0.00784_n1.vnnlib,1.773271910,timeout,303.107018061
cifar2020,vnncomp2022_benchmarks/benchmarks/cifar2020/onnx/cifar10_2_255_simplified.onnx,vnncomp2022_benchmarks/benchmarks/cifar2020/vnnlib/cifar10_spec_idx_3_eps_0.00784_n1.vnnlib,1.791292472,unsat,118.349386700
cifar2020,vnncomp2022_benchmarks/benchmarks/cifar2020/onnx/cifar10_2_255_simplified.onnx,vnncomp2022_benchmarks/benchmarks/cifar2020/vnnlib/cifar10_spec_idx_4_eps_0.00784_n1.vnnlib,1.774570597,timeout,309.940180538
cifar2020,vnncomp2022_benchmarks/benchmarks/cifar2020/onnx/cifar10_2_255_simplified.onnx,vnncomp2022_benchmarks/benchmarks/cifar2020/vnnlib/cifar10_spec_idx_5_eps_0.00784_n1.vnnlib,1.763579675,unsat,193.357601083
cifar2020,vnncomp2022_benchmarks/benchmarks/cifar2020/onnx/cifar10_2_255_simplified.onnx,vnncomp2022_benchmarks/benchmarks/cifar2020/vnnlib/cifar10_spec_idx_6_eps_0.00784_n1.vnnlib,1.788891150,unsat,123.686364196
cifar2020,vnncomp2022_benchmarks/benchmarks/cifar2020/onnx/cifar10_2_255_simplified.onnx,vnncomp2022_benchmarks/benchmarks/cifar2020/vnnlib/cifar10_spec_idx_8_eps_0.00784_n1.vnnlib,1.770175023,timeout,305.141113079
cifar2020,vnncomp2022_benchmarks/benchmarks/cifar2020/onnx/cifar10_2_255_simplified.onnx,vnncomp2022_benchmarks/benchmarks/cifar2020/vnnlib/cifar10_spec_idx_9_eps_0.00784_n1.vnnlib,1.805974913,timeout,311.951097740
cifar2020,vnncomp2022_benchmarks/benchmarks/cifar2020/onnx/cifar10_2_255_simplified.onnx,vnncomp2022_benchmarks/benchmarks/cifar2020/vnnlib/cifar10_spec_idx_10_eps_0.00784_n1.vnnlib,1.770906768,unsat,110.476373699
cifar2020,vnncomp2022_benchmarks/benchmarks/cifar2020/onnx/cifar10_2_255_simplified.onnx,vnncomp2022_benchmarks/benchmarks/cifar2020/vnnlib/cifar10_spec_idx_11_eps_0.00784_n1.vnnlib,1.807677820,unsat,17.161396982
cifar2020,vnncomp2022_benchmarks/benchmarks/cifar2020/onnx/cifar10_2_255_simplified.onnx,vnncomp2022_benchmarks/benchmarks/cifar2020/vnnlib/cifar10_spec_idx_12_eps_0.00784_n1.vnnlib,1.774519179,sat,173.546862561
cifar2020,vnncomp2022_benchmarks/benchmarks/cifar2020/onnx/cifar10_2_255_simplified.onnx,vnncomp2022_benchmarks/benchmarks/cifar2020/vnnlib/cifar10_spec_idx_13_eps_0.00784_n1.vnnlib,1.776603867,unsat,17.509363115
cifar2020,vnncomp2022_benchmarks/benchmarks/cifar2020/onnx/cifar10_2_255_simplified.onnx,vnncomp2022_benchmarks/benchmarks/cifar2020/vnnlib/cifar10_spec_idx_14_eps_0.00784_n1.vnnlib,1.758272314,unsat,18.976931996
cifar2020,vnncomp2022_benchmarks/benchmarks/cifar2020/onnx/cifar10_2_255_simplified.onnx,vnncomp2022_benchmarks/benchmarks/cifar2020/vnnlib/cifar10_spec_idx_15_eps_0.00784_n1.vnnlib,1.791981423,unsat,18.461860137
cifar2020,vnncomp2022_benchmarks/benchmarks/cifar2020/onnx/cifar10_2_255_simplified.onnx,vnncomp2022_benchmarks/benchmarks/cifar2020/vnnlib/cifar10_spec_idx_16_eps_0.00784_n1.vnnlib,1.785209768,timeout,303.557397676
cifar2020,vnncomp2022_benchmarks/benchmarks/cifar2020/onnx/cifar10_2_255_simplified.onnx,vnncomp2022_benchmarks/benchmarks/cifar2020/vnnlib/cifar10_spec_idx_17_eps_0.00784_n1.vnnlib,1.757814901,unsat,19.726478598
cifar2020,vnncomp2022_benchmarks/benchmarks/cifar2020/onnx/cifar10_2_255_simplified.onnx,vnncomp2022_benchmarks/benchmarks/cifar2020/vnnlib/cifar10_spec_idx_18_eps_0.00784_n1.vnnlib,1.791998648,unsat,17.760068668
cifar2020,vnncomp2022_benchmarks/benchmarks/cifar2020/onnx/cifar10_2_255_simplified.onnx,vnncomp2022_benchmarks/benchmarks/cifar2020/vnnlib/cifar10_spec_idx_19_eps_0.00784_n1.vnnlib,1.793109526,unsat,18.833990517
cifar2020,vnncomp2022_benchmarks/benchmarks/cifar2020/onnx/cifar10_2_255_simplified.onnx,vnncomp2022_benchmarks/benchmarks/cifar2020/vnnlib/cifar10_spec_idx_20_eps_0.00784_n1.vnnlib,1.771981962,unsat,126.668976961
cifar2020,vnncomp2022_benchmarks/benchmarks/cifar2020/onnx/cifar10_2_255_simplified.onnx,vnncomp2022_benchmarks/benchmarks/cifar2020/vnnlib/cifar10_spec_idx_21_eps_0.00784_n1.vnnlib,1.859913428,unsat,14.759259815
cifar2020,vnncomp2022_benchmarks/benchmarks/cifar2020/onnx/cifar10_2_255_simplified.onnx,vnncomp2022_benchmarks/benchmarks/cifar2020/vnnlib/cifar10_spec_idx_23_eps_0.00784_n1.vnnlib,1.855953587,unsat,17.888103440
cifar2020,vnncomp2022_benchmarks/benchmarks/cifar2020/onnx/cifar10_2_255_simplified.onnx,vnncomp2022_benchmarks/benchmarks/cifar2020/vnnlib/cifar10_spec_idx_25_eps_0.00784_n1.vnnlib,1.766465740,timeout,304.137443882
cifar2020,vnncomp2022_benchmarks/benchmarks/cifar2020/onnx/cifar10_2_255_simplified.onnx,vnncomp2022_benchmarks/benchmarks/cifar2020/vnnlib/cifar10_spec_idx_26_eps_0.00784_n1.vnnlib,1.772662645,timeout,303.121154690
cifar2020,vnncomp2022_benchmarks/benchmarks/cifar2020/onnx/cifar10_2_255_simplified.onnx,vnncomp2022_benchmarks/benchmarks/cifar2020/vnnlib/cifar10_spec_idx_27_eps_0.00784_n1.vnnlib,1.828562423,timeout,305.615817673
cifar2020,vnncomp2022_benchmarks/benchmarks/cifar2020/onnx/cifar10_2_255_simplified.onnx,vnncomp2022_benchmarks/benchmarks/cifar2020/vnnlib/cifar10_spec_idx_28_eps_0.00784_n1.vnnlib,1.771435096,sat,143.710964419
cifar2020,vnncomp2022_benchmarks/benchmarks/cifar2020/onnx/cifar10_2_255_simplified.onnx,vnncomp2022_benchmarks/benchmarks/cifar2020/vnnlib/cifar10_spec_idx_29_eps_0.00784_n1.vnnlib,1.832020829,unsat,18.331607205
cifar2020,vnncomp2022_benchmarks/benchmarks/cifar2020/onnx/cifar10_2_255_simplified.onnx,vnncomp2022_benchmarks/benchmarks/cifar2020/vnnlib/cifar10_spec_idx_30_eps_0.00784_n1.vnnlib,1.773730099,timeout,312.950112277
cifar2020,vnncomp2022_benchmarks/benchmarks/cifar2020/onnx/cifar10_2_255_simplified.onnx,vnncomp2022_benchmarks/benchmarks/cifar2020/vnnlib/cifar10_spec_idx_31_eps_0.00784_n1.vnnlib,1.796435397,sat,165.494292448
cifar2020,vnncomp2022_benchmarks/benchmarks/cifar2020/onnx/cifar10_2_255_simplified.onnx,vnncomp2022_benchmarks/benchmarks/cifar2020/vnnlib/cifar10_spec_idx_32_eps_0.00784_n1.vnnlib,1.755626792,timeout,310.742669904
cifar2020,vnncomp2022_benchmarks/benchmarks/cifar2020/onnx/cifar10_2_255_simplified.onnx,vnncomp2022_benchmarks/benchmarks/cifar2020/vnnlib/cifar10_spec_idx_33_eps_0.00784_n1.vnnlib,1.775834183,timeout,303.617213334
cifar2020,vnncomp2022_benchmarks/benchmarks/cifar2020/onnx/cifar10_2_255_simplified.onnx,vnncomp2022_benchmarks/benchmarks/cifar2020/vnnlib/cifar10_spec_idx_34_eps_0.00784_n1.vnnlib,1.782346584,unsat,17.437379264
cifar2020,vnncomp2022_benchmarks/benchmarks/cifar2020/onnx/cifar10_2_255_simplified.onnx,vnncomp2022_benchmarks/benchmarks/cifar2020/vnnlib/cifar10_spec_idx_36_eps_0.00784_n1.vnnlib,1.778010633,timeout,304.957715967
cifar2020,vnncomp2022_benchmarks/benchmarks/cifar2020/onnx/cifar10_2_255_simplified.onnx,vnncomp2022_benchmarks/benchmarks/cifar2020/vnnlib/cifar10_spec_idx_37_eps_0.00784_n1.vnnlib,1.770525929,sat,124.780243198
cifar2020,vnncomp2022_benchmarks/benchmarks/cifar2020/onnx/cifar10_2_255_simplified.onnx,vnncomp2022_benchmarks/benchmarks/cifar2020/vnnlib/cifar10_spec_idx_38_eps_0.00784_n1.vnnlib,1.787325840,unsat,18.120896448
cifar2020,vnncomp2022_benchmarks/benchmarks/cifar2020/onnx/cifar10_2_255_simplified.onnx,vnncomp2022_benchmarks/benchmarks/cifar2020/vnnlib/cifar10_spec_idx_39_eps_0.00784_n1.vnnlib,1.768464802,unsat,172.697802318
cifar2020,vnncomp2022_benchmarks/benchmarks/cifar2020/onnx/cifar10_2_255_simplified.onnx,vnncomp2022_benchmarks/benchmarks/cifar2020/vnnlib/cifar10_spec_idx_40_eps_0.00784_n1.vnnlib,1.773688573,unsat,17.777657888
cifar2020,vnncomp2022_benchmarks/benchmarks/cifar2020/onnx/cifar10_2_255_simplified.onnx,vnncomp2022_benchmarks/benchmarks/cifar2020/vnnlib/cifar10_spec_idx_41_eps_0.00784_n1.vnnlib,1.810085022,unsat,17.317750462
cifar2020,vnncomp2022_benchmarks/benchmarks/cifar2020/onnx/cifar10_2_255_simplified.onnx,vnncomp2022_benchmarks/benchmarks/cifar2020/vnnlib/cifar10_spec_idx_42_eps_0.00784_n1.vnnlib,1.832151362,timeout,306.827448046
cifar2020,vnncomp2022_benchmarks/benchmarks/cifar2020/onnx/cifar10_2_255_simplified.onnx,vnncomp2022_benchmarks/benchmarks/cifar2020/vnnlib/cifar10_spec_idx_43_eps_0.00784_n1.vnnlib,1.781806760,unsat,19.777763160
cifar2020,vnncomp2022_benchmarks/benchmarks/cifar2020/onnx/cifar10_2_255_simplified.onnx,vnncomp2022_benchmarks/benchmarks/cifar2020/vnnlib/cifar10_spec_idx_44_eps_0.00784_n1.vnnlib,1.790614924,unsat,16.907534359
cifar2020,vnncomp2022_benchmarks/benchmarks/cifar2020/onnx/cifar10_2_255_simplified.onnx,vnncomp2022_benchmarks/benchmarks/cifar2020/vnnlib/cifar10_spec_idx_45_eps_0.00784_n1.vnnlib,1.748675242,unsat,17.678497979
cifar2020,vnncomp2022_benchmarks/benchmarks/cifar2020/onnx/cifar10_2_255_simplified.onnx,vnncomp2022_benchmarks/benchmarks/cifar2020/vnnlib/cifar10_spec_idx_46_eps_0.00784_n1.vnnlib,1.769582772,unsat,144.147104862
cifar2020,vnncomp2022_benchmarks/benchmarks/cifar2020/onnx/cifar10_2_255_simplified.onnx,vnncomp2022_benchmarks/benchmarks/cifar2020/vnnlib/cifar10_spec_idx_48_eps_0.00784_n1.vnnlib,1.790718296,timeout,305.661426097
cifar2020,vnncomp2022_benchmarks/benchmarks/cifar2020/onnx/cifar10_2_255_simplified.onnx,vnncomp2022_benchmarks/benchmarks/cifar2020/vnnlib/cifar10_spec_idx_50_eps_0.00784_n1.vnnlib,1.788773769,timeout,307.284518986
cifar2020,vnncomp2022_benchmarks/benchmarks/cifar2020/onnx/cifar10_2_255_simplified.onnx,vnncomp2022_benchmarks/benchmarks/cifar2020/vnnlib/cifar10_spec_idx_51_eps_0.00784_n1.vnnlib,1.753458820,timeout,313.067860188
cifar2020,vnncomp2022_benchmarks/benchmarks/cifar2020/onnx/cifar10_2_255_simplified.onnx,vnncomp2022_benchmarks/benchmarks/cifar2020/vnnlib/cifar10_spec_idx_53_eps_0.00784_n1.vnnlib,1.779360086,timeout,303.930583867
cifar2020,vnncomp2022_benchmarks/benchmarks/cifar2020/onnx/cifar10_2_255_simplified.onnx,vnncomp2022_benchmarks/benchmarks/cifar2020/vnnlib/cifar10_spec_idx_54_eps_0.00784_n1.vnnlib,1.762842327,unsat,17.364480492
cifar2020,vnncomp2022_benchmarks/benchmarks/cifar2020/onnx/cifar10_2_255_simplified.onnx,vnncomp2022_benchmarks/benchmarks/cifar2020/vnnlib/cifar10_spec_idx_55_eps_0.00784_n1.vnnlib,1.760014127,unsat,16.975499354
cifar2020,vnncomp2022_benchmarks/benchmarks/cifar2020/onnx/cifar10_2_255_simplified.onnx,vnncomp2022_benchmarks/benchmarks/cifar2020/vnnlib/cifar10_spec_idx_60_eps_0.00784_n1.vnnlib,1.771243125,unsat,18.025198412
cifar2020,vnncomp2022_benchmarks/benchmarks/cifar2020/onnx/cifar10_2_255_simplified.onnx,vnncomp2022_benchmarks/benchmarks/cifar2020/vnnlib/cifar10_spec_idx_62_eps_0.00784_n1.vnnlib,1.762925404,unsat,17.093485503
cifar2020,vnncomp2022_benchmarks/benchmarks/cifar2020/onnx/cifar10_2_255_simplified.onnx,vnncomp2022_benchmarks/benchmarks/cifar2020/vnnlib/cifar10_spec_idx_64_eps_0.00784_n1.vnnlib,1.778582095,timeout,303.226524978
cifar2020,vnncomp2022_benchmarks/benchmarks/cifar2020/onnx/cifar10_2_255_simplified.onnx,vnncomp2022_benchmarks/benchmarks/cifar2020/vnnlib/cifar10_spec_idx_65_eps_0.00784_n1.vnnlib,1.891546095,sat,200.159220917
cifar2020,vnncomp2022_benchmarks/benchmarks/cifar2020/onnx/cifar10_2_255_simplified.onnx,vnncomp2022_benchmarks/benchmarks/cifar2020/vnnlib/cifar10_spec_idx_66_eps_0.00784_n1.vnnlib,1.770929663,timeout,308.382920148
cifar2020,vnncomp2022_benchmarks/benchmarks/cifar2020/onnx/cifar10_2_255_simplified.onnx,vnncomp2022_benchmarks/benchmarks/cifar2020/vnnlib/cifar10_spec_idx_67_eps_0.00784_n1.vnnlib,1.780400032,unsat,16.485967981
cifar2020,vnncomp2022_benchmarks/benchmarks/cifar2020/onnx/cifar10_2_255_simplified.onnx,vnncomp2022_benchmarks/benchmarks/cifar2020/vnnlib/cifar10_spec_idx_68_eps_0.00784_n1.vnnlib,1.770998650,timeout,305.137201391
cifar2020,vnncomp2022_benchmarks/benchmarks/cifar2020/onnx/cifar10_2_255_simplified.onnx,vnncomp2022_benchmarks/benchmarks/cifar2020/vnnlib/cifar10_spec_idx_71_eps_0.00784_n1.vnnlib,1.768269564,timeout,310.318416643
cifar2020,vnncomp2022_benchmarks/benchmarks/cifar2020/onnx/cifar10_2_255_simplified.onnx,vnncomp2022_benchmarks/benchmarks/cifar2020/vnnlib/cifar10_spec_idx_72_eps_0.00784_n1.vnnlib,1.799536428,unsat,16.647172931
cifar2020,vnncomp2022_benchmarks/benchmarks/cifar2020/onnx/cifar10_2_255_simplified.onnx,vnncomp2022_benchmarks/benchmarks/cifar2020/vnnlib/cifar10_spec_idx_73_eps_0.00784_n1.vnnlib,1.772878136,unsat,17.622967492
cifar2020,vnncomp2022_benchmarks/benchmarks/cifar2020/onnx/cifar10_2_255_simplified.onnx,vnncomp2022_benchmarks/benchmarks/cifar2020/vnnlib/cifar10_spec_idx_74_eps_0.00784_n1.vnnlib,1.764295266,timeout,306.532846766
cifar2020,vnncomp2022_benchmarks/benchmarks/cifar2020/onnx/cifar10_2_255_simplified.onnx,vnncomp2022_benchmarks/benchmarks/cifar2020/vnnlib/cifar10_spec_idx_75_eps_0.00784_n1.vnnlib,1.767330953,unsat,17.673983495
cifar2020,vnncomp2022_benchmarks/benchmarks/cifar2020/onnx/cifar10_2_255_simplified.onnx,vnncomp2022_benchmarks/benchmarks/cifar2020/vnnlib/cifar10_spec_idx_76_eps_0.00784_n1.vnnlib,1.750674718,timeout,308.773619218
cifar2020,vnncomp2022_benchmarks/benchmarks/cifar2020/onnx/cifar10_2_255_simplified.onnx,vnncomp2022_benchmarks/benchmarks/cifar2020/vnnlib/cifar10_spec_idx_77_eps_0.00784_n1.vnnlib,1.755691499,timeout,312.949972557
cifar2020,vnncomp2022_benchmarks/benchmarks/cifar2020/onnx/cifar10_2_255_simplified.onnx,vnncomp2022_benchmarks/benchmarks/cifar2020/vnnlib/cifar10_spec_idx_78_eps_0.00784_n1.vnnlib,1.767403149,unsat,135.793636218
cifar2020,vnncomp2022_benchmarks/benchmarks/cifar2020/onnx/cifar10_2_255_simplified.onnx,vnncomp2022_benchmarks/benchmarks/cifar2020/vnnlib/cifar10_spec_idx_79_eps_0.00784_n1.vnnlib,1.757291097,unsat,16.362572254
cifar2020,vnncomp2022_benchmarks/benchmarks/cifar2020/onnx/cifar10_2_255_simplified.onnx,vnncomp2022_benchmarks/benchmarks/cifar2020/vnnlib/cifar10_spec_idx_80_eps_0.00784_n1.vnnlib,1.788708438,unsat,17.179277160
cifar2020,vnncomp2022_benchmarks/benchmarks/cifar2020/onnx/cifar10_2_255_simplified.onnx,vnncomp2022_benchmarks/benchmarks/cifar2020/vnnlib/cifar10_spec_idx_81_eps_0.00784_n1.vnnlib,1.779001162,unsat,16.839702459
cifar2020,vnncomp2022_benchmarks/benchmarks/cifar2020/onnx/cifar10_2_255_simplified.onnx,vnncomp2022_benchmarks/benchmarks/cifar2020/vnnlib/cifar10_spec_idx_82_eps_0.00784_n1.vnnlib,1.808978701,unsat,17.984904003
cifar2020,vnncomp2022_benchmarks/benchmarks/cifar2020/onnx/cifar10_2_255_simplified.onnx,vnncomp2022_benchmarks/benchmarks/cifar2020/vnnlib/cifar10_spec_idx_83_eps_0.00784_n1.vnnlib,1.866031709,unsat,16.736435654
cifar2020,vnncomp2022_benchmarks/benchmarks/cifar2020/onnx/cifar10_2_255_simplified.onnx,vnncomp2022_benchmarks/benchmarks/cifar2020/vnnlib/cifar10_spec_idx_84_eps_0.00784_n1.vnnlib,1.786411126,unsat,17.474284640
cifar2020,vnncomp2022_benchmarks/benchmarks/cifar2020/onnx/cifar10_2_255_simplified.onnx,vnncomp2022_benchmarks/benchmarks/cifar2020/vnnlib/cifar10_spec_idx_86_eps_0.00784_n1.vnnlib,1.755719810,timeout,307.067166014
cifar2020,vnncomp2022_benchmarks/benchmarks/cifar2020/onnx/cifar10_2_255_simplified.onnx,vnncomp2022_benchmarks/benchmarks/cifar2020/vnnlib/cifar10_spec_idx_88_eps_0.00784_n1.vnnlib,1.814759565,unsat,17.062082541
cifar2020,vnncomp2022_benchmarks/benchmarks/cifar2020/onnx/cifar10_2_255_simplified.onnx,vnncomp2022_benchmarks/benchmarks/cifar2020/vnnlib/cifar10_spec_idx_89_eps_0.00784_n1.vnnlib,1.762622357,unsat,17.993367091
cifar2020,vnncomp2022_benchmarks/benchmarks/cifar2020/onnx/cifar10_2_255_simplified.onnx,vnncomp2022_benchmarks/benchmarks/cifar2020/vnnlib/cifar10_spec_idx_90_eps_0.00784_n1.vnnlib,1.758753742,unsat,17.789610983
cifar2020,vnncomp2022_benchmarks/benchmarks/cifar2020/onnx/cifar10_2_255_simplified.onnx,vnncomp2022_benchmarks/benchmarks/cifar2020/vnnlib/cifar10_spec_idx_92_eps_0.00784_n1.vnnlib,1.779212480,unsat,16.589217186
cifar2020,vnncomp2022_benchmarks/benchmarks/cifar2020/onnx/cifar10_2_255_simplified.onnx,vnncomp2022_benchmarks/benchmarks/cifar2020/vnnlib/cifar10_spec_idx_93_eps_0.00784_n1.vnnlib,1.769539460,unsat,149.071611865
cifar2020,vnncomp2022_benchmarks/benchmarks/cifar2020/onnx/cifar10_2_255_simplified.onnx,vnncomp2022_benchmarks/benchmarks/cifar2020/vnnlib/cifar10_spec_idx_94_eps_0.00784_n1.vnnlib,1.777110285,unsat,136.684718371
cifar2020,vnncomp2022_benchmarks/benchmarks/cifar2020/onnx/cifar10_2_255_simplified.onnx,vnncomp2022_benchmarks/benchmarks/cifar2020/vnnlib/cifar10_spec_idx_95_eps_0.00784_n1.vnnlib,1.766828930,sat,211.868957605
cifar2020,vnncomp2022_benchmarks/benchmarks/cifar2020/onnx/cifar10_2_255_simplified.onnx,vnncomp2022_benchmarks/benchmarks/cifar2020/vnnlib/cifar10_spec_idx_96_eps_0.00784_n1.vnnlib,1.798798441,unsat,19.109020858
cifar2020,vnncomp2022_benchmarks/benchmarks/cifar2020/onnx/cifar10_2_255_simplified.onnx,vnncomp2022_benchmarks/benchmarks/cifar2020/vnnlib/cifar10_spec_idx_97_eps_0.00784_n1.vnnlib,1.798979240,unsat,88.535627439
cifar2020,vnncomp2022_benchmarks/benchmarks/cifar2020/onnx/cifar10_2_255_simplified.onnx,vnncomp2022_benchmarks/benchmarks/cifar2020/vnnlib/cifar10_spec_idx_98_eps_0.00784_n1.vnnlib,1.790847540,unsat,16.215177230
cifar2020,vnncomp2022_benchmarks/benchmarks/cifar2020/onnx/cifar10_2_255_simplified.onnx,vnncomp2022_benchmarks/benchmarks/cifar2020/vnnlib/cifar10_spec_idx_99_eps_0.00784_n1.vnnlib,1.762354945,unsat,17.709669955
cifar2020,vnncomp2022_benchmarks/benchmarks/cifar2020/onnx/cifar10_8_255_simplified.onnx,vnncomp2022_benchmarks/benchmarks/cifar2020/vnnlib/cifar10_spec_idx_1_eps_0.03137_n1.vnnlib,1.791616499,unsat,48.387868581
cifar2020,vnncomp2022_benchmarks/benchmarks/cifar2020/onnx/cifar10_8_255_simplified.onnx,vnncomp2022_benchmarks/benchmarks/cifar2020/vnnlib/cifar10_spec_idx_2_eps_0.03137_n1.vnnlib,1.779855497,timeout,307.489688070
cifar2020,vnncomp2022_benchmarks/benchmarks/cifar2020/onnx/cifar10_8_255_simplified.onnx,vnncomp2022_benchmarks/benchmarks/cifar2020/vnnlib/cifar10_spec_idx_4_eps_0.03137_n1.vnnlib,1.798476703,timeout,303.983950617
cifar2020,vnncomp2022_benchmarks/benchmarks/cifar2020/onnx/cifar10_8_255_simplified.onnx,vnncomp2022_benchmarks/benchmarks/cifar2020/vnnlib/cifar10_spec_idx_5_eps_0.03137_n1.vnnlib,1.761649877,timeout,303.579500193
cifar2020,vnncomp2022_benchmarks/benchmarks/cifar2020/onnx/cifar10_8_255_simplified.onnx,vnncomp2022_benchmarks/benchmarks/cifar2020/vnnlib/cifar10_spec_idx_9_eps_0.03137_n1.vnnlib,1.776221745,sat,57.253876183
cifar2020,vnncomp2022_benchmarks/benchmarks/cifar2020/onnx/cifar10_8_255_simplified.onnx,vnncomp2022_benchmarks/benchmarks/cifar2020/vnnlib/cifar10_spec_idx_10_eps_0.03137_n1.vnnlib,1.783124777,timeout,303.219380760
cifar2020,vnncomp2022_benchmarks/benchmarks/cifar2020/onnx/cifar10_8_255_simplified.onnx,vnncomp2022_benchmarks/benchmarks/cifar2020/vnnlib/cifar10_spec_idx_11_eps_0.03137_n1.vnnlib,1.824751806,timeout,302.687830104
cifar2020,vnncomp2022_benchmarks/benchmarks/cifar2020/onnx/cifar10_8_255_simplified.onnx,vnncomp2022_benchmarks/benchmarks/cifar2020/vnnlib/cifar10_spec_idx_13_eps_0.03137_n1.vnnlib,1.778404427,unsat,46.393131849
cifar2020,vnncomp2022_benchmarks/benchmarks/cifar2020/onnx/cifar10_8_255_simplified.onnx,vnncomp2022_benchmarks/benchmarks/cifar2020/vnnlib/cifar10_spec_idx_14_eps_0.03137_n1.vnnlib,1.759353730,timeout,307.966337868
cifar2020,vnncomp2022_benchmarks/benchmarks/cifar2020/onnx/cifar10_8_255_simplified.onnx,vnncomp2022_benchmarks/benchmarks/cifar2020/vnnlib/cifar10_spec_idx_15_eps_0.03137_n1.vnnlib,1.775092994,timeout,306.498745023
cifar2020,vnncomp2022_benchmarks/benchmarks/cifar2020/onnx/cifar10_8_255_simplified.onnx,vnncomp2022_benchmarks/benchmarks/cifar2020/vnnlib/cifar10_spec_idx_16_eps_0.03137_n1.vnnlib,1.775741335,unsat,7.972346904
cifar2020,vnncomp2022_benchmarks/benchmarks/cifar2020/onnx/cifar10_8_255_simplified.onnx,vnncomp2022_benchmarks/benchmarks/cifar2020/vnnlib/cifar10_spec_idx_18_eps_0.03137_n1.vnnlib,1.769594543,unsat,8.002186444
cifar2020,vnncomp2022_benchmarks/benchmarks/cifar2020/onnx/cifar10_8_255_simplified.onnx,vnncomp2022_benchmarks/benchmarks/cifar2020/vnnlib/cifar10_spec_idx_19_eps_0.03137_n1.vnnlib,1.806586316,sat,63.123272647
cifar2020,vnncomp2022_benchmarks/benchmarks/cifar2020/onnx/cifar10_8_255_simplified.onnx,vnncomp2022_benchmarks/benchmarks/cifar2020/vnnlib/cifar10_spec_idx_21_eps_0.03137_n1.vnnlib,1.782232131,unsat,7.622799871
cifar2020,vnncomp2022_benchmarks/benchmarks/cifar2020/onnx/cifar10_8_255_simplified.onnx,vnncomp2022_benchmarks/benchmarks/cifar2020/vnnlib/cifar10_spec_idx_23_eps_0.03137_n1.vnnlib,1.779002089,sat,59.135371608
cifar2020,vnncomp2022_benchmarks/benchmarks/cifar2020/onnx/cifar10_8_255_simplified.onnx,vnncomp2022_benchmarks/benchmarks/cifar2020/vnnlib/cifar10_spec_idx_28_eps_0.03137_n1.vnnlib,1.784565085,timeout,303.634488932
cifar2020,vnncomp2022_benchmarks/benchmarks/cifar2020/onnx/cifar10_8_255_simplified.onnx,vnncomp2022_benchmarks/benchmarks/cifar2020/vnnlib/cifar10_spec_idx_29_eps_0.03137_n1.vnnlib,1.768865790,unsat,53.576443313
cifar2020,vnncomp2022_benchmarks/benchmarks/cifar2020/onnx/cifar10_8_255_simplified.onnx,vnncomp2022_benchmarks/benchmarks/cifar2020/vnnlib/cifar10_spec_idx_30_eps_0.03137_n1.vnnlib,1.861259104,sat,56.064159764
cifar2020,vnncomp2022_benchmarks/benchmarks/cifar2020/onnx/cifar10_8_255_simplified.onnx,vnncomp2022_benchmarks/benchmarks/cifar2020/vnnlib/cifar10_spec_idx_32_eps_0.03137_n1.vnnlib,1.786377767,timeout,306.032767539
cifar2020,vnncomp2022_benchmarks/benchmarks/cifar2020/onnx/cifar10_8_255_simplified.onnx,vnncomp2022_benchmarks/benchmarks/cifar2020/vnnlib/cifar10_spec_idx_33_eps_0.03137_n1.vnnlib,1.790327890,sat,53.682313511
cifar2020,vnncomp2022_benchmarks/benchmarks/cifar2020/onnx/cifar10_8_255_simplified.onnx,vnncomp2022_benchmarks/benchmarks/cifar2020/vnnlib/cifar10_spec_idx_34_eps_0.03137_n1.vnnlib,1.753490610,unsat,59.002735706
cifar2020,vnncomp2022_benchmarks/benchmarks/cifar2020/onnx/cifar10_8_255_simplified.onnx,vnncomp2022_benchmarks/benchmarks/cifar2020/vnnlib/cifar10_spec_idx_38_eps_0.03137_n1.vnnlib,1.778056019,sat,58.245197718
cifar2020,vnncomp2022_benchmarks/benchmarks/cifar2020/onnx/cifar10_8_255_simplified.onnx,vnncomp2022_benchmarks/benchmarks/cifar2020/vnnlib/cifar10_spec_idx_39_eps_0.03137_n1.vnnlib,1.778603054,timeout,307.473392341
cifar2020,vnncomp2022_benchmarks/benchmarks/cifar2020/onnx/cifar10_8_255_simplified.onnx,vnncomp2022_benchmarks/benchmarks/cifar2020/vnnlib/cifar10_spec_idx_41_eps_0.03137_n1.vnnlib,1.769551528,unsat,8.116473261
cifar2020,vnncomp2022_benchmarks/benchmarks/cifar2020/onnx/cifar10_8_255_simplified.onnx,vnncomp2022_benchmarks/benchmarks/cifar2020/vnnlib/cifar10_spec_idx_44_eps_0.03137_n1.vnnlib,1.773214717,timeout,302.732872983
cifar2020,vnncomp2022_benchmarks/benchmarks/cifar2020/onnx/cifar10_8_255_simplified.onnx,vnncomp2022_benchmarks/benchmarks/cifar2020/vnnlib/cifar10_spec_idx_45_eps_0.03137_n1.vnnlib,1.776281152,timeout,303.293788192
cifar2020,vnncomp2022_benchmarks/benchmarks/cifar2020/onnx/cifar10_8_255_simplified.onnx,vnncomp2022_benchmarks/benchmarks/cifar2020/vnnlib/cifar10_spec_idx_49_eps_0.03137_n1.vnnlib,1.760997440,unsat,55.482447631
cifar2020,vnncomp2022_benchmarks/benchmarks/cifar2020/onnx/cifar10_8_255_simplified.onnx,vnncomp2022_benchmarks/benchmarks/cifar2020/vnnlib/cifar10_spec_idx_50_eps_0.03137_n1.vnnlib,1.773587697,unsat,8.114454369
cifar2020,vnncomp2022_benchmarks/benchmarks/cifar2020/onnx/cifar10_8_255_simplified.onnx,vnncomp2022_benchmarks/benchmarks/cifar2020/vnnlib/cifar10_spec_idx_51_eps_0.03137_n1.vnnlib,1.780350118,timeout,302.081715881
cifar2020,vnncomp2022_benchmarks/benchmarks/cifar2020/onnx/cifar10_8_255_simplified.onnx,vnncomp2022_benchmarks/benchmarks/cifar2020/vnnlib/cifar10_spec_idx_54_eps_0.03137_n1.vnnlib,1.760100543,unsat,50.674034754
cifar2020,vnncomp2022_benchmarks/benchmarks/cifar2020/onnx/cifar10_8_255_simplified.onnx,vnncomp2022_benchmarks/benchmarks/cifar2020/vnnlib/cifar10_spec_idx_55_eps_0.03137_n1.vnnlib,1.762650893,unsat,69.452395231
cifar2020,vnncomp2022_benchmarks/benchmarks/cifar2020/onnx/cifar10_8_255_simplified.onnx,vnncomp2022_benchmarks/benchmarks/cifar2020/vnnlib/cifar10_spec_idx_60_eps_0.03137_n1.vnnlib,1.763009042,sat,56.850681750
cifar2020,vnncomp2022_benchmarks/benchmarks/cifar2020/onnx/cifar10_8_255_simplified.onnx,vnncomp2022_benchmarks/benchmarks/cifar2020/vnnlib/cifar10_spec_idx_64_eps_0.03137_n1.vnnlib,1.802581505,timeout,307.481230447
cifar2020,vnncomp2022_benchmarks/benchmarks/cifar2020/onnx/cifar10_8_255_simplified.onnx,vnncomp2022_benchmarks/benchmarks/cifar2020/vnnlib/cifar10_spec_idx_66_eps_0.03137_n1.vnnlib,1.844861990,timeout,303.852494935
cifar2020,vnncomp2022_benchmarks/benchmarks/cifar2020/onnx/cifar10_8_255_simplified.onnx,vnncomp2022_benchmarks/benchmarks/cifar2020/vnnlib/cifar10_spec_idx_67_eps_0.03137_n1.vnnlib,1.795225481,sat,49.785393398
cifar2020,vnncomp2022_benchmarks/benchmarks/cifar2020/onnx/cifar10_8_255_simplified.onnx,vnncomp2022_benchmarks/benchmarks/cifar2020/vnnlib/cifar10_spec_idx_71_eps_0.03137_n1.vnnlib,1.788002396,timeout,303.447933278
cifar2020,vnncomp2022_benchmarks/benchmarks/cifar2020/onnx/cifar10_8_255_simplified.onnx,vnncomp2022_benchmarks/benchmarks/cifar2020/vnnlib/cifar10_spec_idx_72_eps_0.03137_n1.vnnlib,1.788748992,timeout,302.834669062
cifar2020,vnncomp2022_benchmarks/benchmarks/cifar2020/onnx/cifar10_8_255_simplified.onnx,vnncomp2022_benchmarks/benchmarks/cifar2020/vnnlib/cifar10_spec_idx_73_eps_0.03137_n1.vnnlib,1.786072612,timeout,310.550588627
cifar2020,vnncomp2022_benchmarks/benchmarks/cifar2020/onnx/cifar10_8_255_simplified.onnx,vnncomp2022_benchmarks/benchmarks/cifar2020/vnnlib/cifar10_spec_idx_74_eps_0.03137_n1.vnnlib,1.885002644,sat,50.385393337
cifar2020,vnncomp2022_benchmarks/benchmarks/cifar2020/onnx/cifar10_8_255_simplified.onnx,vnncomp2022_benchmarks/benchmarks/cifar2020/vnnlib/cifar10_spec_idx_76_eps_0.03137_n1.vnnlib,1.813021181,timeout,304.613794994
cifar2020,vnncomp2022_benchmarks/benchmarks/cifar2020/onnx/cifar10_8_255_simplified.onnx,vnncomp2022_benchmarks/benchmarks/cifar2020/vnnlib/cifar10_spec_idx_79_eps_0.03137_n1.vnnlib,1.785913078,sat,44.184896754
cifar2020,vnncomp2022_benchmarks/benchmarks/cifar2020/onnx/cifar10_8_255_simplified.onnx,vnncomp2022_benchmarks/benchmarks/cifar2020/vnnlib/cifar10_spec_idx_80_eps_0.03137_n1.vnnlib,1.779324808,timeout,302.857658446
cifar2020,vnncomp2022_benchmarks/benchmarks/cifar2020/onnx/cifar10_8_255_simplified.onnx,vnncomp2022_benchmarks/benchmarks/cifar2020/vnnlib/cifar10_spec_idx_81_eps_0.03137_n1.vnnlib,1.784522544,unsat,7.987112034
cifar2020,vnncomp2022_benchmarks/benchmarks/cifar2020/onnx/cifar10_8_255_simplified.onnx,vnncomp2022_benchmarks/benchmarks/cifar2020/vnnlib/cifar10_spec_idx_82_eps_0.03137_n1.vnnlib,1.779061258,unsat,8.208212978
cifar2020,vnncomp2022_benchmarks/benchmarks/cifar2020/onnx/cifar10_8_255_simplified.onnx,vnncomp2022_benchmarks/benchmarks/cifar2020/vnnlib/cifar10_spec_idx_83_eps_0.03137_n1.vnnlib,1.778369960,sat,49.135643402
cifar2020,vnncomp2022_benchmarks/benchmarks/cifar2020/onnx/cifar10_8_255_simplified.onnx,vnncomp2022_benchmarks/benchmarks/cifar2020/vnnlib/cifar10_spec_idx_84_eps_0.03137_n1.vnnlib,1.810589741,timeout,302.757920762
cifar2020,vnncomp2022_benchmarks/benchmarks/cifar2020/onnx/cifar10_8_255_simplified.onnx,vnncomp2022_benchmarks/benchmarks/cifar2020/vnnlib/cifar10_spec_idx_86_eps_0.03137_n1.vnnlib,1.797119423,timeout,303.059413810
cifar2020,vnncomp2022_benchmarks/benchmarks/cifar2020/onnx/cifar10_8_255_simplified.onnx,vnncomp2022_benchmarks/benchmarks/cifar2020/vnnlib/cifar10_spec_idx_88_eps_0.03137_n1.vnnlib,1.790464922,timeout,306.723360744
cifar2020,vnncomp2022_benchmarks/benchmarks/cifar2020/onnx/cifar10_8_255_simplified.onnx,vnncomp2022_benchmarks/benchmarks/cifar2020/vnnlib/cifar10_spec_idx_89_eps_0.03137_n1.vnnlib,1.786457082,timeout,306.907876900
cifar2020,vnncomp2022_benchmarks/benchmarks/cifar2020/onnx/cifar10_8_255_simplified.onnx,vnncomp2022_benchmarks/benchmarks/cifar2020/vnnlib/cifar10_spec_idx_90_eps_0.03137_n1.vnnlib,1.781754027,sat,62.294361646
cifar2020,vnncomp2022_benchmarks/benchmarks/cifar2020/onnx/cifar10_8_255_simplified.onnx,vnncomp2022_benchmarks/benchmarks/cifar2020/vnnlib/cifar10_spec_idx_92_eps_0.03137_n1.vnnlib,1.790543355,unsat,7.821742148
cifar2020,vnncomp2022_benchmarks/benchmarks/cifar2020/onnx/cifar10_8_255_simplified.onnx,vnncomp2022_benchmarks/benchmarks/cifar2020/vnnlib/cifar10_spec_idx_95_eps_0.03137_n1.vnnlib,1.759730781,timeout,303.628784298
cifar2020,vnncomp2022_benchmarks/benchmarks/cifar2020/onnx/cifar10_8_255_simplified.onnx,vnncomp2022_benchmarks/benchmarks/cifar2020/vnnlib/cifar10_spec_idx_96_eps_0.03137_n1.vnnlib,1.775461227,timeout,306.709511585
cifar2020,vnncomp2022_benchmarks/benchmarks/cifar2020/onnx/cifar10_8_255_simplified.onnx,vnncomp2022_benchmarks/benchmarks/cifar2020/vnnlib/cifar10_spec_idx_97_eps_0.03137_n1.vnnlib,1.859067273,timeout,302.934760687
cifar2020,vnncomp2022_benchmarks/benchmarks/cifar2020/onnx/cifar10_8_255_simplified.onnx,vnncomp2022_benchmarks/benchmarks/cifar2020/vnnlib/cifar10_spec_idx_98_eps_0.03137_n1.vnnlib,1.814076145,unsat,7.607070920
cifar2020,vnncomp2022_benchmarks/benchmarks/cifar2020/onnx/cifar10_8_255_simplified.onnx,vnncomp2022_benchmarks/benchmarks/cifar2020/vnnlib/cifar10_spec_idx_99_eps_0.03137_n1.vnnlib,1.776158505,timeout,304.288068527
cifar2020,vnncomp2022_benchmarks/benchmarks/cifar2020/onnx/convBigRELU__PGD.onnx,vnncomp2022_benchmarks/benchmarks/cifar2020/vnnlib/cifar10_spec_idx_1_eps_0.00784.vnnlib,1.855749174,error_exit_code_1,1.094873789
cifar2020,vnncomp2022_benchmarks/benchmarks/cifar2020/onnx/convBigRELU__PGD.onnx,vnncomp2022_benchmarks/benchmarks/cifar2020/vnnlib/cifar10_spec_idx_2_eps_0.00784.vnnlib,1.828478289,error_exit_code_1,1.091973040
cifar2020,vnncomp2022_benchmarks/benchmarks/cifar2020/onnx/convBigRELU__PGD.onnx,vnncomp2022_benchmarks/benchmarks/cifar2020/vnnlib/cifar10_spec_idx_3_eps_0.00784.vnnlib,1.794328911,error_exit_code_1,1.072436231
cifar2020,vnncomp2022_benchmarks/benchmarks/cifar2020/onnx/convBigRELU__PGD.onnx,vnncomp2022_benchmarks/benchmarks/cifar2020/vnnlib/cifar10_spec_idx_4_eps_0.00784.vnnlib,1.808740105,error_exit_code_1,1.085690382
cifar2020,vnncomp2022_benchmarks/benchmarks/cifar2020/onnx/convBigRELU__PGD.onnx,vnncomp2022_benchmarks/benchmarks/cifar2020/vnnlib/cifar10_spec_idx_5_eps_0.00784.vnnlib,1.854582421,error_exit_code_1,1.092982047
cifar2020,vnncomp2022_benchmarks/benchmarks/cifar2020/onnx/convBigRELU__PGD.onnx,vnncomp2022_benchmarks/benchmarks/cifar2020/vnnlib/cifar10_spec_idx_9_eps_0.00784.vnnlib,1.826296576,error_exit_code_1,1.067925341
cifar2020,vnncomp2022_benchmarks/benchmarks/cifar2020/onnx/convBigRELU__PGD.onnx,vnncomp2022_benchmarks/benchmarks/cifar2020/vnnlib/cifar10_spec_idx_10_eps_0.00784.vnnlib,1.764981793,error_exit_code_1,1.080331393
cifar2020,vnncomp2022_benchmarks/benchmarks/cifar2020/onnx/convBigRELU__PGD.onnx,vnncomp2022_benchmarks/benchmarks/cifar2020/vnnlib/cifar10_spec_idx_11_eps_0.00784.vnnlib,1.811479317,error_exit_code_1,1.099108378
cifar2020,vnncomp2022_benchmarks/benchmarks/cifar2020/onnx/convBigRELU__PGD.onnx,vnncomp2022_benchmarks/benchmarks/cifar2020/vnnlib/cifar10_spec_idx_13_eps_0.00784.vnnlib,1.772662897,error_exit_code_1,1.068469769
cifar2020,vnncomp2022_benchmarks/benchmarks/cifar2020/onnx/convBigRELU__PGD.onnx,vnncomp2022_benchmarks/benchmarks/cifar2020/vnnlib/cifar10_spec_idx_14_eps_0.00784.vnnlib,1.759894897,error_exit_code_1,1.069473919
cifar2020,vnncomp2022_benchmarks/benchmarks/cifar2020/onnx/convBigRELU__PGD.onnx,vnncomp2022_benchmarks/benchmarks/cifar2020/vnnlib/cifar10_spec_idx_15_eps_0.00784.vnnlib,1.784247228,error_exit_code_1,1.066188309
cifar2020,vnncomp2022_benchmarks/benchmarks/cifar2020/onnx/convBigRELU__PGD.onnx,vnncomp2022_benchmarks/benchmarks/cifar2020/vnnlib/cifar10_spec_idx_18_eps_0.00784.vnnlib,1.777813106,error_exit_code_1,1.068800632
cifar2020,vnncomp2022_benchmarks/benchmarks/cifar2020/onnx/convBigRELU__PGD.onnx,vnncomp2022_benchmarks/benchmarks/cifar2020/vnnlib/cifar10_spec_idx_19_eps_0.00784.vnnlib,1.780329051,error_exit_code_1,1.062826235
cifar2020,vnncomp2022_benchmarks/benchmarks/cifar2020/onnx/convBigRELU__PGD.onnx,vnncomp2022_benchmarks/benchmarks/cifar2020/vnnlib/cifar10_spec_idx_20_eps_0.00784.vnnlib,1.769216639,error_exit_code_1,1.063208473
cifar2020,vnncomp2022_benchmarks/benchmarks/cifar2020/onnx/convBigRELU__PGD.onnx,vnncomp2022_benchmarks/benchmarks/cifar2020/vnnlib/cifar10_spec_idx_21_eps_0.00784.vnnlib,1.779480890,error_exit_code_1,1.069853702
cifar2020,vnncomp2022_benchmarks/benchmarks/cifar2020/onnx/convBigRELU__PGD.onnx,vnncomp2022_benchmarks/benchmarks/cifar2020/vnnlib/cifar10_spec_idx_23_eps_0.00784.vnnlib,1.819572160,error_exit_code_1,1.167905598
cifar2020,vnncomp2022_benchmarks/benchmarks/cifar2020/onnx/convBigRELU__PGD.onnx,vnncomp2022_benchmarks/benchmarks/cifar2020/vnnlib/cifar10_spec_idx_28_eps_0.00784.vnnlib,1.823553706,error_exit_code_1,1.079788911
cifar2020,vnncomp2022_benchmarks/benchmarks/cifar2020/onnx/convBigRELU__PGD.onnx,vnncomp2022_benchmarks/benchmarks/cifar2020/vnnlib/cifar10_spec_idx_29_eps_0.00784.vnnlib,1.830209317,error_exit_code_1,1.108088429
cifar2020,vnncomp2022_benchmarks/benchmarks/cifar2020/onnx/convBigRELU__PGD.onnx,vnncomp2022_benchmarks/benchmarks/cifar2020/vnnlib/cifar10_spec_idx_30_eps_0.00784.vnnlib,1.839326898,error_exit_code_1,1.084209114
cifar2020,vnncomp2022_benchmarks/benchmarks/cifar2020/onnx/convBigRELU__PGD.onnx,vnncomp2022_benchmarks/benchmarks/cifar2020/vnnlib/cifar10_spec_idx_32_eps_0.00784.vnnlib,1.846888925,error_exit_code_1,1.094875778
cifar2020,vnncomp2022_benchmarks/benchmarks/cifar2020/onnx/convBigRELU__PGD.onnx,vnncomp2022_benchmarks/benchmarks/cifar2020/vnnlib/cifar10_spec_idx_33_eps_0.00784.vnnlib,1.818250998,error_exit_code_1,1.069793306
cifar2020,vnncomp2022_benchmarks/benchmarks/cifar2020/onnx/convBigRELU__PGD.onnx,vnncomp2022_benchmarks/benchmarks/cifar2020/vnnlib/cifar10_spec_idx_34_eps_0.00784.vnnlib,1.836445526,error_exit_code_1,1.098995933
cifar2020,vnncomp2022_benchmarks/benchmarks/cifar2020/onnx/convBigRELU__PGD.onnx,vnncomp2022_benchmarks/benchmarks/cifar2020/vnnlib/cifar10_spec_idx_37_eps_0.00784.vnnlib,1.834215247,error_exit_code_1,1.096603379
cifar2020,vnncomp2022_benchmarks/benchmarks/cifar2020/onnx/convBigRELU__PGD.onnx,vnncomp2022_benchmarks/benchmarks/cifar2020/vnnlib/cifar10_spec_idx_38_eps_0.00784.vnnlib,1.818748545,error_exit_code_1,1.063849925
cifar2020,vnncomp2022_benchmarks/benchmarks/cifar2020/onnx/convBigRELU__PGD.onnx,vnncomp2022_benchmarks/benchmarks/cifar2020/vnnlib/cifar10_spec_idx_39_eps_0.00784.vnnlib,1.769331185,error_exit_code_1,1.063437300
cifar2020,vnncomp2022_benchmarks/benchmarks/cifar2020/onnx/convBigRELU__PGD.onnx,vnncomp2022_benchmarks/benchmarks/cifar2020/vnnlib/cifar10_spec_idx_40_eps_0.00784.vnnlib,1.804572420,error_exit_code_1,1.105351986
cifar2020,vnncomp2022_benchmarks/benchmarks/cifar2020/onnx/convBigRELU__PGD.onnx,vnncomp2022_benchmarks/benchmarks/cifar2020/vnnlib/cifar10_spec_idx_41_eps_0.00784.vnnlib,1.770904901,error_exit_code_1,1.057399932
cifar2020,vnncomp2022_benchmarks/benchmarks/cifar2020/onnx/convBigRELU__PGD.onnx,vnncomp2022_benchmarks/benchmarks/cifar2020/vnnlib/cifar10_spec_idx_43_eps_0.00784.vnnlib,1.781594882,error_exit_code_1,1.076931487
cifar2020,vnncomp2022_benchmarks/benchmarks/cifar2020/onnx/convBigRELU__PGD.onnx,vnncomp2022_benchmarks/benchmarks/cifar2020/vnnlib/cifar10_spec_idx_44_eps_0.00784.vnnlib,1.783855342,error_exit_code_1,1.063365034
cifar2020,vnncomp2022_benchmarks/benchmarks/cifar2020/onnx/convBigRELU__PGD.onnx,vnncomp2022_benchmarks/benchmarks/cifar2020/vnnlib/cifar10_spec_idx_45_eps_0.00784.vnnlib,1.775187921,error_exit_code_1,1.064547349
cifar2020,vnncomp2022_benchmarks/benchmarks/cifar2020/onnx/convBigRELU__PGD.onnx,vnncomp2022_benchmarks/benchmarks/cifar2020/vnnlib/cifar10_spec_idx_50_eps_0.00784.vnnlib,1.764202130,error_exit_code_1,1.070832580
cifar2020,vnncomp2022_benchmarks/benchmarks/cifar2020/onnx/convBigRELU__PGD.onnx,vnncomp2022_benchmarks/benchmarks/cifar2020/vnnlib/cifar10_spec_idx_51_eps_0.00784.vnnlib,1.789901358,error_exit_code_1,1.078533667
cifar2020,vnncomp2022_benchmarks/benchmarks/cifar2020/onnx/convBigRELU__PGD.onnx,vnncomp2022_benchmarks/benchmarks/cifar2020/vnnlib/cifar10_spec_idx_52_eps_0.00784.vnnlib,1.784211375,error_exit_code_1,1.071730189
cifar2020,vnncomp2022_benchmarks/benchmarks/cifar2020/onnx/convBigRELU__PGD.onnx,vnncomp2022_benchmarks/benchmarks/cifar2020/vnnlib/cifar10_spec_idx_54_eps_0.00784.vnnlib,1.757331895,error_exit_code_1,1.061696650
cifar2020,vnncomp2022_benchmarks/benchmarks/cifar2020/onnx/convBigRELU__PGD.onnx,vnncomp2022_benchmarks/benchmarks/cifar2020/vnnlib/cifar10_spec_idx_55_eps_0.00784.vnnlib,1.763800501,error_exit_code_1,1.065093510
cifar2020,vnncomp2022_benchmarks/benchmarks/cifar2020/onnx/convBigRELU__PGD.onnx,vnncomp2022_benchmarks/benchmarks/cifar2020/vnnlib/cifar10_spec_idx_60_eps_0.00784.vnnlib,1.785091774,error_exit_code_1,1.067004287
cifar2020,vnncomp2022_benchmarks/benchmarks/cifar2020/onnx/convBigRELU__PGD.onnx,vnncomp2022_benchmarks/benchmarks/cifar2020/vnnlib/cifar10_spec_idx_61_eps_0.00784.vnnlib,1.796659629,error_exit_code_1,1.071671030
cifar2020,vnncomp2022_benchmarks/benchmarks/cifar2020/onnx/convBigRELU__PGD.onnx,vnncomp2022_benchmarks/benchmarks/cifar2020/vnnlib/cifar10_spec_idx_62_eps_0.00784.vnnlib,1.757701518,error_exit_code_1,1.059831232
cifar2020,vnncomp2022_benchmarks/benchmarks/cifar2020/onnx/convBigRELU__PGD.onnx,vnncomp2022_benchmarks/benchmarks/cifar2020/vnnlib/cifar10_spec_idx_64_eps_0.00784.vnnlib,1.818887050,error_exit_code_1,1.070336646
cifar2020,vnncomp2022_benchmarks/benchmarks/cifar2020/onnx/convBigRELU__PGD.onnx,vnncomp2022_benchmarks/benchmarks/cifar2020/vnnlib/cifar10_spec_idx_66_eps_0.00784.vnnlib,1.774499662,error_exit_code_1,1.079152078
cifar2020,vnncomp2022_benchmarks/benchmarks/cifar2020/onnx/convBigRELU__PGD.onnx,vnncomp2022_benchmarks/benchmarks/cifar2020/vnnlib/cifar10_spec_idx_67_eps_0.00784.vnnlib,1.753491719,error_exit_code_1,1.061174331
cifar2020,vnncomp2022_benchmarks/benchmarks/cifar2020/onnx/convBigRELU__PGD.onnx,vnncomp2022_benchmarks/benchmarks/cifar2020/vnnlib/cifar10_spec_idx_71_eps_0.00784.vnnlib,1.768040847,error_exit_code_1,1.077164811
cifar2020,vnncomp2022_benchmarks/benchmarks/cifar2020/onnx/convBigRELU__PGD.onnx,vnncomp2022_benchmarks/benchmarks/cifar2020/vnnlib/cifar10_spec_idx_72_eps_0.00784.vnnlib,1.781265907,error_exit_code_1,1.060912876
cifar2020,vnncomp2022_benchmarks/benchmarks/cifar2020/onnx/convBigRELU__PGD.onnx,vnncomp2022_benchmarks/benchmarks/cifar2020/vnnlib/cifar10_spec_idx_73_eps_0.00784.vnnlib,1.769983994,error_exit_code_1,1.064164555
cifar2020,vnncomp2022_benchmarks/benchmarks/cifar2020/onnx/convBigRELU__PGD.onnx,vnncomp2022_benchmarks/benchmarks/cifar2020/vnnlib/cifar10_spec_idx_75_eps_0.00784.vnnlib,1.767171771,error_exit_code_1,1.067195789
cifar2020,vnncomp2022_benchmarks/benchmarks/cifar2020/onnx/convBigRELU__PGD.onnx,vnncomp2022_benchmarks/benchmarks/cifar2020/vnnlib/cifar10_spec_idx_76_eps_0.00784.vnnlib,1.770489832,error_exit_code_1,1.063786411
cifar2020,vnncomp2022_benchmarks/benchmarks/cifar2020/onnx/convBigRELU__PGD.onnx,vnncomp2022_benchmarks/benchmarks/cifar2020/vnnlib/cifar10_spec_idx_78_eps_0.00784.vnnlib,1.777023690,error_exit_code_1,1.087175908
cifar2020,vnncomp2022_benchmarks/benchmarks/cifar2020/onnx/convBigRELU__PGD.onnx,vnncomp2022_benchmarks/benchmarks/cifar2020/vnnlib/cifar10_spec_idx_79_eps_0.00784.vnnlib,1.792362580,error_exit_code_1,1.074743180
cifar2020,vnncomp2022_benchmarks/benchmarks/cifar2020/onnx/convBigRELU__PGD.onnx,vnncomp2022_benchmarks/benchmarks/cifar2020/vnnlib/cifar10_spec_idx_80_eps_0.00784.vnnlib,1.773202122,error_exit_code_1,1.083750735
cifar2020,vnncomp2022_benchmarks/benchmarks/cifar2020/onnx/convBigRELU__PGD.onnx,vnncomp2022_benchmarks/benchmarks/cifar2020/vnnlib/cifar10_spec_idx_81_eps_0.00784.vnnlib,1.776742506,error_exit_code_1,1.064869939
cifar2020,vnncomp2022_benchmarks/benchmarks/cifar2020/onnx/convBigRELU__PGD.onnx,vnncomp2022_benchmarks/benchmarks/cifar2020/vnnlib/cifar10_spec_idx_82_eps_0.00784.vnnlib,1.769940551,error_exit_code_1,1.070594358
cifar2020,vnncomp2022_benchmarks/benchmarks/cifar2020/onnx/convBigRELU__PGD.onnx,vnncomp2022_benchmarks/benchmarks/cifar2020/vnnlib/cifar10_spec_idx_83_eps_0.00784.vnnlib,1.769907877,error_exit_code_1,1.077821448
cifar2020,vnncomp2022_benchmarks/benchmarks/cifar2020/onnx/convBigRELU__PGD.onnx,vnncomp2022_benchmarks/benchmarks/cifar2020/vnnlib/cifar10_spec_idx_84_eps_0.00784.vnnlib,1.778800795,error_exit_code_1,1.075090163
cifar2020,vnncomp2022_benchmarks/benchmarks/cifar2020/onnx/convBigRELU__PGD.onnx,vnncomp2022_benchmarks/benchmarks/cifar2020/vnnlib/cifar10_spec_idx_86_eps_0.00784.vnnlib,1.775202643,error_exit_code_1,1.059720342
cifar2020,vnncomp2022_benchmarks/benchmarks/cifar2020/onnx/convBigRELU__PGD.onnx,vnncomp2022_benchmarks/benchmarks/cifar2020/vnnlib/cifar10_spec_idx_88_eps_0.00784.vnnlib,1.755611796,error_exit_code_1,1.056957087
cifar2020,vnncomp2022_benchmarks/benchmarks/cifar2020/onnx/convBigRELU__PGD.onnx,vnncomp2022_benchmarks/benchmarks/cifar2020/vnnlib/cifar10_spec_idx_89_eps_0.00784.vnnlib,1.789110061,error_exit_code_1,1.067037117
cifar2020,vnncomp2022_benchmarks/benchmarks/cifar2020/onnx/convBigRELU__PGD.onnx,vnncomp2022_benchmarks/benchmarks/cifar2020/vnnlib/cifar10_spec_idx_90_eps_0.00784.vnnlib,1.755851813,error_exit_code_1,1.071942299
cifar2020,vnncomp2022_benchmarks/benchmarks/cifar2020/onnx/convBigRELU__PGD.onnx,vnncomp2022_benchmarks/benchmarks/cifar2020/vnnlib/cifar10_spec_idx_92_eps_0.00784.vnnlib,1.824735083,error_exit_code_1,1.067612574
cifar2020,vnncomp2022_benchmarks/benchmarks/cifar2020/onnx/convBigRELU__PGD.onnx,vnncomp2022_benchmarks/benchmarks/cifar2020/vnnlib/cifar10_spec_idx_93_eps_0.00784.vnnlib,1.787106171,error_exit_code_1,1.069865837
cifar2020,vnncomp2022_benchmarks/benchmarks/cifar2020/onnx/convBigRELU__PGD.onnx,vnncomp2022_benchmarks/benchmarks/cifar2020/vnnlib/cifar10_spec_idx_94_eps_0.00784.vnnlib,1.804092724,error_exit_code_1,1.066473387
cifar2020,vnncomp2022_benchmarks/benchmarks/cifar2020/onnx/convBigRELU__PGD.onnx,vnncomp2022_benchmarks/benchmarks/cifar2020/vnnlib/cifar10_spec_idx_95_eps_0.00784.vnnlib,1.768393493,error_exit_code_1,1.078101914
cifar2020,vnncomp2022_benchmarks/benchmarks/cifar2020/onnx/convBigRELU__PGD.onnx,vnncomp2022_benchmarks/benchmarks/cifar2020/vnnlib/cifar10_spec_idx_96_eps_0.00784.vnnlib,1.762127569,error_exit_code_1,1.069179196
cifar2020,vnncomp2022_benchmarks/benchmarks/cifar2020/onnx/convBigRELU__PGD.onnx,vnncomp2022_benchmarks/benchmarks/cifar2020/vnnlib/cifar10_spec_idx_97_eps_0.00784.vnnlib,1.792111373,error_exit_code_1,1.074381601
cifar2020,vnncomp2022_benchmarks/benchmarks/cifar2020/onnx/convBigRELU__PGD.onnx,vnncomp2022_benchmarks/benchmarks/cifar2020/vnnlib/cifar10_spec_idx_98_eps_0.00784.vnnlib,1.764957602,error_exit_code_1,1.054135640
cifar2020,vnncomp2022_benchmarks/benchmarks/cifar2020/onnx/convBigRELU__PGD.onnx,vnncomp2022_benchmarks/benchmarks/cifar2020/vnnlib/cifar10_spec_idx_99_eps_0.00784.vnnlib,1.777882816,error_exit_code_1,1.063074161
cifar2020,vnncomp2022_benchmarks/benchmarks/test/test_nano.onnx,vnncomp2022_benchmarks/benchmarks/test/test_nano.vnnlib,1.746154828,unsat,1.126002591
